customer_id,signup_at,region,risk_band,credit_limit_usd,status,is_confirmed_fraud
1,2025-02-17,EU,A,3250,active,False
2,2026-01-25,LATAM,B,3600,active,False
3,2025-03-21,NA,C,1550,active,False
4,2025-01-15,EU,D,900,active,False
5,2025-09-14,LATAM,D,1350,active,False
6,2026-03-10,LATAM,A,4250,active,False
7,2025-08-23,LATAM,B,3250,active,False
8,2025-01-28,EU,C,2350,active,False
9,2025-01-10,LATAM,C,1600,defaulted,False
10,2025-03-04,NA,B,3650,active,False
11,2025-08-31,NA,C,2450,active,False
12,2026-02-03,APAC,A,5500,active,False
13,2026-01-28,NA,B,3000,active,False
14,2025-08-15,NA,A,3300,active,False
15,2026-05-15,APAC,C,1850,active,False
16,2026-03-31,APAC,A,3950,active,False
17,2025-08-06,LATAM,B,2400,active,False
18,2025-06-21,NA,A,4700,active,False
19,2025-10-28,EU,A,3800,active,False
20,2025-04-12,LATAM,D,1550,defaulted,False
21,2025-08-22,LATAM,B,2250,active,False
22,2025-07-09,EU,B,3600,active,False
23,2025-04-16,EU,B,2950,active,False
24,2025-02-15,EU,B,4050,active,False
25,2026-03-20,APAC,E,550,active,False
26,2026-05-29,NA,D,1350,active,False
27,2025-12-09,NA,E,800,active,False
28,2025-10-18,NA,A,3800,active,False
29,2026-04-06,LATAM,B,2900,active,False
30,2026-03-10,EU,B,2550,active,False
31,2025-11-17,EU,B,4000,active,False
32,2025-10-28,APAC,B,2200,active,False
33,2025-09-20,APAC,B,2850,active,False
34,2026-03-03,LATAM,B,3000,active,False
35,2025-03-09,NA,B,2150,active,False
36,2026-02-24,NA,C,2000,active,False
37,2025-05-03,APAC,C,2750,active,False
38,2025-07-16,NA,B,2450,active,False
39,2025-02-27,APAC,E,700,defaulted,False
40,2025-12-11,APAC,B,3550,active,False
41,2025-04-02,EU,D,950,defaulted,False
42,2025-03-12,EU,B,3300,active,False
43,2025-10-08,EU,A,4450,active,False
44,2025-04-25,NA,B,2900,active,False
45,2025-05-07,LATAM,A,3400,active,False
46,2025-05-09,NA,D,1350,active,False
47,2025-12-13,NA,B,3600,active,False
48,2026-03-09,NA,D,1250,active,False
49,2025-09-30,APAC,A,5550,active,False
50,2025-11-24,EU,C,2000,active,False
51,2025-08-26,EU,D,1050,defaulted,False
52,2026-02-03,APAC,B,4100,active,False
53,2026-03-11,NA,C,2600,active,False
54,2025-06-01,APAC,A,3700,active,False
55,2025-01-22,NA,B,2300,active,False
56,2026-04-04,EU,D,1350,active,False
57,2026-04-21,NA,A,3750,active,False
58,2026-04-27,APAC,C,2350,active,False
59,2026-05-02,NA,A,4950,active,False
60,2025-04-15,EU,A,3250,active,False
61,2026-02-16,NA,B,2150,active,False
62,2026-05-16,NA,A,5000,active,False
63,2025-07-05,NA,D,900,active,False
64,2025-04-26,NA,A,3900,active,False
65,2026-05-15,EU,C,1450,active,False
66,2026-01-28,NA,B,3800,active,False
67,2025-06-11,NA,A,5250,active,False
68,2025-06-07,LATAM,C,1850,defaulted,False
69,2025-10-09,NA,A,3650,active,False
70,2026-03-23,NA,C,1850,active,True
71,2026-03-04,NA,C,2700,active,False
72,2025-01-25,LATAM,A,3000,active,False
73,2025-03-17,NA,D,1250,active,False
74,2025-09-18,APAC,B,3850,active,False
75,2025-01-06,LATAM,A,5350,active,False
76,2025-04-20,NA,C,1700,active,False
77,2025-09-10,NA,B,3550,active,False
78,2026-01-16,NA,E,750,active,False
79,2025-05-22,NA,B,3900,active,False
80,2025-03-04,NA,B,3450,active,False
81,2026-02-28,EU,D,950,active,False
82,2025-01-08,NA,A,3400,active,False
83,2025-04-25,NA,C,2000,defaulted,False
84,2025-10-15,NA,C,2200,active,False
85,2026-01-02,NA,D,950,active,False
86,2025-10-09,EU,C,1550,active,False
87,2026-05-04,EU,D,1000,active,False
88,2025-12-04,APAC,C,2650,defaulted,False
89,2025-12-24,APAC,C,2650,active,False
90,2025-12-05,APAC,C,1850,active,False
91,2025-04-07,EU,C,1850,active,False
92,2026-05-09,APAC,C,2100,active,False
93,2026-05-13,NA,B,2750,active,False
94,2026-05-23,EU,A,4700,active,False
95,2025-12-06,LATAM,B,2900,active,False
96,2026-05-19,NA,B,3450,active,False
97,2026-02-17,NA,E,750,active,False
98,2026-04-06,EU,C,1550,active,False
99,2025-01-23,NA,B,2950,active,False
100,2026-01-09,EU,A,3600,active,False
101,2026-01-29,NA,B,3100,active,False
102,2025-04-15,NA,A,3050,active,False
103,2026-01-26,NA,A,4300,active,False
104,2025-09-25,NA,A,4400,active,False
105,2025-04-01,NA,C,2750,active,False
106,2025-03-14,EU,C,1450,active,False
107,2025-02-23,APAC,C,2200,active,False
108,2026-04-08,NA,A,4150,active,False
109,2025-03-19,EU,B,2550,active,False
110,2026-01-25,APAC,C,2050,active,False
111,2025-09-21,NA,A,3650,active,False
112,2025-08-19,NA,D,1650,active,False
113,2025-05-25,EU,D,900,active,False
114,2026-04-15,LATAM,D,1550,active,False
115,2025-05-10,LATAM,B,4050,active,False
116,2025-06-07,APAC,B,2450,active,False
117,2025-09-19,APAC,A,3300,active,False
118,2026-05-05,APAC,B,3000,active,False
119,2025-03-17,EU,B,2400,active,False
120,2025-11-13,EU,C,1750,active,False
121,2025-04-14,NA,B,2400,active,False
122,2025-09-10,EU,B,4050,active,False
123,2025-12-11,EU,D,1250,active,False
124,2026-03-10,NA,C,2200,active,False
125,2025-06-08,EU,A,3900,active,False
126,2025-01-23,LATAM,B,4100,active,False
127,2025-10-12,LATAM,A,4650,active,False
128,2026-05-05,LATAM,B,2450,active,False
129,2025-05-18,EU,A,4750,active,False
130,2026-04-14,EU,E,850,active,False
131,2025-10-27,EU,C,1650,active,False
132,2025-10-15,NA,C,1600,active,False
133,2025-10-29,EU,B,2200,active,False
134,2025-08-15,LATAM,A,4400,active,False
135,2025-06-19,NA,B,3750,active,False
136,2026-03-03,EU,C,1800,active,False
137,2025-04-29,NA,B,4150,active,False
138,2025-12-29,NA,C,2150,active,False
139,2026-01-14,NA,B,3600,active,False
140,2026-05-07,NA,B,3850,active,False
141,2025-11-25,APAC,B,3500,active,False
142,2025-09-17,NA,A,5400,active,False
143,2025-07-19,LATAM,D,1150,active,False
144,2025-08-22,EU,B,3800,active,False
145,2026-02-11,NA,B,3350,active,False
146,2026-02-03,NA,C,2350,defaulted,False
147,2025-09-16,NA,D,1500,active,False
148,2025-12-03,NA,B,2750,active,False
149,2025-06-22,EU,C,1950,defaulted,False
150,2025-09-11,EU,D,1550,defaulted,False
151,2026-01-20,APAC,A,4650,active,False
152,2025-02-07,NA,B,2750,active,False
153,2025-08-08,EU,B,3700,active,False
154,2025-06-02,NA,B,3150,active,False
155,2025-01-16,EU,C,1550,defaulted,False
156,2025-03-13,APAC,A,4400,active,False
157,2025-09-21,NA,A,4100,active,False
158,2026-02-28,NA,D,1050,active,False
159,2026-05-16,NA,B,3450,active,False
160,2025-05-25,APAC,E,900,defaulted,False
161,2025-01-24,NA,C,1600,active,False
162,2026-04-28,NA,B,4100,active,False
163,2025-09-02,NA,B,3250,active,False
164,2025-01-23,EU,D,1450,defaulted,False
165,2026-05-26,EU,A,4950,active,False
166,2026-03-31,NA,B,3400,active,False
167,2025-08-19,APAC,A,4350,active,False
168,2025-04-19,NA,D,1600,defaulted,False
169,2025-03-18,NA,A,2950,active,False
170,2025-01-16,NA,A,5550,active,False
171,2025-09-30,NA,A,3500,active,False
172,2025-03-05,APAC,C,1800,active,False
173,2025-05-31,NA,C,1400,defaulted,False
174,2026-04-19,APAC,B,2450,active,False
175,2025-03-18,NA,A,3000,active,False
176,2025-10-03,NA,B,3450,active,False
177,2025-02-02,NA,B,2200,active,False
178,2025-08-08,NA,A,4400,active,False
179,2026-04-22,EU,C,2650,active,False
180,2025-02-28,NA,C,2650,defaulted,False
181,2025-07-10,NA,B,2950,defaulted,False
182,2025-12-26,EU,B,2300,active,False
183,2025-08-02,NA,B,2550,active,False
184,2025-04-22,APAC,D,1050,active,False
185,2025-01-11,NA,B,2850,active,False
186,2025-12-22,NA,D,1450,active,False
187,2025-07-18,APAC,C,1650,active,False
188,2025-10-23,NA,C,1650,active,False
189,2025-10-01,NA,B,3150,active,False
190,2025-07-17,NA,B,2300,active,False
191,2026-05-28,EU,A,4800,active,False
192,2026-02-28,EU,B,2100,active,False
193,2026-03-11,APAC,B,4000,active,False
194,2025-01-05,LATAM,A,3200,active,False
195,2025-03-04,NA,C,1700,active,False
196,2025-02-09,APAC,A,4000,active,False
197,2025-09-14,EU,D,1050,defaulted,False
198,2025-04-19,NA,E,650,defaulted,False
199,2026-05-17,NA,C,1900,active,False
200,2026-01-08,EU,C,1650,active,False
201,2025-03-02,APAC,B,4150,active,False
202,2025-09-12,NA,A,5000,active,False
203,2026-01-08,NA,C,2050,active,False
204,2025-03-10,NA,B,2700,active,False
205,2025-10-03,NA,B,2350,active,False
206,2026-05-19,APAC,A,3750,active,False
207,2026-01-26,EU,D,1600,active,False
208,2025-11-02,NA,A,4000,active,False
209,2025-05-16,NA,C,1700,defaulted,False
210,2026-03-25,EU,C,2750,active,False
211,2025-02-08,EU,D,1200,defaulted,False
212,2026-05-20,NA,A,4950,active,False
213,2026-01-16,EU,A,3700,active,False
214,2025-03-23,NA,B,2750,active,False
215,2025-10-12,NA,C,2400,defaulted,False
216,2025-02-16,EU,B,2950,active,False
217,2025-01-07,NA,C,1500,active,False
218,2026-04-16,NA,A,2800,active,False
219,2025-09-10,EU,C,2650,active,False
220,2026-04-02,APAC,B,3750,active,False
221,2025-05-05,NA,A,3800,active,False
222,2026-01-16,APAC,B,4000,active,False
223,2025-12-02,EU,B,2900,active,False
224,2026-01-24,APAC,D,1500,active,False
225,2026-01-04,APAC,C,2550,active,False
226,2025-12-28,NA,B,2600,active,False
227,2025-12-25,NA,C,1450,active,False
228,2025-04-18,NA,B,3500,active,False
229,2025-06-11,NA,E,550,active,False
230,2025-01-07,NA,C,1850,active,False
231,2026-01-16,EU,E,550,active,False
232,2025-02-22,APAC,B,3450,active,False
233,2025-02-19,EU,D,1150,active,False
234,2025-10-13,NA,B,2200,active,False
235,2025-05-24,NA,D,1200,defaulted,False
236,2025-10-01,APAC,B,3400,active,False
237,2025-12-25,EU,B,3900,active,False
238,2025-01-20,EU,D,1400,active,False
239,2025-01-01,APAC,C,1400,active,False
240,2025-09-26,NA,E,650,defaulted,False
241,2025-02-28,EU,D,1550,active,False
242,2025-01-06,EU,B,2350,active,False
243,2025-08-09,APAC,D,1500,defaulted,False
244,2025-07-14,EU,B,3700,active,False
245,2025-07-27,NA,C,2450,active,False
246,2025-12-10,NA,E,600,active,False
247,2025-01-31,NA,B,3900,defaulted,False
248,2025-03-08,NA,B,3100,active,False
249,2025-07-15,NA,D,950,defaulted,False
250,2026-01-07,APAC,D,900,active,False
251,2025-05-22,APAC,C,2600,active,False
252,2025-07-25,NA,C,1500,defaulted,False
253,2025-08-13,NA,A,4700,active,False
254,2025-05-23,APAC,B,2550,active,False
255,2025-04-19,NA,B,2450,active,False
256,2025-06-10,NA,C,2050,active,False
257,2025-07-01,APAC,B,2550,active,False
258,2026-04-03,LATAM,C,2650,defaulted,False
259,2026-05-23,EU,B,4000,active,False
260,2026-02-23,APAC,C,2450,active,False
261,2025-04-14,NA,D,900,defaulted,False
262,2025-07-21,NA,A,3200,active,False
263,2025-10-04,APAC,A,3550,active,False
264,2026-01-23,LATAM,C,2750,active,False
265,2025-06-19,APAC,A,5350,active,False
266,2025-04-10,LATAM,B,4100,active,False
267,2025-11-08,NA,E,550,active,False
268,2026-02-09,APAC,C,2550,active,False
269,2025-05-26,APAC,C,2650,active,False
270,2025-04-15,EU,C,1750,defaulted,False
271,2026-04-23,EU,B,3100,active,False
272,2025-04-13,EU,B,2600,active,False
273,2025-03-03,NA,C,2700,active,False
274,2026-01-03,LATAM,B,2150,active,False
275,2025-03-28,EU,D,1050,defaulted,False
276,2025-05-16,NA,B,3000,active,False
277,2025-12-11,NA,B,3100,active,False
278,2026-01-11,NA,C,2100,active,False
279,2025-07-13,EU,A,3850,active,False
280,2025-01-22,EU,D,900,active,False
281,2025-08-30,EU,B,2150,active,False
282,2026-04-04,EU,C,2250,active,False
283,2026-05-24,NA,E,750,active,False
284,2026-01-21,EU,D,900,defaulted,False
285,2026-03-18,NA,A,2850,active,False
286,2025-04-24,EU,C,2500,active,False
287,2025-08-16,NA,A,2850,active,False
288,2026-05-30,EU,C,2750,active,False
289,2025-02-07,NA,A,4000,active,False
290,2026-04-03,APAC,B,3050,active,False
291,2025-04-23,NA,E,600,active,False
292,2025-09-21,NA,A,4000,active,False
293,2025-06-22,NA,B,3000,active,False
294,2025-07-02,EU,A,5050,active,False
295,2026-02-24,APAC,C,1600,active,False
296,2025-07-03,EU,B,2750,active,False
297,2025-10-14,APAC,C,2050,active,False
298,2025-12-24,NA,B,2450,active,False
299,2026-05-01,NA,B,3650,active,False
300,2026-05-22,NA,C,1450,active,False
301,2025-10-02,EU,D,1600,active,False
302,2026-04-05,NA,A,3150,active,False
303,2025-12-26,EU,C,2050,active,False
304,2025-09-09,EU,C,1450,active,False
305,2025-08-01,NA,C,1900,active,False
306,2025-08-19,EU,B,2650,active,False
307,2025-09-04,EU,B,3250,active,False
308,2025-08-26,NA,C,2400,active,False
309,2025-05-31,NA,C,2700,active,False
310,2025-02-18,APAC,C,1700,active,False
311,2025-08-20,NA,D,1400,active,False
312,2025-01-19,NA,B,2950,defaulted,False
313,2026-04-01,EU,B,3300,active,False
314,2025-10-07,NA,A,3000,active,False
315,2025-04-20,NA,E,550,defaulted,False
316,2026-01-20,NA,C,2050,active,False
317,2025-01-18,NA,B,3700,active,False
318,2025-11-13,EU,D,1350,active,False
319,2025-05-08,NA,B,4000,active,True
320,2025-04-26,EU,B,2550,active,False
321,2025-03-15,LATAM,A,5150,active,False
322,2026-02-15,NA,D,1150,active,False
323,2026-03-12,NA,B,3650,active,False
324,2025-12-17,EU,B,3900,active,False
325,2025-06-02,NA,A,3250,active,False
326,2025-03-20,EU,B,3700,active,False
327,2026-04-14,NA,A,4800,active,False
328,2025-09-12,NA,B,4100,active,False
329,2025-10-22,NA,C,2400,active,False
330,2026-04-23,NA,B,2750,active,False
331,2025-10-12,EU,A,3000,active,False
332,2025-10-01,LATAM,C,2250,active,False
333,2026-04-30,EU,A,4950,active,False
334,2025-12-15,EU,A,4600,active,False
335,2026-03-24,APAC,C,1900,active,False
336,2026-01-14,NA,C,1500,defaulted,False
337,2026-04-11,APAC,A,3800,active,False
338,2025-11-17,EU,C,1950,active,False
339,2025-05-27,NA,B,3850,active,False
340,2025-05-06,EU,D,900,active,False
341,2025-01-29,NA,C,2450,active,False
342,2025-09-03,NA,A,3950,defaulted,False
343,2025-06-30,EU,B,2600,active,False
344,2025-03-01,NA,B,2400,active,False
345,2025-02-21,NA,C,2150,active,False
346,2025-01-23,NA,A,3600,active,False
347,2026-04-10,EU,A,4650,active,False
348,2025-03-27,NA,C,1700,defaulted,False
349,2026-05-12,EU,C,1600,active,False
350,2025-11-10,APAC,A,3100,active,False
351,2025-09-16,EU,B,2500,active,False
352,2025-05-16,LATAM,C,1900,active,False
353,2025-07-02,EU,A,3150,active,True
354,2026-03-12,EU,D,1500,active,False
355,2026-03-22,EU,B,2650,active,False
356,2026-05-12,NA,D,900,defaulted,True
357,2025-01-29,LATAM,D,900,active,False
358,2025-12-29,NA,B,3150,active,False
359,2026-04-05,EU,C,2300,active,False
360,2025-01-29,NA,A,4600,active,False
361,2026-04-05,EU,A,3400,active,False
362,2026-01-20,APAC,B,2150,active,False
363,2025-11-05,NA,D,1550,active,False
364,2025-04-02,APAC,C,2000,active,False
365,2025-06-07,NA,C,2700,active,False
366,2025-05-26,EU,A,4750,defaulted,False
367,2025-08-23,NA,A,4450,active,False
368,2025-10-26,NA,E,850,active,False
369,2025-10-29,NA,C,1750,active,False
370,2025-10-30,APAC,C,2650,active,False
371,2026-03-30,EU,C,1500,active,False
372,2025-02-05,NA,A,4950,active,False
373,2025-07-07,APAC,A,4550,active,False
374,2025-03-07,EU,C,1750,active,False
375,2025-02-08,APAC,B,3150,active,False
376,2025-05-15,NA,D,1600,active,False
377,2025-05-19,APAC,D,1400,active,False
378,2025-05-16,EU,C,1500,active,False
379,2025-07-07,NA,B,3700,active,False
380,2025-01-31,EU,B,2950,active,False
381,2025-02-05,NA,A,5200,active,False
382,2025-05-31,NA,B,2750,active,False
383,2025-02-22,NA,A,4800,active,False
384,2025-04-27,EU,C,1750,active,False
385,2025-11-20,LATAM,C,2050,active,False
386,2026-01-05,LATAM,A,3850,active,False
387,2025-11-03,EU,B,3150,active,False
388,2026-03-11,NA,C,1650,active,False
389,2025-01-22,NA,A,2950,active,False
390,2025-01-17,NA,B,3550,defaulted,False
391,2025-10-28,APAC,C,1750,active,False
392,2025-03-04,LATAM,B,3950,active,False
393,2026-03-06,EU,A,3650,active,False
394,2025-03-25,APAC,E,650,defaulted,False
395,2025-02-03,APAC,A,3350,active,False
396,2026-04-11,LATAM,A,5350,active,False
397,2025-09-14,APAC,A,3000,active,False
398,2025-10-26,EU,C,1800,active,False
399,2026-02-07,APAC,B,3000,active,False
400,2026-04-02,EU,B,2500,active,False
401,2025-03-20,EU,E,800,active,False
402,2025-07-29,NA,A,3050,active,False
403,2025-01-01,EU,C,1800,active,False
404,2025-08-16,EU,B,3400,active,False
405,2025-05-14,LATAM,D,1550,defaulted,False
406,2025-07-26,EU,C,1700,active,False
407,2025-01-10,NA,B,2850,active,False
408,2025-09-12,NA,C,2450,active,False
409,2025-07-26,NA,A,4450,active,False
410,2025-10-23,NA,B,3550,defaulted,False
411,2025-02-27,NA,B,3500,active,False
412,2025-06-05,EU,A,4300,active,False
413,2025-07-08,EU,C,1450,active,False
414,2025-05-18,APAC,B,2400,active,False
415,2025-04-27,EU,B,2750,active,False
416,2025-07-05,EU,B,3050,active,False
417,2025-04-11,NA,B,4050,active,False
418,2025-11-12,NA,C,2600,active,False
419,2025-12-19,NA,B,3150,defaulted,False
420,2025-07-09,EU,D,1500,active,False
421,2026-04-03,EU,C,1500,active,False
422,2026-03-10,APAC,B,3150,active,False
423,2026-04-11,LATAM,D,950,active,False
424,2026-03-13,NA,B,3750,active,False
425,2025-05-20,EU,A,3150,active,False
426,2025-12-29,EU,A,4050,active,False
427,2026-02-01,LATAM,D,1300,active,False
428,2026-01-09,APAC,B,3250,active,True
429,2026-03-07,EU,B,2400,active,False
430,2025-04-24,NA,B,2600,active,False
431,2025-05-07,EU,A,4450,active,False
432,2025-02-03,APAC,B,3500,active,False
433,2026-05-24,EU,A,2800,active,False
434,2025-07-14,NA,D,1500,active,False
435,2025-07-14,NA,B,4150,active,False
436,2025-12-05,NA,A,4250,active,False
437,2025-08-27,EU,B,2700,active,False
438,2025-06-04,NA,E,550,active,False
439,2025-01-28,NA,D,1450,defaulted,False
440,2025-07-03,APAC,C,1750,defaulted,False
441,2026-01-25,EU,C,1550,active,False
442,2025-02-12,LATAM,E,500,defaulted,False
443,2025-02-01,NA,A,4250,active,False
444,2025-08-13,LATAM,C,2250,active,False
445,2025-08-21,APAC,A,3750,active,False
446,2025-03-21,EU,B,2900,active,False
447,2025-03-15,EU,B,3150,active,False
448,2025-10-03,NA,A,3100,active,False
449,2025-07-18,NA,C,2200,active,False
450,2026-05-30,NA,B,4100,active,False
451,2026-03-15,NA,A,3450,active,False
452,2025-01-27,EU,A,3900,active,False
453,2025-08-02,LATAM,A,5450,active,False
454,2025-06-24,EU,B,2650,active,False
455,2026-04-29,LATAM,D,1150,active,False
456,2025-09-27,EU,B,3700,active,False
457,2026-01-22,EU,A,2800,active,False
458,2025-07-01,NA,B,2650,active,True
459,2025-04-25,LATAM,E,900,active,False
460,2025-11-19,NA,C,1600,active,False
461,2025-08-08,APAC,A,5000,active,False
462,2025-05-28,NA,B,2850,active,False
463,2026-01-23,NA,B,3950,active,False
464,2025-11-17,NA,D,1100,defaulted,False
465,2026-05-12,APAC,E,500,active,False
466,2025-04-04,NA,A,3350,active,False
467,2025-04-29,APAC,B,3800,active,False
468,2025-04-06,APAC,C,2450,active,False
469,2025-09-07,EU,B,2250,active,False
470,2025-10-05,EU,A,5400,active,False
471,2025-06-30,LATAM,D,850,defaulted,False
472,2025-09-13,APAC,D,1350,active,False
473,2026-01-18,NA,A,3200,active,False
474,2025-05-07,EU,A,3750,active,False
475,2025-12-16,NA,C,2650,active,False
476,2025-04-28,NA,C,1550,active,False
477,2026-03-06,NA,D,900,active,False
478,2025-08-23,APAC,C,2100,active,False
479,2025-11-03,NA,B,3200,active,False
480,2026-05-26,APAC,B,2350,active,False
481,2025-03-26,APAC,B,2750,active,True
482,2026-05-03,NA,C,1850,active,False
483,2025-12-05,APAC,A,4350,active,False
484,2025-07-15,EU,A,3450,active,False
485,2026-01-05,EU,A,2900,active,False
486,2025-03-11,NA,A,4100,active,False
487,2025-12-26,EU,E,500,active,False
488,2025-08-11,NA,A,4800,active,False
489,2026-02-01,NA,C,1600,active,False
490,2025-09-26,EU,B,2200,active,False
491,2025-03-27,NA,C,2150,active,False
492,2025-07-25,NA,A,3700,active,False
493,2026-03-23,NA,C,2200,active,False
494,2025-10-17,EU,D,900,active,False
495,2025-12-18,APAC,A,4450,active,False
496,2025-11-13,NA,C,2400,active,False
497,2025-04-01,EU,C,1450,active,False
498,2025-08-17,NA,B,2500,active,False
499,2025-12-28,NA,A,4500,active,False
500,2025-10-02,APAC,E,650,defaulted,False
501,2025-03-26,APAC,C,1650,active,False
502,2025-07-22,NA,C,2450,active,False
503,2025-08-17,EU,C,2750,active,False
504,2025-09-26,APAC,C,2500,active,False
505,2026-05-18,NA,C,2250,active,False
506,2026-05-03,NA,A,5150,active,False
507,2026-01-13,EU,B,2950,active,False
508,2025-05-28,APAC,B,2300,active,False
509,2025-10-03,EU,B,3500,active,False
510,2026-05-27,EU,A,3400,active,False
511,2025-05-22,LATAM,C,2450,defaulted,False
512,2025-01-11,NA,D,1450,defaulted,False
513,2025-03-18,NA,C,1850,active,False
514,2025-04-18,EU,E,750,active,False
515,2025-01-05,NA,D,1350,active,False
516,2025-07-26,NA,D,1300,active,False
517,2026-05-25,NA,B,2950,active,True
518,2026-03-02,NA,B,2700,active,False
519,2026-02-18,NA,C,2750,active,False
520,2026-05-19,EU,C,1550,defaulted,False
521,2025-07-04,NA,D,850,active,False
522,2025-04-18,NA,A,3150,active,False
523,2025-11-27,EU,D,950,active,False
524,2026-04-11,APAC,D,1150,active,False
525,2025-10-26,NA,B,2100,active,False
526,2025-10-16,EU,D,1550,defaulted,False
527,2025-08-14,NA,B,2400,active,False
528,2025-09-20,NA,D,1100,defaulted,False
529,2026-01-04,APAC,B,2950,active,False
530,2025-08-05,NA,D,1000,defaulted,False
531,2026-04-25,APAC,C,1550,active,False
532,2025-04-11,EU,A,4850,active,False
533,2025-12-09,NA,B,3750,active,False
534,2025-12-24,NA,C,1950,active,False
535,2026-01-15,NA,C,1650,active,False
536,2025-10-20,EU,C,2500,defaulted,False
537,2025-12-07,APAC,D,1100,active,False
538,2025-05-09,NA,D,850,active,False
539,2025-07-15,NA,A,5050,active,False
540,2026-03-31,NA,A,3500,active,False
541,2025-03-15,NA,A,3250,active,False
542,2025-07-27,NA,E,600,active,False
543,2025-02-06,NA,A,2800,active,False
544,2026-02-19,NA,C,2650,active,False
545,2025-01-15,NA,E,550,defaulted,False
546,2025-12-21,EU,C,1650,defaulted,False
547,2026-02-08,EU,B,2850,active,False
548,2025-05-02,APAC,C,2200,active,False
549,2026-04-07,EU,B,3950,active,False
550,2026-01-05,NA,A,5250,active,False
551,2025-10-05,NA,C,1900,defaulted,False
552,2025-11-06,NA,C,1950,active,False
553,2026-03-31,APAC,C,2550,active,False
554,2025-09-14,NA,C,1950,active,False
555,2025-01-08,NA,E,750,active,False
556,2025-09-21,APAC,B,2600,active,False
557,2025-07-11,NA,B,3200,active,False
558,2025-09-17,LATAM,B,3300,active,False
559,2025-06-02,EU,B,3800,defaulted,False
560,2025-08-17,NA,D,1100,defaulted,False
561,2025-03-08,EU,C,2550,active,False
562,2025-08-01,NA,B,2850,active,False
563,2025-12-09,NA,B,4100,active,False
564,2025-11-30,NA,C,2550,active,False
565,2025-01-19,NA,C,1850,defaulted,False
566,2025-07-09,EU,E,850,active,False
567,2025-03-14,NA,D,1350,defaulted,False
568,2025-02-19,APAC,C,2600,defaulted,False
569,2026-05-24,APAC,C,2650,active,False
570,2025-04-11,EU,A,4200,active,False
571,2025-07-01,NA,C,1450,defaulted,False
572,2025-08-27,APAC,C,1500,active,False
573,2025-02-07,EU,A,3000,active,False
574,2025-06-08,LATAM,B,3250,active,False
575,2025-02-27,NA,C,2200,active,False
576,2025-11-01,NA,D,1650,active,False
577,2025-07-05,NA,B,2450,active,False
578,2025-08-15,NA,A,3800,active,False
579,2025-12-19,APAC,D,1550,active,False
580,2026-01-06,NA,C,2250,active,False
581,2025-09-08,APAC,A,4550,active,False
582,2025-02-21,EU,A,5050,active,False
583,2026-05-25,APAC,E,900,active,False
584,2025-12-13,NA,C,2300,active,False
585,2026-02-01,NA,B,3450,active,False
586,2026-02-28,APAC,D,1500,active,False
587,2026-04-30,NA,B,3600,active,False
588,2025-05-22,NA,C,1450,active,False
589,2025-12-14,NA,B,3500,active,False
590,2025-04-12,NA,A,3650,active,False
591,2025-05-18,NA,C,1450,active,False
592,2026-05-18,EU,A,4600,active,False
593,2026-03-26,APAC,D,1200,active,False
594,2025-03-24,EU,A,4900,active,False
595,2026-03-12,NA,D,1000,active,False
596,2025-05-11,NA,C,2400,active,False
597,2025-08-11,APAC,C,1850,active,False
598,2025-01-20,LATAM,C,1650,defaulted,False
599,2025-05-06,NA,D,1250,active,False
600,2025-06-10,NA,B,3550,active,False
601,2026-04-05,EU,C,2200,active,False
602,2025-01-15,NA,B,3600,active,False
603,2025-03-13,NA,C,2750,defaulted,False
604,2026-01-01,APAC,A,4100,active,False
605,2025-03-10,NA,D,1550,defaulted,False
606,2026-05-12,LATAM,B,2350,active,False
607,2025-12-23,NA,A,4600,active,False
608,2025-06-01,NA,C,1500,active,False
609,2025-10-18,NA,A,3450,active,False
610,2026-03-23,NA,C,2200,active,False
611,2025-05-17,APAC,B,2300,defaulted,False
612,2025-08-16,NA,B,3900,active,False
613,2026-03-20,NA,C,2200,active,False
614,2025-12-03,NA,A,3700,active,False
615,2025-06-25,EU,A,3850,active,False
616,2026-02-22,LATAM,A,5450,active,False
617,2025-05-18,EU,B,2850,active,False
618,2026-04-20,NA,C,2650,active,False
619,2026-03-18,NA,D,1150,active,False
620,2025-03-17,EU,B,3450,active,False
621,2025-02-21,LATAM,A,4850,active,False
622,2025-10-02,NA,D,850,active,False
623,2025-10-17,NA,C,1800,active,False
624,2025-06-08,LATAM,B,2450,active,False
625,2026-04-26,LATAM,D,1200,active,False
626,2025-07-18,EU,C,2550,active,False
627,2025-03-16,EU,A,3150,active,False
628,2025-10-29,EU,A,3250,active,False
629,2025-07-12,NA,B,3650,active,False
630,2025-06-10,NA,C,1900,active,False
631,2025-08-23,EU,C,2100,defaulted,False
632,2026-05-21,NA,A,3500,active,False
633,2025-03-16,APAC,D,850,active,False
634,2025-12-24,NA,B,2150,active,False
635,2025-08-16,LATAM,A,3150,active,False
636,2025-08-18,EU,D,1300,defaulted,False
637,2025-08-05,APAC,B,3600,active,False
638,2025-09-18,LATAM,A,3850,active,False
639,2025-01-10,EU,A,4600,active,False
640,2025-07-07,NA,D,1400,active,False
641,2025-01-15,NA,E,700,defaulted,False
642,2025-06-04,EU,A,4800,active,False
643,2025-10-24,EU,D,1350,active,False
644,2026-01-28,NA,E,800,active,False
645,2026-05-01,NA,A,4550,defaulted,False
646,2025-12-30,NA,B,3900,active,False
647,2026-04-15,NA,B,3100,active,False
648,2025-02-19,APAC,B,3050,active,False
649,2025-04-05,APAC,A,3450,active,False
650,2025-04-04,NA,C,2400,defaulted,False
651,2025-02-07,NA,A,5550,active,False
652,2025-07-17,NA,A,4600,active,False
653,2025-02-28,NA,B,2800,active,True
654,2025-03-18,EU,B,3100,active,False
655,2025-07-10,APAC,D,1500,active,False
656,2025-09-14,NA,B,2550,active,False
657,2025-12-28,LATAM,C,2250,active,False
658,2025-09-16,NA,E,500,defaulted,False
659,2025-04-26,EU,E,700,active,False
660,2025-02-01,NA,B,3700,active,False
661,2025-08-01,APAC,A,5200,active,False
662,2025-10-02,APAC,A,3150,active,False
663,2025-07-11,EU,A,5350,active,False
664,2026-01-29,EU,C,2750,active,False
665,2025-11-15,NA,B,4150,active,False
666,2025-12-06,NA,B,2350,active,False
667,2026-03-07,EU,D,1100,active,False
668,2025-01-07,EU,C,1550,defaulted,False
669,2026-04-26,APAC,C,1850,defaulted,False
670,2025-03-22,NA,A,5150,active,False
671,2025-11-27,NA,D,1200,active,False
672,2025-11-01,NA,D,1550,active,False
673,2025-10-21,NA,B,2700,active,False
674,2025-06-08,APAC,A,3000,active,False
675,2025-06-29,APAC,E,550,active,False
676,2025-06-28,APAC,D,1500,defaulted,False
677,2025-02-12,EU,A,4500,active,False
678,2025-05-26,EU,C,1550,defaulted,False
679,2025-05-26,APAC,C,2600,active,False
680,2025-11-14,LATAM,C,1450,active,False
681,2025-07-14,NA,B,3250,active,False
682,2026-02-16,APAC,B,4100,active,False
683,2025-07-02,NA,D,1650,defaulted,False
684,2025-04-21,EU,D,1400,active,False
685,2025-11-25,NA,C,2200,defaulted,False
686,2025-01-16,APAC,B,3200,active,False
687,2026-03-22,NA,D,850,active,False
688,2025-01-26,EU,B,3600,active,False
689,2025-12-14,LATAM,B,2700,active,False
690,2026-02-22,EU,B,2650,active,False
691,2026-04-11,NA,B,2400,active,False
692,2026-04-07,APAC,A,3250,active,False
693,2026-04-14,EU,A,5300,active,False
694,2025-11-08,NA,B,2950,active,False
695,2025-09-09,NA,A,5450,active,False
696,2025-03-05,APAC,C,2050,active,False
697,2026-04-05,NA,E,850,active,False
698,2025-10-26,APAC,C,1750,defaulted,False
699,2025-11-13,NA,B,2350,active,False
700,2025-04-13,NA,C,1600,defaulted,True
701,2026-05-08,NA,D,1600,active,False
702,2025-06-20,EU,B,4000,active,False
703,2026-03-03,EU,B,3700,active,False
704,2025-06-19,EU,C,2650,active,False
705,2025-08-13,NA,A,3550,active,False
706,2025-01-06,NA,B,3650,active,False
707,2026-03-31,EU,A,5300,active,False
708,2025-07-18,EU,E,950,defaulted,False
709,2025-03-04,NA,B,3300,defaulted,False
710,2025-08-24,NA,D,1300,active,False
711,2025-06-22,LATAM,E,500,active,False
712,2025-10-20,NA,B,2350,active,False
713,2025-02-22,NA,B,4000,active,False
714,2026-01-14,NA,C,2750,active,False
715,2026-03-30,EU,E,550,active,False
716,2025-01-19,NA,B,2600,active,False
717,2026-03-12,NA,B,2800,active,False
718,2026-05-17,NA,C,2450,active,False
719,2025-08-02,EU,A,4800,active,False
720,2025-03-05,NA,A,3850,active,False
721,2026-01-31,APAC,C,2300,active,False
722,2025-12-04,NA,B,2600,active,False
723,2025-11-15,NA,C,1800,active,False
724,2026-05-19,NA,C,2200,active,False
725,2025-02-15,NA,B,3650,active,False
726,2025-06-10,EU,C,2100,active,False
727,2025-11-18,APAC,A,3250,active,False
728,2025-12-08,NA,C,1950,active,False
729,2025-03-14,EU,B,3900,active,False
730,2025-03-20,EU,E,850,active,False
731,2025-02-19,NA,A,4350,active,False
732,2025-06-15,LATAM,B,2750,active,False
733,2025-06-15,EU,A,4800,active,False
734,2026-03-08,NA,B,2650,active,False
735,2025-09-15,APAC,D,1300,active,False
736,2026-01-07,NA,C,1950,active,False
737,2025-01-24,EU,B,3950,active,False
738,2026-04-23,NA,E,450,active,False
739,2025-03-16,NA,C,2100,defaulted,False
740,2026-05-19,NA,C,1550,active,False
741,2025-08-09,NA,C,1850,active,False
742,2025-01-12,NA,C,2650,active,False
743,2026-04-17,NA,B,2500,active,False
744,2025-03-10,APAC,B,2500,active,False
745,2026-03-16,LATAM,D,800,active,False
746,2026-03-30,NA,C,1950,active,False
747,2025-10-02,NA,C,2400,active,False
748,2025-09-24,APAC,C,2700,active,False
749,2026-04-05,APAC,B,3500,defaulted,False
750,2025-10-30,NA,C,1900,active,False
751,2026-03-16,NA,D,1000,active,False
752,2025-06-24,NA,B,4000,active,False
753,2025-02-13,APAC,B,3950,active,False
754,2026-01-26,NA,C,1450,active,False
755,2026-01-05,EU,B,2550,active,False
756,2025-04-11,NA,A,5150,active,False
757,2025-09-14,NA,A,5200,active,False
758,2026-05-11,NA,A,2800,active,False
759,2025-12-10,EU,B,3800,defaulted,False
760,2025-06-18,EU,D,1350,defaulted,False
761,2026-05-02,NA,C,2550,active,False
762,2025-04-23,EU,B,2250,defaulted,False
763,2025-11-06,APAC,E,550,defaulted,False
764,2025-04-10,EU,C,2150,active,False
765,2026-03-19,NA,B,2450,active,False
766,2025-10-07,EU,C,2450,active,False
767,2025-07-19,NA,A,5500,active,False
768,2025-01-09,EU,A,4450,active,False
769,2025-03-12,EU,C,2550,active,False
770,2025-08-31,LATAM,C,1450,active,False
771,2026-04-25,EU,B,2650,active,True
772,2025-08-28,NA,A,3250,active,False
773,2025-10-12,NA,A,5350,active,False
774,2025-11-20,EU,B,3600,active,False
775,2025-12-04,NA,A,3950,active,False
776,2025-09-05,EU,B,2700,active,False
777,2025-12-14,NA,C,2600,active,False
778,2026-03-20,NA,A,3800,active,False
779,2025-05-20,EU,E,550,active,False
780,2025-03-16,APAC,A,3350,active,False
781,2025-09-10,EU,B,3550,defaulted,False
782,2025-01-28,APAC,B,2250,active,False
783,2026-02-18,EU,B,2150,active,False
784,2026-01-13,NA,A,3000,active,False
785,2025-07-06,NA,E,600,active,False
786,2025-03-19,EU,C,1550,active,False
787,2025-12-16,NA,B,3950,active,False
788,2025-08-28,NA,A,3050,active,False
789,2025-10-06,NA,B,2100,active,False
790,2025-03-16,NA,B,2500,active,False
791,2025-11-13,NA,B,2100,active,False
792,2025-01-29,EU,A,3750,active,False
793,2025-07-18,EU,A,3850,active,False
794,2026-02-14,APAC,B,2200,active,False
795,2026-01-30,NA,C,2250,active,False
796,2025-07-05,APAC,B,2200,active,False
797,2025-02-05,EU,D,1350,active,False
798,2025-11-16,NA,B,4050,active,False
799,2025-01-18,EU,B,3800,defaulted,False
800,2025-02-09,EU,C,2200,active,False
801,2026-04-17,APAC,A,3800,active,False
802,2025-08-11,APAC,C,2300,defaulted,False
803,2025-11-19,NA,D,1250,active,False
804,2025-06-24,NA,C,2750,active,False
805,2026-03-15,APAC,B,3200,active,False
806,2025-09-17,NA,B,2200,defaulted,False
807,2026-03-24,NA,B,3550,active,False
808,2025-09-15,APAC,B,3200,active,False
809,2026-03-17,EU,C,2500,active,False
810,2025-06-30,NA,B,2650,active,False
811,2025-09-04,NA,B,4150,active,False
812,2025-05-05,LATAM,C,2450,active,False
813,2025-07-12,APAC,B,2300,active,False
814,2025-10-09,APAC,E,900,defaulted,False
815,2026-04-12,NA,E,900,active,False
816,2025-05-08,NA,E,950,defaulted,False
817,2025-08-11,EU,B,2800,active,False
818,2025-09-06,EU,B,3850,active,False
819,2026-03-11,APAC,D,950,active,False
820,2025-01-22,LATAM,B,3500,active,False
821,2025-07-22,EU,B,3400,active,False
822,2025-03-29,APAC,B,2950,active,False
823,2025-12-25,NA,C,2750,active,False
824,2025-01-11,EU,B,2500,active,False
825,2025-12-08,EU,E,650,active,False
826,2025-12-19,APAC,C,1400,active,False
827,2025-02-02,APAC,A,4950,active,False
828,2025-10-29,EU,C,2650,active,False
829,2026-05-10,EU,B,3650,active,False
830,2025-09-20,NA,B,3550,active,False
831,2026-01-27,NA,D,850,active,False
832,2026-03-23,EU,A,3450,active,False
833,2026-01-22,EU,B,3950,active,False
834,2025-09-11,NA,D,1000,active,False
835,2026-04-07,NA,D,1000,active,False
836,2025-08-15,APAC,B,3200,active,False
837,2026-05-07,EU,A,3150,active,False
838,2025-08-28,APAC,A,3300,active,False
839,2026-01-27,NA,A,5100,active,False
840,2025-08-29,LATAM,B,4050,active,False
841,2025-04-14,NA,A,2850,active,False
842,2026-03-14,NA,C,1950,active,False
843,2026-01-24,NA,B,3650,active,False
844,2026-04-01,NA,B,3900,active,False
845,2026-02-28,NA,A,4600,active,False
846,2026-02-18,EU,A,5250,active,False
847,2025-06-17,EU,C,2350,active,False
848,2025-11-18,NA,E,550,active,False
849,2025-06-28,NA,B,2850,active,False
850,2025-06-18,EU,C,2400,active,False
851,2025-05-07,LATAM,B,2100,defaulted,False
852,2025-03-27,EU,A,4650,active,False
853,2026-01-21,NA,C,2050,active,False
854,2026-03-01,APAC,C,1550,active,False
855,2025-06-10,APAC,C,1400,active,False
856,2025-02-27,NA,B,4150,active,False
857,2025-08-24,LATAM,D,1550,active,False
858,2025-10-24,NA,A,4550,active,False
859,2025-05-19,LATAM,B,3050,active,False
860,2025-10-09,EU,C,2750,active,False
861,2025-02-13,APAC,B,3950,active,False
862,2025-08-07,NA,D,1600,active,False
863,2026-03-01,NA,B,3150,defaulted,False
864,2025-01-12,NA,A,3300,active,False
865,2025-04-20,EU,D,1600,defaulted,False
866,2025-07-26,EU,A,4000,active,False
867,2026-03-07,NA,E,600,active,False
868,2025-04-30,EU,D,900,active,False
869,2025-11-18,APAC,A,5250,active,False
870,2025-01-01,EU,B,2400,defaulted,False
871,2025-08-04,NA,C,1400,active,False
872,2025-06-18,APAC,C,2150,active,False
873,2025-10-22,EU,B,2550,active,False
874,2025-02-01,NA,B,2750,active,False
875,2026-03-23,EU,A,3100,active,False
876,2026-05-08,EU,A,3150,active,False
877,2025-02-17,NA,A,4850,active,False
878,2025-12-04,NA,A,4600,active,False
879,2025-05-25,APAC,C,2250,active,False
880,2025-06-24,EU,B,2400,active,False
881,2025-05-27,NA,B,3750,active,False
882,2026-04-06,EU,B,2500,active,False
883,2026-04-05,NA,C,2400,defaulted,False
884,2025-05-24,NA,C,1700,active,False
885,2026-03-18,NA,B,3350,active,False
886,2025-04-28,EU,A,5500,active,False
887,2025-03-25,APAC,C,1600,active,False
888,2026-04-25,APAC,A,3300,active,False
889,2025-12-22,NA,B,3400,active,False
890,2026-02-03,LATAM,E,700,active,False
891,2025-01-01,NA,B,4000,active,False
892,2025-10-26,EU,A,3550,active,False
893,2026-02-07,NA,A,3400,active,False
894,2025-12-07,APAC,A,4100,active,False
895,2026-03-31,LATAM,D,1200,active,False
896,2026-05-20,NA,B,2350,active,False
897,2026-05-25,APAC,A,3000,active,False
898,2025-08-28,NA,B,2350,active,False
899,2025-02-23,NA,A,5250,active,False
900,2026-01-31,NA,C,2250,active,False
901,2025-05-01,LATAM,B,3450,defaulted,False
902,2026-01-14,APAC,E,550,defaulted,False
903,2025-09-07,NA,A,4200,active,False
904,2025-12-19,APAC,B,4150,active,False
905,2025-06-30,NA,B,2950,active,False
906,2025-01-22,APAC,B,3600,active,False
907,2025-11-28,NA,B,3150,active,False
908,2025-05-02,APAC,B,3900,active,False
909,2025-12-06,NA,C,2100,active,False
910,2025-06-28,NA,C,2300,active,False
911,2025-09-03,APAC,D,1050,active,False
912,2025-12-14,APAC,D,1650,active,False
913,2025-11-28,NA,C,2500,active,False
914,2026-03-01,NA,B,2250,active,False
915,2025-09-02,NA,A,3000,active,False
916,2025-01-07,NA,A,2850,active,False
917,2025-06-25,EU,C,2000,defaulted,False
918,2025-04-19,EU,B,3850,active,False
919,2026-03-01,EU,C,1900,active,False
920,2025-05-29,NA,C,2300,active,False
921,2026-01-27,EU,B,2350,active,False
922,2025-06-01,NA,C,1950,active,False
923,2025-07-20,NA,B,3850,active,False
924,2025-04-06,NA,B,3450,active,False
925,2025-07-07,NA,A,3450,active,False
926,2025-02-07,NA,C,1750,active,False
927,2025-06-08,EU,C,1550,defaulted,False
928,2025-02-25,APAC,B,3500,active,False
929,2026-05-07,APAC,C,2650,active,False
930,2025-07-12,NA,B,3150,active,False
931,2025-06-05,APAC,A,3400,active,False
932,2026-01-17,EU,B,2200,active,False
933,2025-12-29,NA,C,2500,active,False
934,2025-07-16,APAC,A,3350,active,False
935,2025-01-21,EU,B,3200,active,False
936,2025-09-14,LATAM,E,700,active,False
937,2025-06-08,APAC,A,5300,active,False
938,2025-10-27,NA,C,2500,defaulted,False
939,2025-09-07,NA,B,2650,active,False
940,2025-06-30,APAC,A,3800,active,False
941,2026-04-22,EU,E,850,active,False
942,2025-02-03,LATAM,B,3650,active,False
943,2025-02-10,NA,C,2350,active,False
944,2026-01-04,NA,B,2100,active,False
945,2025-07-28,EU,C,2650,active,False
946,2026-01-30,NA,A,4300,active,False
947,2025-12-06,NA,C,2150,active,False
948,2025-11-17,NA,B,2450,active,False
949,2025-09-25,EU,D,1100,active,False
950,2025-10-19,APAC,E,900,defaulted,False
951,2025-05-07,LATAM,D,1050,active,False
952,2025-03-07,NA,A,4250,active,False
953,2025-02-17,NA,A,5450,active,False
954,2025-10-26,NA,B,2950,active,False
955,2025-01-06,NA,A,4250,active,False
956,2025-01-17,EU,B,3750,active,False
957,2025-04-22,EU,C,1700,active,False
958,2026-02-15,NA,C,2000,active,False
959,2026-03-15,NA,D,1200,active,False
960,2025-04-17,NA,E,500,active,False
961,2025-02-01,NA,B,2950,active,False
962,2025-04-15,LATAM,C,1600,active,False
963,2025-06-03,EU,D,1350,defaulted,False
964,2025-10-31,NA,C,1700,active,False
965,2025-09-15,NA,A,3200,active,False
966,2025-12-29,NA,A,4500,active,True
967,2025-08-24,NA,B,2500,active,False
968,2026-05-05,NA,E,700,active,False
969,2026-05-05,NA,C,2100,active,False
970,2025-09-18,EU,B,2900,active,False
971,2026-05-13,NA,E,750,active,False
972,2026-02-11,APAC,B,2800,active,False
973,2026-03-09,NA,B,3650,active,False
974,2026-03-21,EU,B,3250,defaulted,False
975,2025-08-21,NA,D,900,defaulted,False
976,2025-02-05,EU,B,3850,active,False
977,2025-08-19,APAC,B,2550,active,False
978,2026-04-23,EU,B,3050,active,False
979,2025-07-23,EU,A,5150,active,False
980,2025-10-03,EU,B,2900,active,False
981,2025-07-17,NA,A,4250,active,False
982,2025-10-31,EU,B,3500,active,False
983,2026-03-02,EU,C,2150,active,False
984,2025-03-25,NA,D,1100,defaulted,False
985,2025-07-15,NA,C,1600,active,False
986,2026-01-03,NA,D,1200,defaulted,False
987,2026-03-12,EU,B,4050,active,False
988,2025-09-05,EU,C,2750,active,False
989,2026-03-22,LATAM,B,3200,active,False
990,2025-12-11,EU,E,800,active,False
991,2025-12-08,NA,A,5100,active,False
992,2025-08-28,EU,E,750,active,False
993,2025-02-21,LATAM,D,1050,active,False
994,2025-07-03,NA,B,3200,active,False
995,2025-11-10,NA,E,800,active,False
996,2026-04-13,NA,B,2100,active,False
997,2025-03-17,APAC,A,2900,active,False
998,2025-09-19,APAC,A,4700,active,False
999,2025-10-11,APAC,C,1450,active,False
1000,2026-03-08,APAC,B,3250,active,False
1001,2026-03-21,APAC,C,2100,active,False
1002,2026-05-14,EU,C,2450,active,False
1003,2025-12-03,NA,A,3650,active,False
1004,2025-03-26,APAC,D,900,defaulted,False
1005,2026-04-11,EU,B,3250,active,False
1006,2025-02-24,NA,A,4650,active,False
1007,2025-02-11,NA,B,2100,defaulted,False
1008,2026-03-12,EU,B,3200,active,False
1009,2025-10-28,NA,A,3500,active,False
1010,2025-01-24,EU,C,1800,active,False
1011,2025-06-11,LATAM,C,1600,active,False
1012,2025-03-05,NA,B,2150,active,False
1013,2025-04-29,NA,B,3500,active,False
1014,2025-08-21,EU,B,4100,active,False
1015,2025-01-29,EU,E,650,defaulted,False
1016,2025-07-16,NA,D,1150,active,False
1017,2025-08-17,APAC,B,2750,active,False
1018,2025-02-12,NA,A,4150,active,False
1019,2025-11-18,EU,C,2650,active,False
1020,2026-02-18,NA,B,2750,active,False
1021,2025-05-10,NA,B,3800,active,False
1022,2025-03-28,NA,C,1700,active,False
1023,2025-04-25,EU,C,1800,active,False
1024,2026-03-22,EU,C,2200,active,False
1025,2025-01-02,NA,D,850,active,False
1026,2026-05-23,NA,A,4000,active,False
1027,2025-03-04,NA,B,3950,active,False
1028,2025-05-20,NA,C,1850,defaulted,False
1029,2025-05-12,APAC,A,5300,active,False
1030,2025-06-30,EU,C,2000,active,False
1031,2026-03-09,LATAM,D,900,active,False
1032,2025-05-01,EU,C,2300,active,False
1033,2025-02-05,NA,D,1250,active,False
1034,2025-04-25,EU,C,2100,active,False
1035,2025-12-14,EU,D,1250,defaulted,False
1036,2025-06-04,NA,C,2050,active,False
1037,2025-09-10,NA,C,1850,active,False
1038,2025-04-14,NA,C,2350,active,False
1039,2026-04-24,NA,B,2350,active,False
1040,2025-10-02,NA,B,2250,active,False
1041,2026-01-15,NA,A,3050,active,False
1042,2025-06-03,LATAM,B,3050,active,False
1043,2026-03-29,NA,C,2250,active,False
1044,2025-11-27,NA,B,2500,active,False
1045,2026-04-27,NA,B,3400,active,False
1046,2025-02-12,NA,B,2450,defaulted,False
1047,2025-01-05,NA,C,2200,active,False
1048,2025-06-13,NA,A,5000,active,False
1049,2026-03-24,NA,B,3100,active,False
1050,2025-06-14,NA,A,4000,active,False
1051,2025-09-27,NA,C,2400,defaulted,False
1052,2026-04-28,NA,C,2350,active,False
1053,2025-06-13,NA,A,4900,active,False
1054,2025-06-07,NA,B,2650,active,False
1055,2025-04-11,EU,D,1500,defaulted,False
1056,2025-10-24,NA,B,4050,defaulted,False
1057,2025-11-08,NA,A,3350,active,False
1058,2026-01-30,EU,C,1700,active,False
1059,2025-04-07,EU,A,3500,active,False
1060,2025-10-26,NA,A,4950,active,False
1061,2025-08-07,NA,A,5150,active,False
1062,2025-12-26,APAC,B,3450,active,False
1063,2026-04-02,NA,D,900,active,False
1064,2025-12-01,EU,C,2500,active,False
1065,2025-08-04,LATAM,C,2100,active,False
1066,2025-01-05,NA,D,1600,defaulted,False
1067,2025-02-12,NA,C,2300,active,False
1068,2026-04-13,NA,D,1550,active,False
1069,2026-02-20,APAC,D,1450,active,False
1070,2025-12-12,EU,C,1800,active,False
1071,2026-03-28,EU,A,5450,active,False
1072,2025-03-14,LATAM,D,1350,defaulted,False
1073,2025-01-24,EU,B,3500,defaulted,False
1074,2026-03-05,NA,E,950,active,False
1075,2025-01-07,NA,B,3400,active,False
1076,2026-05-04,EU,A,5250,active,False
1077,2025-03-19,LATAM,D,1200,defaulted,False
1078,2025-10-07,EU,B,2650,active,False
1079,2025-10-18,EU,D,1050,active,False
1080,2025-04-30,NA,D,1400,active,False
1081,2025-06-15,EU,B,3800,active,False
1082,2025-07-02,EU,C,2550,active,False
1083,2026-01-27,APAC,A,4050,active,False
1084,2025-03-11,APAC,D,900,active,False
1085,2026-03-25,EU,B,3900,active,False
1086,2026-01-21,EU,A,3000,active,False
1087,2025-04-24,NA,D,850,defaulted,False
1088,2025-10-09,APAC,E,650,defaulted,False
1089,2026-04-15,EU,E,750,active,False
1090,2025-03-09,NA,B,3500,active,False
1091,2025-03-25,EU,E,550,active,False
1092,2025-02-18,APAC,C,1450,defaulted,False
1093,2025-07-30,LATAM,B,2650,active,False
1094,2025-01-12,APAC,C,1950,defaulted,False
1095,2025-01-01,NA,D,1050,active,False
1096,2025-12-12,NA,B,2900,active,False
1097,2025-01-13,NA,B,2600,active,False
1098,2025-05-18,NA,A,5400,active,False
1099,2025-04-10,NA,D,1450,defaulted,False
1100,2025-12-11,EU,E,600,defaulted,False
1101,2025-08-23,NA,D,1150,active,False
1102,2025-07-01,NA,B,2750,active,False
1103,2025-10-22,APAC,C,2250,active,False
1104,2025-08-27,NA,C,1700,active,False
1105,2025-06-04,NA,E,700,defaulted,False
1106,2025-11-11,APAC,B,2900,active,False
1107,2025-05-28,NA,D,1450,active,False
1108,2025-10-14,NA,A,4600,active,False
1109,2025-09-01,NA,A,4750,active,False
1110,2025-05-25,EU,D,900,defaulted,False
1111,2025-01-19,APAC,B,3250,active,False
1112,2025-11-08,EU,C,2700,active,False
1113,2026-02-16,EU,C,2400,active,False
1114,2026-03-21,NA,D,800,active,False
1115,2025-07-24,NA,B,4150,active,False
1116,2025-11-19,EU,B,3900,active,False
1117,2025-12-01,NA,B,3400,active,False
1118,2025-08-31,EU,B,2400,defaulted,False
1119,2026-01-09,EU,C,2650,active,False
1120,2025-01-28,LATAM,A,5350,active,False
1121,2025-07-19,LATAM,E,850,defaulted,False
1122,2026-01-04,APAC,B,2600,active,False
1123,2025-09-15,LATAM,D,1250,defaulted,False
1124,2025-05-05,NA,D,1000,defaulted,False
1125,2025-07-09,NA,A,3400,active,False
1126,2026-02-06,NA,A,5000,active,False
1127,2025-06-30,EU,B,3000,defaulted,False
1128,2026-01-22,EU,B,2250,active,False
1129,2026-02-11,EU,B,3000,active,False
1130,2025-06-13,APAC,B,2950,defaulted,False
1131,2025-01-29,EU,A,4000,active,False
1132,2025-07-26,EU,C,1800,active,False
1133,2025-08-31,EU,B,3650,active,False
1134,2025-03-20,NA,C,2500,active,False
1135,2025-08-03,LATAM,B,4150,active,False
1136,2026-05-07,EU,B,2150,active,False
1137,2026-03-25,APAC,B,2450,active,False
1138,2026-03-02,EU,C,1650,active,False
1139,2026-05-30,APAC,B,3450,active,False
1140,2025-07-02,NA,B,3750,active,False
1141,2025-04-01,APAC,B,2950,active,False
1142,2025-10-01,NA,A,3050,active,False
1143,2026-05-24,NA,C,1750,active,False
1144,2026-02-13,NA,B,2450,active,False
1145,2025-09-24,LATAM,B,3600,active,False
1146,2025-11-17,APAC,A,5350,active,False
1147,2026-01-17,LATAM,B,2850,active,False
1148,2026-03-04,NA,C,1450,active,False
1149,2025-03-30,LATAM,C,1750,active,False
1150,2026-05-29,EU,D,1150,active,False
1151,2025-05-13,EU,A,5450,active,False
1152,2026-05-27,NA,D,1200,active,False
1153,2025-05-07,NA,E,550,active,False
1154,2025-02-08,APAC,C,2550,active,False
1155,2025-12-17,NA,B,2200,active,False
1156,2025-01-01,LATAM,A,3250,active,False
1157,2026-05-29,NA,B,2950,active,False
1158,2026-05-11,EU,D,1350,active,False
1159,2025-10-31,APAC,B,3450,defaulted,False
1160,2025-05-19,NA,A,5150,active,False
1161,2025-03-02,APAC,E,500,defaulted,False
1162,2025-01-22,EU,A,5050,active,False
1163,2025-10-19,NA,E,700,active,False
1164,2026-02-09,NA,B,3000,active,False
1165,2025-04-02,NA,B,2150,defaulted,False
1166,2025-12-19,NA,B,2400,active,False
1167,2026-03-11,LATAM,A,3300,active,False
1168,2025-01-08,LATAM,B,3700,active,False
1169,2025-11-28,EU,B,2100,active,False
1170,2026-04-16,EU,A,4650,active,False
1171,2025-03-21,NA,A,3450,active,False
1172,2026-02-26,EU,B,3950,active,False
1173,2025-02-09,NA,D,1150,active,False
1174,2026-01-25,APAC,B,3850,active,False
1175,2026-05-31,EU,D,1100,active,False
1176,2026-01-25,EU,C,2350,active,False
1177,2025-02-12,NA,D,850,defaulted,False
1178,2026-04-16,LATAM,C,2600,active,False
1179,2026-05-29,APAC,D,1400,active,False
1180,2026-04-26,LATAM,D,1050,active,False
1181,2025-03-19,NA,A,5250,active,False
1182,2025-05-16,APAC,B,2950,active,False
1183,2025-01-26,EU,C,2400,active,False
1184,2025-11-10,EU,E,550,active,False
1185,2025-12-22,NA,A,4600,active,False
1186,2025-03-15,NA,B,2950,active,False
1187,2025-02-16,NA,A,3700,active,False
1188,2025-09-07,EU,D,1100,active,False
1189,2026-04-13,NA,A,4350,active,False
1190,2026-02-24,NA,B,2350,active,False
1191,2025-01-04,EU,C,2600,active,False
1192,2025-02-07,NA,B,3500,active,False
1193,2025-05-01,EU,B,3350,active,False
1194,2025-03-05,LATAM,C,1650,active,False
1195,2025-07-18,NA,D,1600,active,False
1196,2026-04-21,EU,A,3500,active,False
1197,2026-02-18,LATAM,D,1300,active,False
1198,2025-02-07,EU,D,1550,active,False
1199,2026-05-14,EU,D,1050,active,False
1200,2026-02-08,EU,D,1250,active,False
1201,2025-06-26,NA,C,2250,active,False
1202,2026-03-03,NA,C,1500,active,False
1203,2025-11-25,APAC,E,850,defaulted,False
1204,2025-08-03,EU,C,2650,active,False
1205,2025-02-15,NA,D,1550,active,False
1206,2025-03-21,NA,B,2250,active,False
1207,2026-01-14,EU,A,4200,active,False
1208,2025-08-12,EU,A,5150,active,False
1209,2025-12-24,APAC,D,800,active,False
1210,2025-03-08,NA,B,4050,active,False
1211,2026-01-09,NA,D,1150,active,False
1212,2025-01-13,EU,B,3450,defaulted,False
1213,2025-05-05,NA,D,1450,defaulted,False
1214,2025-12-25,NA,A,3050,active,False
1215,2025-04-18,NA,B,3200,active,False
1216,2026-03-24,NA,A,5350,active,False
1217,2025-12-20,APAC,B,2900,active,False
1218,2025-06-22,NA,D,950,active,False
1219,2025-08-12,EU,D,900,active,False
1220,2025-03-04,NA,B,4000,active,False
1221,2025-11-20,EU,C,1700,defaulted,False
1222,2025-12-29,EU,A,3300,active,False
1223,2026-05-31,NA,D,1400,active,False
1224,2025-06-27,APAC,A,4900,active,False
1225,2025-01-08,EU,B,2800,active,False
1226,2025-12-23,EU,B,3550,active,False
1227,2026-03-20,LATAM,D,1200,active,False
1228,2025-10-30,LATAM,B,3800,active,False
1229,2025-07-02,NA,E,650,active,False
1230,2026-01-23,NA,E,850,active,False
1231,2025-03-22,EU,A,5150,active,False
1232,2025-09-22,LATAM,C,2050,active,False
1233,2025-03-07,NA,E,800,defaulted,False
1234,2025-05-11,EU,E,900,active,False
1235,2025-05-07,LATAM,C,2650,active,False
1236,2025-11-23,NA,B,3550,active,False
1237,2025-04-10,NA,D,1600,defaulted,False
1238,2025-03-07,NA,A,5350,active,False
1239,2026-04-23,NA,B,3600,active,False
1240,2025-11-02,APAC,D,1300,defaulted,False
1241,2026-03-10,APAC,B,2550,active,False
1242,2025-02-18,APAC,B,4050,active,False
1243,2025-07-11,EU,A,5200,active,False
1244,2025-05-01,LATAM,A,4250,active,False
1245,2026-01-11,NA,A,3850,active,False
1246,2025-07-30,LATAM,A,3800,active,False
1247,2025-02-22,APAC,B,2400,active,False
1248,2025-09-06,APAC,B,2100,active,False
1249,2025-03-16,NA,B,3850,active,False
1250,2025-09-16,NA,C,1550,active,False
1251,2026-05-18,NA,D,1100,active,False
1252,2026-01-13,APAC,C,1500,active,False
1253,2025-10-04,LATAM,C,1900,active,False
1254,2025-06-26,EU,B,3350,active,False
1255,2025-12-09,EU,B,2650,active,False
1256,2025-12-24,NA,A,2850,active,False
1257,2025-07-09,EU,C,1550,active,False
1258,2025-05-23,APAC,B,3400,active,False
1259,2026-05-18,APAC,A,5500,active,False
1260,2025-04-25,NA,B,2350,active,False
1261,2025-12-04,EU,A,4600,active,False
1262,2026-03-27,NA,B,3250,active,False
1263,2025-12-15,NA,E,750,active,False
1264,2025-03-06,LATAM,D,1550,active,False
1265,2025-08-28,NA,C,2100,active,False
1266,2026-01-12,NA,B,3850,active,False
1267,2025-10-26,EU,B,4050,active,False
1268,2025-07-17,EU,C,2000,active,False
1269,2025-03-06,APAC,B,2650,active,False
1270,2026-02-02,LATAM,C,1800,active,False
1271,2026-05-13,NA,B,2100,active,False
1272,2026-03-09,APAC,C,2100,active,False
1273,2025-05-18,NA,B,2700,active,False
1274,2025-05-23,EU,C,1700,defaulted,False
1275,2026-05-19,EU,B,2150,active,False
1276,2025-08-23,LATAM,A,4900,active,False
1277,2026-05-07,NA,D,1500,defaulted,False
1278,2025-01-27,EU,B,2800,active,False
1279,2026-05-02,NA,A,2800,active,False
1280,2025-11-09,NA,C,2400,active,False
1281,2026-01-02,NA,A,4900,active,False
1282,2025-06-19,NA,B,4150,active,False
1283,2026-05-13,EU,B,2400,active,False
1284,2025-12-11,NA,D,1250,active,False
1285,2025-09-23,APAC,C,1550,active,False
1286,2025-03-11,NA,C,2750,active,False
1287,2026-03-29,LATAM,D,850,active,False
1288,2026-03-15,NA,B,3850,active,False
1289,2025-08-29,NA,C,1800,active,False
1290,2025-11-20,EU,B,3000,active,False
1291,2025-03-16,NA,B,3800,active,False
1292,2025-12-02,NA,D,1000,defaulted,False
1293,2025-01-08,APAC,C,1700,active,False
1294,2025-04-21,APAC,A,4650,active,False
1295,2025-04-25,NA,A,4700,active,False
1296,2025-10-23,LATAM,B,2500,active,False
1297,2025-11-07,NA,C,1500,active,False
1298,2025-12-09,APAC,D,1500,active,False
1299,2025-05-24,APAC,D,1600,active,False
1300,2025-02-27,NA,C,2300,defaulted,False
1301,2025-12-23,EU,C,2700,active,False
1302,2025-12-30,EU,A,5350,active,False
1303,2025-07-31,NA,B,2650,active,False
1304,2025-06-27,EU,B,2950,active,False
1305,2026-05-21,NA,A,4900,active,False
1306,2025-08-19,NA,D,1000,active,False
1307,2025-07-10,NA,A,4450,active,False
1308,2026-04-19,APAC,C,1800,active,False
1309,2025-01-19,EU,A,3050,active,False
1310,2025-08-29,EU,C,2650,active,False
1311,2026-03-24,NA,B,2250,active,False
1312,2025-08-24,NA,D,1350,active,False
1313,2025-09-24,EU,B,2400,active,False
1314,2025-05-30,NA,B,2200,active,False
1315,2026-05-17,LATAM,A,4650,active,False
1316,2025-03-19,NA,B,3000,active,False
1317,2026-05-06,NA,A,3450,active,False
1318,2025-11-30,LATAM,A,4200,active,False
1319,2026-02-12,NA,D,1600,active,False
1320,2025-04-16,EU,D,1050,active,False
1321,2025-10-31,NA,B,2700,active,False
1322,2025-10-26,APAC,B,3700,active,False
1323,2026-04-20,APAC,B,3450,active,False
1324,2025-11-18,APAC,D,1550,active,False
1325,2026-03-04,NA,D,1650,active,False
1326,2025-06-24,NA,C,1700,active,False
1327,2025-06-05,NA,D,1200,active,False
1328,2025-07-09,EU,D,950,active,False
1329,2026-02-22,LATAM,D,1300,active,False
1330,2025-05-27,NA,A,3750,active,False
1331,2025-04-16,APAC,B,2150,active,False
1332,2026-02-09,NA,B,2400,active,False
1333,2025-11-24,NA,A,5050,active,False
1334,2025-08-25,EU,A,2900,active,False
1335,2025-08-24,APAC,B,2500,active,False
1336,2025-03-20,EU,D,1100,active,False
1337,2026-01-31,EU,B,2400,active,False
1338,2025-05-25,EU,C,2700,defaulted,False
1339,2025-06-15,NA,C,2100,active,False
1340,2025-06-01,LATAM,D,1450,active,False
1341,2025-05-14,APAC,A,3300,active,False
1342,2025-03-20,NA,A,3000,active,False
1343,2025-03-22,APAC,A,4150,active,False
1344,2025-08-07,LATAM,E,800,active,False
1345,2025-11-25,NA,B,3600,active,False
1346,2026-01-21,NA,E,850,active,False
1347,2025-11-26,NA,D,1300,active,False
1348,2025-12-19,APAC,D,1000,active,False
1349,2025-08-18,EU,C,1650,active,False
1350,2025-12-30,EU,B,3000,active,False
1351,2025-01-19,NA,D,800,active,False
1352,2025-09-02,EU,C,2450,active,False
1353,2026-04-27,NA,A,3200,active,False
1354,2026-02-18,EU,C,1650,active,False
1355,2026-01-22,NA,B,3050,active,False
1356,2025-08-20,EU,A,2900,active,False
1357,2025-08-26,NA,C,2700,active,False
1358,2026-03-09,LATAM,B,3850,active,False
1359,2025-01-07,NA,C,2000,active,False
1360,2025-11-15,EU,D,1250,active,False
1361,2025-03-25,NA,D,1550,active,False
1362,2025-07-02,NA,B,3400,active,False
1363,2026-05-16,LATAM,C,2250,active,False
1364,2025-09-26,NA,B,3500,active,False
1365,2025-12-26,NA,E,700,active,False
1366,2026-05-13,NA,A,3600,active,False
1367,2025-03-21,NA,C,2100,active,False
1368,2025-10-13,EU,B,3600,active,False
1369,2026-02-02,NA,E,950,active,False
1370,2025-04-25,NA,B,2300,active,False
1371,2026-01-21,NA,D,1300,active,False
1372,2025-08-22,APAC,A,3150,active,False
1373,2025-04-13,NA,C,1600,active,False
1374,2025-01-31,NA,B,3850,active,False
1375,2025-05-03,NA,B,2750,active,False
1376,2026-02-28,NA,A,5300,active,False
1377,2026-02-03,NA,B,3400,active,False
1378,2026-01-18,NA,B,2200,active,False
1379,2026-05-04,NA,E,600,active,False
1380,2026-01-31,APAC,D,1100,active,False
1381,2025-10-11,NA,B,4000,active,False
1382,2025-09-30,NA,A,4800,active,False
1383,2026-02-19,NA,A,4850,active,False
1384,2025-03-09,EU,A,3250,active,False
1385,2025-10-01,EU,C,1750,active,False
1386,2025-03-16,EU,C,2200,active,False
1387,2026-05-19,LATAM,C,2050,active,False
1388,2025-08-05,APAC,C,1650,active,False
1389,2025-09-03,NA,C,1500,active,False
1390,2026-05-31,LATAM,C,2550,active,False
1391,2025-09-09,APAC,B,4050,active,False
1392,2026-03-06,NA,B,2250,active,False
1393,2025-05-08,NA,A,4100,active,False
1394,2026-04-09,NA,B,3450,active,False
1395,2025-05-01,EU,C,1950,active,False
1396,2026-01-25,APAC,D,1350,active,False
1397,2025-12-12,NA,B,2450,active,False
1398,2025-11-10,NA,A,3550,active,False
1399,2026-01-24,NA,C,2300,active,False
1400,2025-05-22,EU,C,1700,active,False
1401,2025-01-30,APAC,C,1400,active,False
1402,2026-05-05,NA,D,1150,active,False
1403,2025-06-03,NA,A,4400,active,False
1404,2026-03-09,EU,E,850,defaulted,False
1405,2025-11-22,APAC,B,3500,active,False
1406,2026-01-23,APAC,B,2900,active,False
1407,2025-04-13,NA,D,1350,defaulted,False
1408,2025-04-15,NA,D,1600,defaulted,False
1409,2025-08-28,EU,B,3650,active,False
1410,2025-04-11,EU,B,2850,defaulted,False
1411,2026-05-10,NA,A,3450,active,False
1412,2025-10-29,APAC,C,2300,active,False
1413,2025-07-27,NA,C,2750,active,False
1414,2026-01-23,EU,D,1500,active,False
1415,2025-12-18,APAC,B,3500,active,False
1416,2025-05-15,APAC,B,3100,active,False
1417,2026-01-07,NA,B,2300,active,False
1418,2026-02-18,NA,C,1700,active,False
1419,2025-12-17,EU,C,2050,active,False
1420,2025-05-04,EU,D,950,active,False
1421,2025-10-20,EU,A,5050,active,False
1422,2025-02-02,APAC,D,1150,active,False
1423,2025-07-10,APAC,A,3900,active,False
1424,2025-10-31,NA,A,5100,active,False
1425,2025-10-05,EU,C,2650,active,False
1426,2025-03-11,EU,B,2500,active,False
1427,2025-10-13,NA,B,3400,active,False
1428,2025-09-09,NA,B,3250,active,False
1429,2026-02-03,APAC,C,1650,active,False
1430,2025-08-13,NA,C,2450,active,False
1431,2026-02-13,APAC,E,900,active,False
1432,2025-08-21,EU,B,2950,defaulted,False
1433,2025-06-11,EU,A,4350,active,False
1434,2025-11-25,EU,E,700,active,False
1435,2025-11-20,EU,B,2250,active,False
1436,2026-01-26,EU,C,2100,active,False
1437,2026-05-02,EU,C,2000,active,False
1438,2026-05-26,EU,C,2600,active,False
1439,2025-03-09,EU,C,1900,defaulted,False
1440,2025-11-06,NA,D,1300,active,False
1441,2025-07-12,LATAM,D,1200,defaulted,False
1442,2026-02-19,APAC,B,2950,active,False
1443,2026-03-31,EU,A,3100,active,False
1444,2026-03-09,EU,C,2550,active,False
1445,2025-11-10,NA,A,4000,active,False
1446,2025-03-09,EU,D,1250,active,False
1447,2025-08-07,EU,D,1000,active,False
1448,2025-04-21,EU,A,3400,active,False
1449,2025-08-07,NA,C,1600,active,False
1450,2025-07-28,EU,B,3450,active,False
1451,2025-11-04,NA,A,4400,active,False
1452,2026-03-07,NA,B,2500,active,False
1453,2025-12-05,EU,A,5100,active,False
1454,2025-05-01,NA,A,3400,active,False
1455,2026-01-26,NA,B,3000,active,False
1456,2026-03-11,NA,A,4250,active,False
1457,2025-03-21,NA,A,3700,active,False
1458,2025-07-06,EU,B,2600,active,False
1459,2026-01-28,EU,B,3800,active,False
1460,2026-04-30,EU,C,2750,active,False
1461,2025-06-04,APAC,B,3800,active,False
1462,2025-03-15,EU,B,3550,active,False
1463,2025-06-26,APAC,D,1350,defaulted,False
1464,2025-07-05,NA,E,750,active,False
1465,2025-04-10,LATAM,D,1300,defaulted,True
1466,2025-08-22,NA,B,3750,active,False
1467,2025-10-14,NA,B,2750,active,False
1468,2026-03-13,EU,A,2900,active,False
1469,2025-12-28,EU,C,2500,active,False
1470,2026-02-17,NA,C,1650,defaulted,False
1471,2025-08-12,APAC,C,1550,defaulted,False
1472,2026-03-23,NA,B,3450,active,False
1473,2025-02-16,APAC,A,4450,active,False
1474,2025-01-15,NA,B,2550,defaulted,False
1475,2026-03-16,NA,A,4750,active,False
1476,2025-10-17,LATAM,A,4300,active,False
1477,2025-06-15,NA,B,3350,defaulted,False
1478,2025-02-20,EU,B,2600,active,False
1479,2026-02-28,APAC,D,1350,active,False
1480,2025-10-22,NA,C,1550,active,False
1481,2025-06-21,NA,C,2100,active,False
1482,2025-03-09,EU,B,2150,active,False
1483,2026-04-24,NA,D,1100,active,False
1484,2025-05-18,APAC,A,4350,active,False
1485,2026-05-16,EU,C,2450,active,False
1486,2025-10-13,EU,B,2550,active,False
1487,2026-01-14,NA,C,1400,active,False
1488,2026-04-05,APAC,B,3650,active,False
1489,2025-03-09,EU,A,4150,active,False
1490,2025-03-01,EU,A,4650,active,False
1491,2025-05-16,EU,A,5450,active,False
1492,2025-12-15,EU,D,1650,active,False
1493,2026-05-16,NA,B,2950,active,False
1494,2025-06-22,NA,B,3050,active,False
1495,2025-08-18,NA,B,3900,defaulted,False
1496,2025-02-07,NA,A,5300,active,False
1497,2026-04-10,EU,D,1000,active,False
1498,2025-07-27,APAC,D,850,active,False
1499,2026-03-22,NA,B,2600,active,False
1500,2026-05-03,EU,E,900,defaulted,False
1501,2025-09-28,NA,A,5000,active,False
1502,2026-05-11,NA,B,2500,active,False
1503,2025-10-28,NA,D,1000,active,False
1504,2025-01-06,APAC,B,3700,active,False
1505,2025-01-13,APAC,D,1250,active,False
1506,2026-05-12,APAC,A,4100,active,False
1507,2026-02-26,EU,C,2350,defaulted,False
1508,2025-03-22,APAC,B,3100,active,False
1509,2025-10-16,APAC,D,1500,active,False
1510,2026-04-24,APAC,C,1950,active,False
1511,2025-10-25,EU,B,4150,active,False
1512,2025-06-06,APAC,C,2450,active,False
1513,2025-02-12,APAC,A,5400,active,False
1514,2025-03-01,NA,A,5050,active,False
1515,2025-05-27,EU,C,1650,active,False
1516,2025-07-16,NA,C,1800,defaulted,False
1517,2025-07-27,APAC,D,850,defaulted,False
1518,2025-07-25,APAC,B,3050,active,False
1519,2025-10-02,EU,E,750,active,False
1520,2025-01-04,NA,B,2700,active,False
1521,2026-02-26,EU,C,2500,active,False
1522,2025-01-21,EU,C,1800,active,False
1523,2025-01-13,EU,A,3950,active,False
1524,2025-06-15,NA,E,950,defaulted,False
1525,2026-01-29,NA,C,1650,active,False
1526,2025-07-28,EU,C,1950,active,False
1527,2025-10-30,APAC,A,4950,active,False
1528,2026-02-07,NA,B,2950,active,False
1529,2025-02-03,NA,C,2200,active,False
1530,2025-06-02,NA,C,1800,active,False
1531,2025-06-09,EU,A,4750,active,False
1532,2025-05-10,EU,B,2850,active,False
1533,2025-12-07,EU,E,500,active,False
1534,2026-04-22,NA,C,1900,active,False
1535,2026-05-13,NA,B,2300,active,False
1536,2026-02-24,APAC,B,2450,active,False
1537,2025-04-18,NA,B,3900,active,False
1538,2025-11-18,APAC,C,2350,active,False
1539,2026-03-14,NA,D,900,active,False
1540,2026-04-14,APAC,C,2450,active,False
1541,2025-05-04,NA,C,1600,active,False
1542,2025-08-07,LATAM,D,1300,active,False
1543,2025-09-05,EU,C,1400,active,False
1544,2025-03-28,EU,C,1450,active,False
1545,2026-03-25,NA,D,1350,active,False
1546,2025-07-11,APAC,C,1850,active,False
1547,2025-12-25,APAC,A,4200,active,False
1548,2025-05-18,NA,C,1600,active,False
1549,2025-01-25,LATAM,B,2250,active,False
1550,2025-11-23,NA,A,3350,active,False
1551,2025-11-11,EU,C,2550,active,False
1552,2025-05-23,APAC,D,1150,active,False
1553,2026-04-26,APAC,D,1600,active,False
1554,2025-01-04,EU,A,3050,active,False
1555,2026-03-31,NA,D,1550,active,False
1556,2025-04-25,EU,A,5400,active,False
1557,2025-11-08,NA,D,1300,defaulted,False
1558,2026-05-01,NA,A,4800,active,False
1559,2026-03-01,NA,B,3050,active,False
1560,2026-05-09,NA,B,3050,active,False
1561,2025-06-18,EU,C,2750,active,False
1562,2025-12-18,APAC,A,3850,defaulted,False
1563,2026-04-19,LATAM,C,2250,active,False
1564,2025-08-08,NA,B,2500,active,False
1565,2025-04-18,NA,D,900,defaulted,False
1566,2025-06-13,LATAM,A,3900,active,False
1567,2025-08-23,NA,B,3350,active,False
1568,2025-01-11,NA,C,1400,defaulted,False
1569,2025-02-23,LATAM,B,2700,defaulted,False
1570,2026-01-06,APAC,C,1900,active,False
1571,2025-02-26,EU,B,4100,active,False
1572,2026-05-16,EU,B,4000,active,False
1573,2026-05-17,APAC,D,1300,active,False
1574,2025-09-15,EU,C,2400,defaulted,False
1575,2025-12-10,NA,A,4550,active,False
1576,2025-10-02,EU,A,5100,active,False
1577,2026-03-29,APAC,B,2900,active,False
1578,2025-10-27,LATAM,C,2050,active,False
1579,2025-09-05,EU,A,5050,active,False
1580,2025-04-06,APAC,D,1550,defaulted,False
1581,2025-06-27,NA,E,750,active,False
1582,2026-01-14,EU,A,4850,active,False
1583,2025-12-24,EU,E,850,defaulted,False
1584,2025-10-01,NA,A,5300,active,False
1585,2026-04-23,EU,A,3100,active,False
1586,2025-04-12,EU,D,1350,defaulted,False
1587,2025-03-18,NA,D,1250,defaulted,False
1588,2025-01-25,APAC,C,2150,active,False
1589,2025-03-15,NA,B,3250,defaulted,False
1590,2026-01-11,NA,C,2400,active,False
1591,2025-02-19,APAC,B,4000,active,False
1592,2025-04-03,NA,C,1550,active,False
1593,2026-03-20,EU,B,2700,active,False
1594,2025-08-04,EU,E,900,active,False
1595,2026-05-08,EU,C,2650,active,False
1596,2025-04-14,NA,A,4600,active,False
1597,2026-03-18,EU,D,1200,active,False
1598,2025-06-19,EU,B,3900,defaulted,False
1599,2025-03-30,NA,B,3000,active,False
1600,2025-05-27,NA,C,1650,active,False
1601,2025-03-09,EU,B,3350,active,False
1602,2025-09-08,APAC,D,1000,active,False
1603,2025-06-06,NA,C,2650,active,False
1604,2025-09-21,EU,B,2950,active,False
1605,2026-04-10,NA,D,1400,active,False
1606,2025-01-04,NA,A,3700,active,False
1607,2025-05-01,APAC,B,2850,active,False
1608,2025-04-24,EU,C,2500,active,False
1609,2025-08-03,EU,B,3050,active,False
1610,2025-09-24,EU,B,2700,active,False
1611,2025-06-08,EU,B,3050,active,False
1612,2025-04-10,EU,B,3850,active,False
1613,2025-03-09,APAC,A,3850,defaulted,False
1614,2026-04-03,NA,D,900,defaulted,False
1615,2025-11-06,NA,E,800,defaulted,False
1616,2026-04-18,NA,B,3850,active,False
1617,2025-11-18,NA,B,2400,defaulted,False
1618,2026-03-07,NA,D,1500,active,False
1619,2025-12-13,NA,B,3950,active,False
1620,2025-04-05,EU,B,2850,active,False
1621,2026-05-17,EU,C,2100,defaulted,False
1622,2026-05-08,NA,B,2550,active,False
1623,2025-08-22,EU,A,3150,active,False
1624,2026-05-12,APAC,D,1550,defaulted,False
1625,2025-01-28,EU,B,3250,active,False
1626,2025-03-12,EU,E,850,defaulted,False
1627,2025-01-25,EU,B,3650,active,False
1628,2026-03-04,EU,B,2150,active,False
1629,2026-04-28,NA,B,3800,active,False
1630,2025-03-21,NA,A,4250,active,False
1631,2025-05-25,LATAM,C,1550,active,False
1632,2026-05-13,APAC,D,1600,active,False
1633,2026-05-09,APAC,E,600,active,False
1634,2025-07-07,NA,D,1250,active,False
1635,2026-04-15,NA,E,550,active,False
1636,2025-08-15,NA,A,3400,active,False
1637,2025-03-30,EU,B,3300,active,False
1638,2025-07-30,NA,A,3700,active,False
1639,2025-05-26,APAC,D,800,active,False
1640,2025-02-08,EU,A,3600,active,False
1641,2025-09-21,NA,C,2250,active,False
1642,2025-12-13,EU,C,1400,active,False
1643,2026-05-28,EU,B,2700,active,False
1644,2026-03-15,APAC,A,4750,active,False
1645,2026-04-06,LATAM,A,3700,active,False
1646,2025-03-15,EU,B,2100,active,False
1647,2025-04-22,EU,C,1650,active,False
1648,2025-03-25,EU,A,5050,active,False
1649,2025-04-02,NA,A,5050,active,False
1650,2025-08-06,LATAM,C,1800,active,False
1651,2025-08-30,LATAM,B,2800,active,False
1652,2025-12-18,NA,B,2500,active,False
1653,2025-04-18,NA,B,2500,active,False
1654,2025-08-13,NA,B,2950,active,False
1655,2026-04-18,NA,C,1800,active,False
1656,2025-03-27,NA,B,4100,active,False
1657,2025-09-06,NA,B,3600,active,False
1658,2025-05-30,APAC,B,3700,active,False
1659,2026-03-19,NA,B,4150,active,False
1660,2026-02-14,APAC,C,2400,active,False
1661,2026-03-18,EU,D,1400,active,False
1662,2025-09-25,NA,C,1500,active,False
1663,2025-10-20,LATAM,B,3850,active,False
1664,2025-07-04,APAC,B,3800,active,False
1665,2026-01-22,NA,C,2350,active,False
1666,2026-03-22,NA,E,850,active,False
1667,2025-07-15,NA,D,950,active,False
1668,2025-10-16,EU,B,3250,active,False
1669,2025-01-02,NA,B,2800,active,False
1670,2026-02-19,NA,B,2400,active,False
1671,2025-10-06,NA,A,5250,active,False
1672,2026-02-08,NA,C,2750,active,False
1673,2025-01-20,NA,D,1650,defaulted,False
1674,2025-04-09,EU,C,1600,active,False
1675,2025-07-02,APAC,C,2000,active,False
1676,2025-02-08,NA,E,750,defaulted,False
1677,2026-02-18,EU,B,3400,active,False
1678,2025-05-02,NA,C,2300,active,False
1679,2025-01-28,NA,A,3150,active,False
1680,2025-06-03,NA,C,2650,active,False
1681,2025-05-26,NA,A,3250,active,False
1682,2025-02-18,APAC,D,1200,defaulted,False
1683,2026-01-10,NA,C,1550,active,False
1684,2025-01-02,APAC,B,3700,active,False
1685,2026-03-09,APAC,C,2650,active,False
1686,2025-02-15,NA,B,2150,active,False
1687,2025-08-01,APAC,D,1400,defaulted,False
1688,2025-03-29,APAC,A,5100,active,False
1689,2025-04-07,LATAM,E,500,active,False
1690,2025-08-28,NA,A,4000,active,False
1691,2026-04-23,APAC,A,3900,active,False
1692,2025-03-22,APAC,C,2750,active,False
1693,2026-05-22,NA,B,3350,active,False
1694,2025-08-12,LATAM,A,3200,active,False
1695,2025-07-12,NA,B,2250,active,False
1696,2025-04-01,NA,D,1600,defaulted,False
1697,2026-03-18,EU,A,3250,active,False
1698,2025-09-28,EU,E,700,active,True
1699,2025-02-27,NA,B,4000,active,False
1700,2025-10-28,APAC,C,1950,active,False
1701,2025-04-17,APAC,B,3900,active,False
1702,2025-08-20,NA,A,5500,active,False
1703,2026-01-30,NA,B,3000,active,False
1704,2025-02-14,EU,C,2150,active,False
1705,2025-08-09,EU,C,1850,active,False
1706,2026-03-03,APAC,C,2150,active,False
1707,2026-04-08,APAC,B,2900,active,False
1708,2025-11-18,APAC,D,950,active,False
1709,2026-03-23,LATAM,D,1150,active,False
1710,2025-02-04,LATAM,B,2250,active,False
1711,2025-08-30,NA,D,1500,active,False
1712,2026-02-20,EU,D,1250,defaulted,False
1713,2026-04-11,NA,C,1650,active,False
1714,2025-11-24,APAC,B,2450,active,False
1715,2025-10-17,NA,C,2750,active,True
1716,2025-01-30,NA,B,3800,defaulted,False
1717,2025-08-22,NA,C,1550,active,False
1718,2025-10-07,EU,B,4150,active,False
1719,2025-03-26,APAC,B,3050,active,False
1720,2026-04-28,EU,C,1900,active,False
1721,2026-01-25,EU,B,3900,active,False
1722,2026-03-03,NA,C,2100,active,False
1723,2025-06-18,EU,B,3200,active,False
1724,2026-05-16,APAC,C,1750,active,False
1725,2025-05-15,NA,C,1900,active,False
1726,2025-01-26,EU,B,3650,active,False
1727,2026-01-04,EU,D,1500,active,False
1728,2025-11-01,EU,A,3500,active,False
1729,2025-12-09,EU,C,1850,active,False
1730,2025-09-05,EU,A,3250,active,False
1731,2025-08-04,LATAM,B,3350,active,False
1732,2025-07-04,NA,B,2250,active,False
1733,2025-07-08,EU,C,1700,active,False
1734,2026-05-06,NA,D,950,active,False
1735,2025-06-16,NA,B,3700,active,False
1736,2025-05-27,NA,A,3650,active,False
1737,2025-06-11,NA,B,3250,active,False
1738,2025-02-24,NA,C,1400,active,False
1739,2025-06-12,LATAM,C,2350,active,False
1740,2026-05-21,APAC,B,3000,active,False
1741,2026-05-29,NA,B,3350,active,False
1742,2026-02-28,EU,B,3400,active,False
1743,2025-09-02,NA,C,1750,active,False
1744,2025-07-01,APAC,D,1250,active,False
1745,2025-10-30,NA,C,2100,active,False
1746,2025-02-02,EU,B,3550,active,False
1747,2025-05-04,NA,E,750,active,False
1748,2025-12-04,EU,D,1450,active,False
1749,2025-01-25,NA,B,2450,active,False
1750,2025-12-17,NA,A,2950,active,False
1751,2025-01-04,LATAM,B,2400,defaulted,False
1752,2026-04-18,NA,A,5150,active,False
1753,2025-01-27,EU,D,1000,active,False
1754,2025-03-02,NA,D,1350,defaulted,False
1755,2025-01-16,EU,C,1450,active,False
1756,2025-05-19,NA,A,4100,active,False
1757,2026-02-09,EU,C,2500,active,False
1758,2026-03-30,LATAM,B,3600,active,False
1759,2025-02-22,APAC,C,2100,defaulted,False
1760,2025-01-23,APAC,C,1800,active,False
1761,2025-10-25,NA,A,3350,active,False
1762,2026-04-17,EU,A,4700,active,False
1763,2025-09-10,NA,A,4100,active,False
1764,2026-04-15,EU,B,3850,active,False
1765,2025-02-15,EU,A,4550,active,False
1766,2026-03-03,NA,A,3050,active,False
1767,2026-03-28,APAC,D,1200,defaulted,False
1768,2026-04-01,APAC,C,2500,active,False
1769,2026-01-13,EU,C,2250,active,False
1770,2025-06-14,NA,A,5200,active,False
1771,2026-03-20,APAC,B,3750,active,False
1772,2025-11-26,EU,E,900,defaulted,False
1773,2026-04-23,EU,B,2350,active,False
1774,2025-02-11,NA,B,3350,defaulted,False
1775,2026-03-13,EU,B,2100,active,False
1776,2025-04-02,EU,A,3700,active,False
1777,2025-09-07,NA,D,900,active,False
1778,2025-05-29,NA,A,5400,active,False
1779,2025-02-14,NA,A,3300,active,False
1780,2026-05-13,EU,C,1400,active,False
1781,2026-05-17,EU,A,4150,active,False
1782,2025-05-20,EU,B,3850,active,False
1783,2025-08-20,EU,A,4300,active,False
1784,2025-12-12,NA,B,4100,active,False
1785,2025-07-14,EU,C,2450,active,False
1786,2025-04-03,APAC,D,1300,active,False
1787,2025-09-10,APAC,C,2400,active,False
1788,2025-07-10,NA,B,2500,defaulted,False
1789,2026-01-22,LATAM,E,850,active,False
1790,2026-03-22,APAC,A,4300,active,False
1791,2025-05-04,NA,D,1200,defaulted,False
1792,2025-11-24,NA,B,3850,defaulted,False
1793,2025-09-29,NA,B,2800,defaulted,False
1794,2026-05-31,EU,B,3650,active,False
1795,2025-07-22,APAC,D,950,active,False
1796,2026-02-05,APAC,B,2750,active,False
1797,2025-07-28,NA,B,3450,active,False
1798,2025-12-29,NA,E,700,defaulted,False
1799,2025-05-28,APAC,B,2400,active,False
1800,2026-03-28,LATAM,B,3150,active,False
1801,2025-12-11,APAC,A,5250,active,False
1802,2026-05-03,NA,A,4700,active,False
1803,2025-10-09,NA,C,2200,active,False
1804,2025-03-31,NA,A,4200,active,False
1805,2026-02-23,EU,A,3000,active,False
1806,2025-01-03,NA,A,3200,active,False
1807,2025-07-14,NA,C,2400,active,False
1808,2025-03-22,EU,C,1650,active,False
1809,2026-03-11,NA,B,2550,active,False
1810,2025-07-25,EU,C,2000,active,False
1811,2026-01-01,NA,B,2500,active,False
1812,2025-07-29,EU,B,3750,active,False
1813,2025-08-13,EU,B,2500,active,False
1814,2025-03-29,EU,B,2600,active,False
1815,2025-03-24,EU,C,2550,active,False
1816,2025-02-22,APAC,C,1700,active,False
1817,2025-10-01,EU,B,2600,active,False
1818,2025-07-21,APAC,D,850,defaulted,False
1819,2025-12-27,NA,B,2700,active,False
1820,2026-01-28,EU,C,2550,active,False
1821,2025-08-09,EU,D,900,active,False
1822,2025-04-15,NA,D,900,active,False
1823,2025-02-05,APAC,E,550,defaulted,False
1824,2026-02-09,EU,B,4000,active,False
1825,2025-09-10,NA,C,1500,active,False
1826,2026-03-21,EU,D,1100,active,False
1827,2025-08-19,EU,C,1650,defaulted,False
1828,2025-03-18,NA,C,2250,active,False
1829,2025-12-14,EU,A,5550,active,False
1830,2026-01-09,NA,C,2700,defaulted,False
1831,2025-07-16,NA,C,1950,active,False
1832,2025-03-03,NA,B,3250,active,False
1833,2026-04-24,NA,C,2250,active,False
1834,2025-11-20,LATAM,C,2700,active,False
1835,2026-05-30,APAC,C,2550,active,False
1836,2025-01-04,EU,A,3650,active,False
1837,2025-01-06,NA,B,2300,active,False
1838,2025-12-30,NA,B,3550,active,False
1839,2025-04-07,EU,B,3000,active,False
1840,2025-12-01,NA,B,3900,active,False
1841,2025-07-02,EU,C,2150,active,False
1842,2025-01-22,EU,C,1650,active,False
1843,2025-05-16,NA,B,3000,defaulted,False
1844,2026-01-19,EU,C,2450,active,False
1845,2025-08-13,NA,C,2450,active,False
1846,2025-06-21,EU,C,1900,active,False
1847,2025-01-17,EU,E,650,active,False
1848,2025-02-04,APAC,B,3550,active,False
1849,2026-04-25,EU,A,4200,active,False
1850,2025-11-04,EU,A,3950,active,False
1851,2025-10-18,EU,C,2350,active,False
1852,2025-08-07,NA,B,3300,active,False
1853,2025-02-03,NA,C,2450,active,False
1854,2025-10-12,NA,E,650,active,False
1855,2026-04-27,EU,B,3800,active,False
1856,2025-03-11,NA,B,2150,active,False
1857,2025-03-22,APAC,B,2800,active,False
1858,2025-12-01,APAC,A,3800,active,False
1859,2025-04-22,EU,E,550,active,False
1860,2026-05-03,NA,B,2250,active,False
1861,2025-10-02,NA,D,1400,defaulted,False
1862,2026-05-25,EU,B,3700,active,False
1863,2025-08-21,NA,B,3500,active,False
1864,2025-07-31,NA,A,4200,defaulted,False
1865,2025-08-13,LATAM,D,1550,active,False
1866,2026-05-30,EU,B,3150,active,False
1867,2026-04-06,NA,A,4650,active,False
1868,2025-07-03,NA,B,3250,active,False
1869,2025-02-24,EU,A,3300,defaulted,False
1870,2025-08-29,EU,C,2700,defaulted,False
1871,2025-11-11,LATAM,B,3500,active,False
1872,2025-07-07,APAC,C,2200,active,False
1873,2025-12-04,LATAM,E,700,active,False
1874,2025-01-31,EU,C,2300,active,False
1875,2026-05-04,NA,C,1550,active,False
1876,2026-04-18,LATAM,E,750,active,False
1877,2025-07-26,EU,A,4200,active,False
1878,2026-05-24,NA,D,1000,active,False
1879,2025-02-01,NA,B,2750,defaulted,False
1880,2026-02-05,LATAM,D,1200,active,False
1881,2025-10-26,APAC,B,2400,active,False
1882,2025-02-15,NA,C,1450,active,False
1883,2025-08-22,NA,A,3150,active,False
1884,2026-05-03,NA,C,2300,active,False
1885,2025-09-23,NA,B,3900,active,False
1886,2026-01-08,EU,D,950,active,False
1887,2025-11-25,NA,B,3150,active,False
1888,2026-03-24,LATAM,C,1750,active,False
1889,2025-03-25,NA,A,3450,active,False
1890,2025-01-11,LATAM,C,2450,active,False
1891,2025-10-24,NA,C,2000,active,False
1892,2025-05-06,NA,B,2600,active,False
1893,2025-05-24,NA,A,4100,active,False
1894,2025-01-21,EU,B,3250,active,False
1895,2026-05-08,NA,B,3400,active,False
1896,2025-03-14,APAC,D,1250,active,False
1897,2025-08-12,APAC,A,4100,active,False
1898,2026-01-27,EU,C,1750,active,False
1899,2025-09-23,EU,C,2600,active,False
1900,2025-02-01,NA,B,2200,active,False
1901,2025-04-20,NA,D,1350,defaulted,False
1902,2025-08-06,LATAM,A,5450,active,False
1903,2026-04-02,NA,B,2400,active,False
1904,2025-10-19,NA,B,3150,active,False
1905,2025-07-25,EU,C,1550,active,False
1906,2025-10-29,EU,B,4050,active,False
1907,2025-06-10,NA,C,1800,defaulted,False
1908,2026-01-04,APAC,C,1850,active,False
1909,2026-05-25,NA,B,3800,active,False
1910,2025-12-08,EU,B,3300,active,False
1911,2025-05-26,NA,B,2350,active,False
1912,2026-05-14,EU,D,1300,active,False
1913,2025-07-20,APAC,B,2400,active,False
1914,2025-02-16,NA,C,2100,active,False
1915,2025-05-22,EU,B,3350,active,False
1916,2026-02-07,NA,B,2700,defaulted,False
1917,2025-06-16,NA,B,3000,active,False
1918,2025-07-25,APAC,E,650,active,False
1919,2026-01-19,EU,C,2550,active,False
1920,2025-12-03,EU,C,1550,active,False
1921,2026-05-16,NA,E,600,defaulted,False
1922,2025-07-11,APAC,D,1050,active,False
1923,2026-04-05,EU,D,1000,active,False
1924,2025-02-04,EU,B,4150,active,False
1925,2025-02-08,NA,C,1650,active,False
1926,2025-05-20,NA,B,3100,active,False
1927,2026-03-05,APAC,E,900,defaulted,False
1928,2025-03-15,LATAM,B,3550,active,False
1929,2026-03-04,EU,C,1450,active,False
1930,2025-09-12,NA,C,1650,active,False
1931,2025-10-01,APAC,C,2650,active,False
1932,2026-04-06,LATAM,C,2600,active,False
1933,2025-06-02,NA,A,3700,active,False
1934,2025-04-06,EU,B,3050,active,False
1935,2025-05-22,EU,B,3450,active,False
1936,2026-05-12,APAC,A,5000,active,False
1937,2025-08-14,NA,C,2500,active,False
1938,2025-08-25,NA,C,1900,defaulted,False
1939,2025-01-13,LATAM,A,5050,active,False
1940,2025-05-25,NA,B,3500,active,False
1941,2025-06-04,NA,C,2200,defaulted,False
1942,2026-01-21,NA,C,1400,active,False
1943,2025-11-20,NA,C,2350,active,False
1944,2025-06-01,NA,A,3750,active,False
1945,2025-06-10,APAC,B,3300,active,False
1946,2025-07-26,EU,C,1950,active,False
1947,2025-06-06,NA,D,1500,active,False
1948,2025-02-12,EU,A,4200,active,False
1949,2025-01-05,NA,C,1800,active,False
1950,2026-01-18,NA,A,4650,active,False
1951,2025-11-10,NA,A,5450,active,False
1952,2026-01-10,NA,C,2700,defaulted,False
1953,2026-03-16,LATAM,A,4450,active,False
1954,2025-12-25,EU,A,3300,active,False
1955,2025-08-05,NA,C,2050,active,True
1956,2025-03-16,LATAM,B,2900,active,False
1957,2026-02-19,EU,B,3450,active,False
1958,2025-12-24,LATAM,A,3150,active,False
1959,2026-05-11,EU,A,4750,active,False
1960,2026-03-18,EU,B,4000,active,False
1961,2025-07-31,NA,E,950,active,False
1962,2025-10-30,NA,A,3750,active,False
1963,2026-03-02,NA,A,3350,active,False
1964,2026-05-01,EU,A,4000,active,False
1965,2025-05-06,APAC,D,1050,active,False
1966,2025-12-03,LATAM,A,5550,active,False
1967,2025-06-09,EU,C,1800,active,False
1968,2025-08-25,NA,B,3300,active,False
1969,2025-08-27,NA,B,2600,active,False
1970,2026-05-29,NA,B,3350,active,False
1971,2026-04-19,APAC,E,550,active,False
1972,2026-04-23,NA,B,3300,active,False
1973,2025-05-26,NA,A,3800,active,False
1974,2025-05-02,EU,B,3150,active,False
1975,2025-06-21,NA,A,4000,active,False
1976,2025-02-12,NA,C,1700,active,False
1977,2025-06-26,NA,C,1500,active,False
1978,2026-02-13,LATAM,E,500,active,False
1979,2025-11-04,EU,B,3650,active,False
1980,2026-03-22,NA,A,4000,active,False
1981,2026-02-25,NA,C,2550,active,False
1982,2025-09-15,EU,A,5550,active,False
1983,2025-04-08,APAC,B,2450,active,False
1984,2025-06-21,APAC,A,5250,active,False
1985,2026-05-19,APAC,B,3650,active,False
1986,2025-01-21,EU,B,2450,active,False
1987,2026-01-14,NA,B,4000,active,False
1988,2026-02-20,NA,D,1500,active,False
1989,2025-03-17,NA,D,1450,active,False
1990,2025-08-04,EU,B,3200,active,False
1991,2026-02-11,NA,A,3500,active,False
1992,2025-01-12,NA,B,3000,defaulted,False
1993,2025-09-13,NA,A,3800,active,False
1994,2025-02-03,NA,B,2800,active,False
1995,2025-02-24,NA,B,3550,active,False
1996,2026-04-25,APAC,B,3550,defaulted,False
1997,2025-04-30,NA,A,5450,active,False
1998,2025-08-15,NA,B,3450,active,False
1999,2025-06-19,NA,B,4000,active,False
2000,2025-10-20,APAC,C,1500,defaulted,False
2001,2025-12-08,APAC,A,4850,active,True
2002,2026-05-16,EU,A,5250,active,False
2003,2025-07-06,EU,B,3650,active,False
2004,2025-01-30,EU,B,3450,active,False
2005,2025-02-02,NA,C,1750,active,False
2006,2025-01-06,EU,E,550,defaulted,False
2007,2025-10-15,LATAM,A,4800,active,False
2008,2026-01-07,APAC,E,900,defaulted,False
2009,2025-07-26,LATAM,B,2550,active,False
2010,2025-03-04,EU,A,5350,active,False
2011,2025-12-13,EU,C,2100,active,False
2012,2025-07-06,NA,C,2500,active,False
2013,2025-07-07,NA,A,4250,active,False
2014,2025-03-24,NA,A,4100,active,False
2015,2025-10-03,NA,B,3250,defaulted,False
2016,2025-05-03,NA,E,850,active,False
2017,2025-09-26,EU,B,2650,active,False
2018,2026-04-05,LATAM,B,3750,active,False
2019,2025-04-21,NA,D,900,defaulted,False
2020,2025-10-31,NA,A,5350,active,False
2021,2025-11-12,APAC,B,2100,active,False
2022,2025-09-07,APAC,B,2550,active,False
2023,2025-06-22,LATAM,C,1500,active,False
2024,2025-07-05,APAC,A,4700,active,False
2025,2026-03-01,NA,B,2100,active,False
2026,2025-03-12,EU,A,3850,active,False
2027,2025-05-18,NA,C,2600,active,False
2028,2026-02-17,NA,D,900,active,False
2029,2025-06-27,EU,A,3000,active,False
2030,2025-10-12,NA,D,1550,active,False
2031,2025-04-07,EU,C,2500,active,False
2032,2026-02-11,NA,C,2250,active,False
2033,2025-10-07,LATAM,C,1900,active,False
2034,2025-04-01,NA,A,3500,defaulted,False
2035,2026-03-25,APAC,C,1500,active,False
2036,2025-04-28,NA,A,4600,active,False
2037,2025-09-29,NA,D,1050,active,False
2038,2025-12-16,NA,B,3800,active,False
2039,2026-02-17,APAC,D,1450,active,False
2040,2025-02-01,NA,A,4300,active,False
2041,2025-06-09,APAC,C,2500,defaulted,False
2042,2025-03-26,NA,B,3500,active,False
2043,2025-04-03,NA,D,1450,active,False
2044,2025-08-24,APAC,C,2550,active,False
2045,2025-02-27,LATAM,D,1600,active,False
2046,2025-10-14,NA,A,3600,active,False
2047,2025-01-06,NA,A,5250,active,False
2048,2025-02-06,NA,B,3650,active,False
2049,2025-11-21,LATAM,B,3400,defaulted,False
2050,2025-10-19,EU,C,1800,active,False
2051,2025-12-18,NA,B,2350,active,False
2052,2025-05-16,EU,D,1650,active,False
2053,2025-11-02,EU,B,3350,active,False
2054,2025-07-20,NA,C,2450,active,False
2055,2025-08-21,EU,C,2000,active,False
2056,2025-06-27,APAC,D,1600,active,False
2057,2025-05-10,LATAM,C,2400,active,False
2058,2025-06-05,EU,B,2600,defaulted,False
2059,2025-04-20,NA,D,1500,active,False
2060,2025-09-03,EU,B,2300,active,False
2061,2025-06-19,NA,C,1400,active,False
2062,2025-08-27,EU,B,4050,active,False
2063,2025-09-14,NA,A,3200,active,False
2064,2025-10-03,EU,D,1650,active,False
2065,2025-02-20,NA,B,3200,active,False
2066,2025-10-05,NA,D,1400,active,False
2067,2025-05-22,NA,E,700,defaulted,False
2068,2025-11-09,NA,E,900,active,False
2069,2025-09-23,NA,E,850,defaulted,False
2070,2025-11-19,EU,C,2400,active,False
2071,2025-04-19,EU,B,4000,active,False
2072,2025-10-18,NA,B,2600,active,False
2073,2025-08-15,NA,A,3450,active,False
2074,2025-08-16,NA,C,2050,active,False
2075,2026-01-13,NA,A,4500,active,False
2076,2025-03-15,APAC,D,900,active,False
2077,2025-08-02,EU,B,3850,active,False
2078,2025-06-20,EU,B,2650,active,False
2079,2026-03-10,NA,D,1400,defaulted,False
2080,2026-04-17,NA,C,1750,active,False
2081,2025-03-12,APAC,A,4850,active,False
2082,2025-04-18,EU,A,4250,active,False
2083,2026-03-09,EU,D,1450,defaulted,False
2084,2025-07-31,NA,B,2100,active,False
2085,2025-01-19,EU,B,3050,active,False
2086,2025-11-11,LATAM,A,3800,active,False
2087,2026-01-03,LATAM,A,3200,active,False
2088,2025-07-25,APAC,A,4750,active,False
2089,2025-08-31,EU,B,2600,active,False
2090,2025-08-24,EU,A,4650,active,False
2091,2025-06-22,EU,A,4400,active,False
2092,2025-08-09,NA,C,1550,active,False
2093,2025-07-11,NA,C,2000,active,False
2094,2026-03-29,NA,B,2250,active,False
2095,2025-06-14,APAC,C,2650,active,False
2096,2025-10-11,NA,B,3650,active,False
2097,2025-09-02,APAC,A,4900,active,False
2098,2026-02-26,APAC,A,3700,active,False
2099,2026-01-09,EU,E,750,active,False
2100,2026-02-27,EU,C,2700,active,False
2101,2025-09-06,NA,A,5300,active,False
2102,2025-09-07,NA,C,1700,active,False
2103,2025-02-22,APAC,B,4050,active,False
2104,2026-04-14,NA,B,3700,active,False
2105,2025-07-03,EU,B,2250,active,False
2106,2025-09-02,NA,D,1100,active,False
2107,2025-05-10,NA,B,2700,active,False
2108,2025-12-24,EU,B,3850,active,False
2109,2026-04-15,NA,A,4250,active,False
2110,2026-02-14,LATAM,C,2600,active,False
2111,2025-12-28,EU,D,1300,active,False
2112,2025-04-30,APAC,D,1400,active,False
2113,2025-11-24,NA,D,1400,active,False
2114,2026-01-19,APAC,B,2650,active,False
2115,2026-05-13,NA,B,2700,active,False
2116,2025-12-23,EU,B,3700,defaulted,False
2117,2026-01-15,NA,D,1400,active,False
2118,2026-05-10,APAC,C,1900,active,False
2119,2025-12-29,NA,B,4100,active,False
2120,2025-07-11,NA,D,1200,defaulted,False
2121,2025-08-09,NA,D,1100,active,False
2122,2025-12-02,NA,C,2250,active,False
2123,2025-06-18,NA,A,4250,active,False
2124,2026-05-22,NA,D,1550,active,False
2125,2026-01-02,NA,C,2650,active,False
2126,2026-03-06,LATAM,D,1150,active,False
2127,2025-10-26,EU,D,1000,active,False
2128,2026-01-08,APAC,A,4900,active,False
2129,2026-01-05,NA,C,1900,active,False
2130,2026-03-11,EU,B,2500,active,False
2131,2025-03-29,NA,D,1500,defaulted,False
2132,2025-06-25,NA,B,2600,active,False
2133,2025-04-25,EU,C,2550,active,False
2134,2025-09-24,EU,A,4750,defaulted,False
2135,2025-11-16,EU,A,4250,active,False
2136,2025-03-30,NA,A,4450,active,False
2137,2025-08-06,NA,D,1050,defaulted,False
2138,2026-02-12,NA,C,2750,active,False
2139,2025-12-11,APAC,A,4150,active,False
2140,2026-05-03,APAC,C,1500,active,False
2141,2026-03-12,EU,A,2900,active,False
2142,2026-05-27,APAC,C,2150,active,False
2143,2025-06-08,EU,B,3750,active,False
2144,2025-07-09,APAC,C,1900,active,False
2145,2025-04-19,NA,C,1400,defaulted,False
2146,2026-02-16,NA,B,4050,active,False
2147,2026-04-29,EU,B,2650,active,False
2148,2025-05-14,NA,D,1200,defaulted,False
2149,2025-07-21,EU,B,2700,active,False
2150,2025-09-24,NA,B,2700,active,False
2151,2025-07-07,NA,C,2450,active,False
2152,2025-07-14,EU,D,1150,defaulted,False
2153,2025-02-03,APAC,A,4900,defaulted,False
2154,2025-01-30,NA,D,900,defaulted,False
2155,2025-04-01,EU,C,1750,active,False
2156,2026-03-13,APAC,B,3650,active,False
2157,2025-12-08,NA,B,3600,active,False
2158,2025-11-14,NA,A,4300,active,False
2159,2025-08-26,EU,C,2700,active,False
2160,2025-06-19,APAC,C,1750,active,False
2161,2026-03-23,NA,C,1400,active,True
2162,2025-05-13,EU,C,1850,active,False
2163,2026-04-07,NA,B,2250,active,False
2164,2025-09-01,EU,C,2500,defaulted,False
2165,2026-01-03,NA,C,2350,active,False
2166,2025-05-11,EU,B,2650,active,False
2167,2025-06-09,APAC,B,2700,active,False
2168,2025-11-12,NA,A,4450,active,False
2169,2025-12-25,EU,B,2350,active,False
2170,2026-04-06,APAC,C,1800,active,False
2171,2026-02-19,EU,A,4250,active,False
2172,2026-03-23,APAC,B,2700,active,False
2173,2025-06-07,EU,D,1150,active,False
2174,2025-08-09,NA,D,900,active,False
2175,2025-05-19,APAC,B,2650,active,False
2176,2026-03-30,NA,D,1050,active,False
2177,2025-08-03,NA,B,3950,active,False
2178,2025-07-16,EU,E,550,active,False
2179,2025-12-28,NA,B,3450,defaulted,False
2180,2025-10-25,NA,C,2650,active,False
2181,2026-01-22,NA,A,4450,active,False
2182,2025-09-24,NA,B,3150,active,True
2183,2025-03-05,NA,D,850,defaulted,False
2184,2025-07-08,NA,B,3450,active,False
2185,2025-07-31,APAC,A,4650,active,False
2186,2025-06-29,NA,A,4300,active,False
2187,2025-06-13,EU,B,2950,active,False
2188,2026-01-18,EU,B,2650,active,False
2189,2025-09-04,NA,D,800,active,False
2190,2025-04-26,APAC,C,2350,active,False
2191,2025-11-08,NA,A,4650,active,False
2192,2025-01-19,NA,B,3100,active,False
2193,2025-04-17,EU,C,2750,active,False
2194,2026-03-09,EU,B,2550,active,False
2195,2026-04-16,NA,C,2400,active,False
2196,2025-10-01,LATAM,D,1000,active,False
2197,2025-01-31,APAC,B,3550,defaulted,False
2198,2026-01-05,APAC,B,3050,active,False
2199,2026-01-20,EU,B,2100,active,False
2200,2025-01-02,NA,C,2100,active,False
2201,2025-01-27,EU,B,3050,defaulted,False
2202,2025-04-22,NA,C,1650,active,False
2203,2025-10-08,EU,A,5400,active,False
2204,2025-07-13,APAC,B,3350,active,False
2205,2025-05-02,NA,A,5050,active,False
2206,2026-05-26,LATAM,A,4150,active,False
2207,2025-01-20,EU,D,900,defaulted,False
2208,2025-10-25,APAC,B,3400,active,False
2209,2026-01-05,NA,B,2750,active,False
2210,2025-07-08,NA,B,2750,active,False
2211,2026-02-12,NA,B,2550,active,False
2212,2025-02-26,APAC,C,1750,active,False
2213,2026-01-03,EU,C,1600,active,False
2214,2025-03-28,EU,A,3550,active,False
2215,2025-05-11,NA,A,3800,active,False
2216,2026-04-21,EU,C,2750,active,False
2217,2026-02-12,NA,B,3350,active,False
2218,2026-03-18,EU,D,1350,active,False
2219,2025-09-25,NA,C,2650,active,False
2220,2026-04-24,EU,C,1850,active,False
2221,2025-05-22,EU,A,3500,active,False
2222,2025-03-10,EU,A,3350,active,False
2223,2025-01-02,EU,B,2800,active,False
2224,2025-11-18,NA,A,5250,active,False
2225,2025-03-31,EU,B,3700,active,False
2226,2025-07-24,NA,B,2500,active,False
2227,2026-05-25,EU,D,1200,active,False
2228,2025-02-22,NA,C,1850,active,False
2229,2026-03-08,NA,A,4000,active,False
2230,2025-04-06,EU,A,4800,active,False
2231,2025-08-23,NA,B,3600,active,False
2232,2025-01-19,APAC,B,2450,active,False
2233,2025-03-03,NA,C,2200,active,False
2234,2025-09-09,NA,B,2350,active,False
2235,2025-01-29,EU,D,800,active,False
2236,2025-10-22,EU,D,950,active,False
2237,2025-06-17,EU,A,5300,active,False
2238,2025-09-19,NA,B,3700,active,False
2239,2026-03-11,EU,B,4100,active,False
2240,2025-01-23,APAC,A,4350,active,False
2241,2026-03-20,NA,B,2900,active,False
2242,2025-05-07,APAC,B,2950,active,False
2243,2025-02-15,NA,D,1650,defaulted,False
2244,2025-01-08,NA,B,3400,active,False
2245,2025-08-15,EU,B,3550,active,False
2246,2025-12-02,APAC,D,1150,active,False
2247,2025-08-22,EU,C,2100,defaulted,False
2248,2025-08-22,EU,D,1200,active,False
2249,2025-04-27,NA,B,2300,active,False
2250,2025-05-27,NA,A,3050,active,False
2251,2025-10-28,EU,D,1100,active,False
2252,2026-02-13,NA,A,4800,active,False
2253,2026-01-31,NA,C,2100,active,False
2254,2025-09-29,LATAM,C,2500,active,False
2255,2026-01-15,EU,A,4450,active,False
2256,2025-02-18,NA,C,2500,defaulted,False
2257,2026-03-23,NA,B,2900,active,False
2258,2025-12-28,EU,B,3400,active,False
2259,2025-01-01,NA,C,1600,active,False
2260,2026-04-07,NA,B,3700,active,False
2261,2025-02-13,NA,C,2450,active,False
2262,2025-04-10,LATAM,B,2900,active,False
2263,2026-02-19,NA,A,5450,active,False
2264,2025-02-01,EU,C,1950,active,False
2265,2025-05-30,NA,A,4850,active,False
2266,2025-03-24,NA,B,4050,active,False
2267,2025-08-01,APAC,B,3150,active,False
2268,2025-07-11,NA,D,1150,active,False
2269,2025-06-05,NA,B,2500,active,False
2270,2025-12-22,NA,B,3850,active,False
2271,2026-01-17,LATAM,B,3350,active,False
2272,2025-01-29,NA,C,1400,active,False
2273,2026-04-27,EU,B,3400,active,False
2274,2025-01-05,APAC,B,3350,active,False
2275,2026-04-29,EU,B,4150,active,False
2276,2025-10-27,NA,B,2700,active,False
2277,2026-01-29,LATAM,A,4150,active,False
2278,2025-08-12,LATAM,C,1900,active,False
2279,2025-01-27,NA,B,2100,active,False
2280,2025-02-28,EU,B,3300,active,False
2281,2026-01-12,NA,B,2300,active,False
2282,2025-10-14,NA,C,2400,active,False
2283,2025-12-07,EU,B,2550,active,False
2284,2026-05-10,NA,C,2200,active,False
2285,2026-02-10,NA,B,2500,active,False
2286,2026-03-20,NA,A,2800,active,False
2287,2026-01-01,EU,A,4750,active,False
2288,2025-12-19,NA,B,3150,active,False
2289,2026-04-14,APAC,E,650,active,False
2290,2025-06-17,NA,B,3900,active,False
2291,2026-02-04,EU,C,2200,active,False
2292,2025-08-09,NA,A,3700,active,False
2293,2025-06-07,APAC,A,4700,active,False
2294,2025-11-20,NA,D,800,active,False
2295,2025-03-01,NA,D,1150,active,False
2296,2025-11-05,NA,A,5150,active,False
2297,2025-02-19,NA,B,2300,active,False
2298,2025-03-28,NA,C,2350,active,False
2299,2025-07-19,EU,C,2650,active,False
2300,2026-01-06,NA,A,4300,active,False
2301,2025-06-07,NA,A,4650,active,False
2302,2025-12-15,NA,B,2750,active,False
2303,2025-12-24,NA,B,3900,active,False
2304,2025-04-07,LATAM,B,2500,active,False
2305,2025-11-15,EU,A,2800,active,False
2306,2026-01-17,NA,B,2200,active,False
2307,2025-05-11,EU,C,1650,active,False
2308,2025-04-23,APAC,C,1650,active,False
2309,2025-10-26,NA,A,3050,active,False
2310,2025-02-25,LATAM,C,2050,active,False
2311,2025-07-14,NA,C,2700,active,False
2312,2025-10-19,LATAM,A,3400,active,False
2313,2026-01-22,NA,A,4850,active,False
2314,2026-01-15,EU,B,3850,active,False
2315,2025-06-19,EU,C,2100,active,False
2316,2025-04-04,APAC,C,2250,active,False
2317,2025-03-19,EU,A,3100,active,False
2318,2025-02-05,NA,A,3200,defaulted,False
2319,2025-02-22,NA,B,4000,active,False
2320,2025-10-31,NA,A,3750,active,False
2321,2025-05-01,APAC,D,1400,active,False
2322,2025-09-20,NA,C,2400,active,False
2323,2025-08-03,APAC,B,3450,active,False
2324,2025-05-06,NA,D,1600,defaulted,False
2325,2025-09-05,NA,E,900,defaulted,False
2326,2026-03-10,LATAM,B,3550,active,False
2327,2025-12-24,APAC,A,3950,active,False
2328,2025-02-22,EU,D,900,defaulted,False
2329,2026-01-05,NA,A,4400,active,False
2330,2025-08-06,APAC,B,4100,active,False
2331,2026-02-11,EU,A,2800,active,False
2332,2026-01-24,EU,A,5150,active,False
2333,2026-03-26,NA,C,2200,active,False
2334,2026-04-26,EU,C,2400,active,False
2335,2026-04-24,NA,D,1250,active,False
2336,2025-01-30,APAC,B,3550,active,False
2337,2025-06-23,EU,C,1600,active,False
2338,2026-01-06,NA,B,4150,active,False
2339,2025-12-04,NA,D,1550,defaulted,False
2340,2025-11-14,LATAM,A,4950,active,False
2341,2025-09-19,APAC,B,2800,active,False
2342,2025-12-26,APAC,D,1000,active,False
2343,2025-05-01,EU,D,850,active,False
2344,2025-02-06,APAC,A,5150,active,False
2345,2026-01-24,NA,E,500,active,False
2346,2025-05-13,NA,D,1600,active,False
2347,2025-11-29,NA,C,2350,active,False
2348,2025-12-26,EU,A,3100,active,False
2349,2025-04-09,APAC,A,4100,active,False
2350,2025-05-25,EU,C,1800,active,False
2351,2025-10-22,NA,A,3550,active,False
2352,2025-12-21,NA,D,1100,active,False
2353,2026-04-12,LATAM,B,3750,active,False
2354,2025-02-21,NA,A,5400,active,False
2355,2025-08-27,NA,D,1050,active,False
2356,2025-10-21,EU,C,2550,active,False
2357,2026-03-06,EU,D,1600,active,False
2358,2025-11-06,NA,B,3800,active,False
2359,2025-12-14,APAC,E,700,active,False
2360,2026-01-13,LATAM,B,2550,active,False
2361,2026-02-04,APAC,B,3100,active,False
2362,2026-02-04,NA,A,5200,active,False
2363,2025-02-18,NA,B,3800,active,True
2364,2025-12-28,EU,B,2950,active,False
2365,2025-07-12,EU,C,1600,active,False
2366,2025-10-24,EU,B,2500,active,False
2367,2026-02-17,APAC,B,3600,active,False
2368,2026-03-24,NA,E,450,active,True
2369,2025-11-28,EU,C,2600,active,False
2370,2025-04-29,NA,D,1300,active,False
2371,2025-08-11,NA,D,850,active,False
2372,2025-10-11,APAC,B,2450,active,False
2373,2025-10-10,EU,B,3950,active,False
2374,2025-09-25,LATAM,B,2950,defaulted,False
2375,2026-02-04,EU,B,2100,active,False
2376,2025-12-01,NA,C,1550,active,False
2377,2025-12-16,EU,C,1500,active,False
2378,2026-04-30,NA,A,3050,active,False
2379,2025-12-07,NA,A,5000,active,False
2380,2025-11-21,NA,B,3100,active,False
2381,2025-12-15,EU,C,2600,active,False
2382,2025-10-06,LATAM,D,950,active,False
2383,2026-05-21,APAC,C,1800,active,False
2384,2026-03-03,NA,C,2500,active,False
2385,2026-03-24,NA,D,1500,active,False
2386,2026-02-06,NA,A,4950,active,False
2387,2025-11-17,APAC,C,1750,active,False
2388,2025-07-01,NA,C,2350,active,False
2389,2025-08-22,EU,B,2600,active,False
2390,2026-01-28,APAC,A,5250,active,False
2391,2025-11-06,NA,C,2050,active,False
2392,2026-01-20,APAC,C,2250,defaulted,False
2393,2025-05-12,NA,C,1600,active,False
2394,2026-03-14,LATAM,E,650,active,False
2395,2025-02-21,EU,B,3800,defaulted,False
2396,2026-04-19,NA,C,2000,active,False
2397,2026-02-28,APAC,B,3250,defaulted,False
2398,2025-07-15,NA,B,2750,active,False
2399,2025-05-04,LATAM,C,2500,active,False
2400,2025-05-31,NA,B,3800,active,False
2401,2025-08-03,EU,A,5400,active,False
2402,2026-01-10,APAC,A,4700,active,False
2403,2025-11-14,EU,C,2200,active,False
2404,2026-04-30,NA,D,900,active,False
2405,2025-12-03,NA,C,1800,active,False
2406,2025-04-05,NA,C,2150,active,False
2407,2025-06-04,EU,A,3500,active,False
2408,2025-04-22,EU,A,3350,active,False
2409,2025-07-22,NA,B,2250,active,False
2410,2025-05-18,APAC,C,1700,active,False
2411,2026-05-18,EU,E,800,active,False
2412,2026-05-18,EU,D,1450,active,False
2413,2025-03-23,APAC,A,4900,active,False
2414,2026-03-14,LATAM,A,3450,active,False
2415,2026-04-29,NA,D,950,active,False
2416,2025-06-22,NA,E,850,active,False
2417,2026-02-10,EU,C,1550,active,False
2418,2026-02-04,APAC,D,1250,active,False
2419,2026-04-21,APAC,E,850,active,False
2420,2026-05-03,EU,C,2500,active,False
2421,2025-07-05,APAC,B,3050,active,False
2422,2025-09-27,LATAM,C,1850,active,False
2423,2026-01-13,NA,C,1500,active,False
2424,2025-01-03,NA,E,850,defaulted,False
2425,2025-02-24,NA,A,4850,active,False
2426,2025-11-26,NA,C,1750,active,False
2427,2025-10-19,NA,B,2100,active,False
2428,2026-01-19,NA,B,3200,active,False
2429,2026-04-08,NA,C,2200,active,False
2430,2025-04-25,EU,A,5250,active,False
2431,2025-04-06,APAC,A,3850,active,False
2432,2025-02-18,NA,C,2100,active,False
2433,2025-07-06,NA,C,2550,active,False
2434,2025-06-10,APAC,A,3050,active,True
2435,2025-03-20,NA,B,2450,active,False
2436,2025-04-26,EU,E,750,active,False
2437,2026-02-17,EU,A,3850,active,False
2438,2025-02-22,EU,D,1250,active,False
2439,2025-03-27,APAC,B,2700,active,False
2440,2025-08-17,EU,A,3100,active,False
2441,2025-08-22,LATAM,C,2200,active,False
2442,2025-09-01,EU,D,1600,active,False
2443,2025-12-16,APAC,C,2300,active,False
2444,2026-03-19,APAC,B,3950,active,False
2445,2025-07-20,APAC,C,1900,defaulted,False
2446,2025-11-27,NA,B,3600,active,False
2447,2025-01-16,EU,C,1950,active,False
2448,2026-03-17,LATAM,C,2150,active,False
2449,2025-02-25,NA,B,3650,active,False
2450,2025-08-15,EU,B,2700,active,False
2451,2025-09-16,EU,D,1400,active,False
2452,2025-04-08,EU,B,4150,active,False
2453,2025-12-03,NA,D,1150,active,False
2454,2025-06-02,NA,C,2350,active,False
2455,2025-08-25,NA,B,3500,active,False
2456,2025-11-11,APAC,B,3600,active,False
2457,2025-09-23,NA,D,1500,active,False
2458,2025-08-18,EU,C,2250,active,False
2459,2025-05-14,APAC,C,1950,active,False
2460,2025-12-22,NA,A,3550,active,False
2461,2025-12-29,NA,A,3900,active,False
2462,2026-02-25,EU,C,2150,defaulted,False
2463,2026-02-06,LATAM,C,1650,active,False
2464,2025-04-09,EU,C,2550,defaulted,True
2465,2025-07-16,EU,B,3700,active,False
2466,2025-03-05,NA,C,2050,defaulted,False
2467,2025-01-26,EU,B,3700,active,False
2468,2025-05-15,NA,B,2500,active,False
2469,2025-12-27,NA,C,2600,active,False
2470,2025-04-09,NA,D,1150,defaulted,False
2471,2025-01-10,EU,B,2900,active,False
2472,2026-01-21,EU,C,1950,active,False
2473,2026-02-17,LATAM,B,4100,active,False
2474,2025-09-21,APAC,B,2850,active,False
2475,2026-05-10,NA,B,3150,active,False
2476,2025-06-29,NA,C,1500,active,False
2477,2025-12-29,EU,B,3400,active,False
2478,2026-01-10,EU,B,2350,active,False
2479,2025-05-27,EU,B,3050,active,False
2480,2025-04-03,NA,A,5300,active,False
2481,2025-05-11,NA,C,2000,active,False
2482,2026-01-26,EU,B,2100,active,False
2483,2025-06-13,NA,A,3550,active,False
2484,2026-04-17,EU,C,2450,active,False
2485,2025-02-01,APAC,C,1500,active,False
2486,2025-08-13,NA,D,1600,active,False
2487,2025-12-15,LATAM,B,2150,active,False
2488,2025-06-23,EU,C,1850,active,False
2489,2026-02-16,NA,C,1400,active,False
2490,2026-01-31,NA,B,2950,active,False
2491,2025-04-06,NA,C,1700,defaulted,False
2492,2025-03-01,NA,E,500,defaulted,False
2493,2026-03-27,LATAM,B,3300,active,False
2494,2026-02-02,APAC,D,1250,active,False
2495,2025-03-03,NA,E,750,active,False
2496,2025-12-18,APAC,D,1450,active,False
2497,2026-02-13,EU,C,2150,active,False
2498,2025-01-08,NA,A,3450,active,False
2499,2025-12-05,LATAM,C,1550,active,False
2500,2025-06-08,APAC,C,1450,active,False
2501,2025-12-13,APAC,A,4600,active,False
2502,2025-02-13,APAC,B,2800,active,False
2503,2026-02-23,APAC,B,2200,active,False
2504,2025-06-20,APAC,C,2400,active,False
2505,2025-01-15,EU,B,2750,active,False
2506,2026-04-25,NA,A,3000,active,False
2507,2026-05-30,LATAM,E,850,active,False
2508,2026-05-05,NA,C,1950,active,False
2509,2025-11-25,NA,C,1400,active,False
2510,2026-01-20,NA,C,1450,active,False
2511,2025-12-30,NA,D,1350,active,False
2512,2025-09-24,NA,A,3600,active,False
2513,2025-09-06,NA,C,1450,active,False
2514,2025-03-30,APAC,B,2750,active,False
2515,2026-02-13,NA,C,1550,active,False
2516,2025-07-26,APAC,B,3550,active,False
2517,2025-08-23,NA,C,2400,active,False
2518,2025-02-01,NA,D,1650,active,False
2519,2025-10-01,EU,B,2700,active,False
2520,2026-03-19,EU,A,3050,active,False
2521,2025-06-07,EU,B,3100,active,False
2522,2025-10-24,APAC,B,4050,active,False
2523,2025-01-28,LATAM,D,1050,active,False
2524,2025-04-09,NA,D,1600,active,False
2525,2025-01-27,NA,C,2500,defaulted,False
2526,2025-08-29,EU,C,2050,active,False
2527,2025-09-22,EU,A,3300,active,False
2528,2026-05-12,NA,B,3800,active,False
2529,2025-04-14,APAC,B,2350,active,False
2530,2025-02-28,APAC,A,3000,defaulted,False
2531,2025-04-16,APAC,B,2150,active,False
2532,2025-05-20,NA,C,2200,active,False
2533,2026-05-09,EU,B,3000,active,False
2534,2025-05-05,LATAM,A,3000,active,False
2535,2025-02-05,NA,B,3350,active,False
2536,2025-12-15,NA,C,2650,active,False
2537,2025-08-06,APAC,A,3950,active,False
2538,2025-02-01,NA,D,1600,active,False
2539,2026-03-04,NA,E,700,active,False
2540,2025-10-09,LATAM,C,2400,active,False
2541,2025-12-03,EU,E,700,active,False
2542,2026-05-20,LATAM,D,1350,active,False
2543,2026-05-06,EU,C,1500,active,False
2544,2025-02-06,APAC,C,1900,active,False
2545,2026-03-11,EU,B,2200,active,False
2546,2025-08-14,NA,D,1300,active,False
2547,2026-03-07,NA,E,900,active,False
2548,2025-06-13,EU,B,3050,active,False
2549,2026-02-21,NA,B,2950,active,False
2550,2025-11-01,NA,E,850,defaulted,False
2551,2026-02-27,NA,D,1650,defaulted,False
2552,2025-11-13,APAC,A,3100,active,False
2553,2025-09-30,EU,A,5500,active,False
2554,2026-02-04,APAC,B,3850,active,False
2555,2025-05-03,NA,B,3200,active,False
2556,2025-01-12,EU,A,3900,active,False
2557,2025-03-29,APAC,D,1200,active,False
2558,2025-06-12,LATAM,C,2750,active,False
2559,2026-03-15,NA,B,2800,active,False
2560,2025-12-17,APAC,A,5100,active,False
2561,2026-05-04,EU,B,2400,active,True
2562,2025-11-15,EU,A,3900,active,False
2563,2026-04-19,NA,A,3050,active,False
2564,2025-12-31,NA,B,2450,active,False
2565,2026-05-29,EU,B,4000,active,False
2566,2025-10-17,EU,B,3800,active,False
2567,2025-12-20,NA,B,2200,active,False
2568,2025-11-07,EU,B,3550,active,False
2569,2025-08-22,EU,E,500,defaulted,False
2570,2025-11-15,LATAM,D,900,defaulted,False
2571,2026-05-17,EU,B,4000,active,False
2572,2025-08-09,EU,B,2850,active,False
2573,2026-05-21,NA,C,2300,active,False
2574,2025-09-30,NA,C,1800,defaulted,False
2575,2025-05-07,LATAM,B,2500,active,False
2576,2025-12-21,NA,A,4850,active,False
2577,2025-07-05,APAC,D,1600,active,False
2578,2025-04-07,EU,A,5000,active,False
2579,2026-05-09,APAC,C,2600,active,False
2580,2026-05-11,EU,C,1700,active,False
2581,2026-01-23,NA,C,2300,active,False
2582,2025-04-22,NA,B,4150,defaulted,False
2583,2025-12-07,NA,D,1400,active,False
2584,2025-11-14,LATAM,B,2500,active,False
2585,2025-12-07,NA,A,5050,active,False
2586,2025-06-02,APAC,A,3350,active,False
2587,2026-05-14,NA,C,2400,active,False
2588,2025-05-31,NA,C,2300,active,False
2589,2025-06-09,NA,B,3300,active,False
2590,2025-03-30,APAC,E,850,active,False
2591,2025-09-27,NA,D,1100,active,False
2592,2025-01-26,APAC,C,1600,active,False
2593,2026-05-31,APAC,E,500,active,False
2594,2025-03-04,LATAM,C,2500,active,False
2595,2026-01-27,NA,B,3650,active,False
2596,2025-06-27,APAC,C,2700,defaulted,False
2597,2025-03-24,APAC,C,1600,active,False
2598,2025-09-25,NA,D,1250,active,False
2599,2026-05-12,EU,A,5000,active,False
2600,2026-04-16,NA,C,2650,active,False
2601,2025-11-20,APAC,B,3050,active,False
2602,2026-03-24,NA,D,1200,active,False
2603,2025-12-30,NA,B,2450,active,False
2604,2025-07-11,APAC,B,3500,active,False
2605,2026-02-22,EU,B,2850,active,False
2606,2025-03-12,NA,C,1450,defaulted,False
2607,2025-01-11,EU,C,1950,active,False
2608,2025-06-09,NA,B,3150,active,False
2609,2025-07-06,APAC,B,3750,defaulted,False
2610,2025-09-06,NA,A,4500,active,False
2611,2025-07-03,NA,B,3600,active,False
2612,2025-08-24,LATAM,C,2100,defaulted,False
2613,2026-02-20,NA,D,950,active,False
2614,2026-02-01,EU,C,1450,active,False
2615,2025-08-14,NA,A,3100,active,False
2616,2026-03-23,LATAM,C,1700,active,False
2617,2025-04-27,EU,C,1800,active,False
2618,2025-04-20,EU,C,1550,active,False
2619,2025-01-14,NA,A,2850,active,False
2620,2025-07-24,NA,A,3100,active,False
2621,2025-08-15,LATAM,D,1600,active,False
2622,2025-08-10,LATAM,D,900,active,False
2623,2025-08-11,NA,B,3350,active,False
2624,2025-11-01,LATAM,C,2150,active,False
2625,2025-08-07,NA,B,3300,active,False
2626,2025-07-14,NA,D,1400,defaulted,False
2627,2025-09-21,NA,C,2150,active,False
2628,2025-01-13,EU,B,4050,active,False
2629,2025-01-29,APAC,B,2450,active,False
2630,2025-05-30,LATAM,A,5250,active,False
2631,2026-05-04,NA,D,1650,active,False
2632,2026-04-14,APAC,A,4200,active,False
2633,2025-09-04,NA,B,2350,active,False
2634,2026-05-29,EU,D,1250,active,False
2635,2025-01-30,NA,C,1650,active,False
2636,2025-08-17,EU,E,500,active,False
2637,2026-01-16,EU,D,1500,active,False
2638,2025-08-18,APAC,D,950,active,False
2639,2025-05-23,EU,B,2500,active,False
2640,2025-10-10,EU,C,1450,active,False
2641,2025-02-10,LATAM,B,2400,active,False
2642,2025-12-19,NA,A,4950,active,False
2643,2026-02-28,NA,E,450,active,False
2644,2026-03-05,EU,C,2000,active,False
2645,2025-02-21,NA,B,2850,active,False
2646,2025-02-19,APAC,C,2250,active,False
2647,2025-12-01,NA,D,900,active,False
2648,2026-03-23,NA,B,3450,active,False
2649,2025-06-05,EU,D,850,active,False
2650,2025-05-18,NA,A,5200,defaulted,False
2651,2025-10-08,APAC,D,800,active,False
2652,2025-04-18,NA,C,1450,active,False
2653,2026-05-15,EU,B,3300,active,False
2654,2025-04-11,NA,D,1600,active,False
2655,2025-03-03,APAC,C,2600,defaulted,False
2656,2026-04-10,NA,B,3650,active,False
2657,2025-09-02,LATAM,C,2400,active,False
2658,2026-02-18,NA,B,2250,active,False
2659,2025-08-23,NA,C,2000,defaulted,False
2660,2025-08-16,NA,D,1150,defaulted,False
2661,2025-10-28,LATAM,C,1900,active,False
2662,2025-07-03,NA,B,3100,active,False
2663,2025-09-23,EU,C,2000,active,False
2664,2025-02-18,NA,B,2750,active,False
2665,2025-05-30,APAC,D,1050,defaulted,False
2666,2025-04-16,APAC,A,4900,active,False
2667,2025-06-26,EU,B,3950,active,False
2668,2025-02-20,APAC,E,650,active,False
2669,2026-04-23,NA,B,3800,active,False
2670,2025-03-23,NA,A,3850,active,False
2671,2025-01-01,LATAM,E,950,active,False
2672,2025-08-30,NA,B,2900,active,False
2673,2026-05-15,APAC,B,3800,active,False
2674,2025-02-08,EU,C,2200,active,False
2675,2025-11-21,NA,B,2550,active,False
2676,2025-06-17,NA,A,3650,active,False
2677,2026-03-21,EU,A,5300,active,False
2678,2026-01-01,NA,A,4800,active,False
2679,2025-11-30,NA,A,4400,active,False
2680,2025-02-10,LATAM,C,1950,active,False
2681,2025-01-23,EU,E,850,defaulted,False
2682,2025-02-05,EU,D,1350,active,False
2683,2026-02-20,NA,B,3300,active,False
2684,2025-04-11,APAC,C,2050,active,False
2685,2026-04-18,EU,A,3600,active,False
2686,2025-05-19,NA,A,4300,defaulted,False
2687,2025-07-26,EU,A,5450,active,False
2688,2026-02-02,APAC,A,4950,active,False
2689,2026-03-02,APAC,C,2050,active,False
2690,2025-05-22,NA,A,3550,active,False
2691,2026-05-20,NA,A,5050,active,False
2692,2025-07-17,EU,A,4050,active,False
2693,2026-02-26,NA,B,2100,active,False
2694,2026-02-01,NA,C,1700,active,False
2695,2025-02-19,NA,C,2100,active,False
2696,2026-01-22,NA,B,3450,active,False
2697,2025-07-14,APAC,D,1300,defaulted,False
2698,2025-04-22,APAC,B,3200,active,False
2699,2025-04-05,EU,A,5450,active,False
2700,2025-01-27,EU,C,1900,defaulted,False
2701,2026-02-19,EU,C,1800,defaulted,False
2702,2025-05-14,EU,A,4950,active,False
2703,2025-04-30,NA,D,1250,defaulted,False
2704,2026-04-10,EU,C,2650,active,False
2705,2025-12-02,LATAM,B,2700,active,False
2706,2025-12-22,NA,A,3550,active,False
2707,2026-03-26,EU,A,3100,active,False
2708,2026-04-16,NA,B,3650,active,False
2709,2025-07-01,EU,C,1400,active,False
2710,2025-04-12,NA,A,3700,active,False
2711,2025-02-23,NA,A,4850,active,False
2712,2025-11-10,NA,C,1750,active,False
2713,2026-01-17,APAC,B,3550,active,False
2714,2025-09-02,APAC,A,5000,active,False
2715,2026-02-07,NA,D,1600,active,False
2716,2026-02-06,APAC,A,4350,active,False
2717,2026-02-13,EU,B,2150,active,False
2718,2026-01-05,NA,C,1800,active,False
2719,2026-02-02,APAC,D,900,active,False
2720,2025-12-10,APAC,A,4550,active,False
2721,2025-10-15,NA,C,1900,active,False
2722,2025-11-03,EU,A,3300,active,False
2723,2026-04-20,APAC,A,3400,active,False
2724,2026-05-22,LATAM,B,3050,active,False
2725,2025-08-01,NA,B,3000,active,False
2726,2025-05-16,LATAM,C,2350,active,False
2727,2025-01-13,LATAM,A,3200,active,False
2728,2026-04-20,NA,A,5200,active,False
2729,2026-05-20,NA,E,800,defaulted,False
2730,2025-09-07,NA,D,950,defaulted,False
2731,2025-10-08,NA,C,2300,active,False
2732,2025-02-22,NA,D,900,active,False
2733,2025-09-06,NA,B,2600,active,False
2734,2025-05-06,NA,D,950,active,False
2735,2025-10-12,NA,B,3900,active,False
2736,2025-02-08,NA,D,1350,active,False
2737,2025-10-19,NA,E,650,active,False
2738,2026-01-28,APAC,C,1750,active,False
2739,2026-01-02,APAC,D,1600,active,False
2740,2025-04-19,APAC,C,2500,active,False
2741,2026-03-26,NA,B,2750,active,False
2742,2026-05-02,NA,C,2700,active,False
2743,2026-03-19,APAC,E,500,active,False
2744,2025-03-30,APAC,E,650,active,False
2745,2025-04-20,EU,D,1300,defaulted,False
2746,2026-03-21,EU,C,1500,active,False
2747,2026-05-25,NA,B,3500,active,False
2748,2026-05-16,LATAM,B,4100,active,False
2749,2025-01-31,EU,D,1350,active,False
2750,2025-09-02,EU,B,3350,active,False
2751,2025-02-01,NA,B,3750,active,False
2752,2026-03-03,NA,E,650,active,False
2753,2025-04-15,EU,C,1700,defaulted,False
2754,2026-03-30,APAC,B,2400,active,False
2755,2025-01-21,NA,D,900,active,False
2756,2026-04-24,NA,A,3400,active,False
2757,2025-10-11,EU,A,5400,active,False
2758,2025-11-30,APAC,C,1450,defaulted,False
2759,2025-03-10,NA,B,4000,active,False
2760,2025-06-04,EU,A,4000,active,False
2761,2025-06-12,NA,D,900,active,False
2762,2025-07-26,APAC,B,4000,active,False
2763,2026-01-05,EU,A,3050,active,False
2764,2025-07-17,EU,C,1400,defaulted,False
2765,2025-12-12,NA,C,2700,defaulted,False
2766,2025-07-31,EU,E,650,active,False
2767,2025-03-14,EU,D,1600,defaulted,True
2768,2026-04-29,NA,C,1750,active,False
2769,2025-10-19,NA,B,3800,active,False
2770,2026-01-27,NA,B,2300,defaulted,False
2771,2025-04-07,APAC,C,2000,active,False
2772,2025-07-18,EU,D,1350,active,False
2773,2025-02-02,APAC,B,3850,active,False
2774,2025-08-17,NA,B,3800,defaulted,False
2775,2025-05-04,NA,C,1850,defaulted,False
2776,2026-03-17,EU,C,2000,active,False
2777,2025-01-07,NA,D,1200,active,False
2778,2025-05-22,APAC,A,4100,active,False
2779,2026-02-01,APAC,D,1250,active,False
2780,2026-05-22,NA,B,2700,active,True
2781,2025-01-17,NA,A,5050,active,False
2782,2025-08-12,NA,B,2350,active,False
2783,2025-11-17,NA,B,3850,active,False
2784,2026-02-27,EU,B,3250,active,False
2785,2025-08-05,EU,C,1600,active,False
2786,2025-12-14,EU,C,2500,active,False
2787,2025-06-23,EU,A,5300,active,False
2788,2025-08-31,NA,D,1400,active,False
2789,2026-04-11,LATAM,A,4800,active,False
2790,2026-01-18,APAC,E,600,active,False
2791,2026-03-12,APAC,A,3950,active,False
2792,2026-04-11,EU,B,3650,active,False
2793,2025-07-26,NA,A,4450,active,False
2794,2025-06-08,EU,D,1200,defaulted,False
2795,2026-03-11,EU,C,2050,active,False
2796,2025-06-01,NA,C,1700,active,False
2797,2025-02-19,EU,B,2800,active,False
2798,2025-12-15,APAC,B,3700,active,False
2799,2025-02-09,NA,D,1250,active,False
2800,2025-08-13,NA,B,2900,active,False
2801,2026-01-03,LATAM,D,1000,active,False
2802,2026-02-16,EU,A,2850,active,False
2803,2025-06-26,APAC,A,4300,active,False
2804,2025-07-10,EU,E,550,active,False
2805,2026-03-16,NA,B,2500,active,False
2806,2025-08-11,EU,D,850,active,False
2807,2025-11-14,NA,C,2700,active,False
2808,2026-01-05,EU,A,3350,active,False
2809,2026-02-08,EU,B,4050,active,False
2810,2026-02-13,EU,A,4100,active,False
2811,2025-10-17,NA,C,1900,active,False
2812,2026-02-26,EU,B,3400,active,False
2813,2025-01-27,LATAM,B,3150,defaulted,False
2814,2025-11-27,NA,B,3200,active,False
2815,2025-01-16,NA,B,2100,active,False
2816,2025-02-05,EU,B,3600,active,False
2817,2025-04-29,EU,A,2850,active,False
2818,2025-06-05,EU,B,2450,active,False
2819,2026-03-28,NA,D,1550,active,False
2820,2026-05-14,APAC,A,2900,active,False
2821,2025-08-16,EU,C,2050,active,False
2822,2025-11-21,LATAM,A,4250,active,False
2823,2025-09-08,NA,C,1800,active,False
2824,2026-03-20,NA,B,3200,active,False
2825,2026-01-20,EU,C,1650,active,False
2826,2025-11-24,EU,C,2450,active,False
2827,2025-10-13,EU,B,3100,active,False
2828,2025-09-13,NA,D,1100,defaulted,False
2829,2026-03-13,NA,C,2100,active,False
2830,2025-10-20,EU,C,1750,active,False
2831,2026-04-27,APAC,B,2200,active,False
2832,2025-02-28,NA,B,4150,defaulted,False
2833,2025-12-20,NA,D,950,active,False
2834,2025-11-19,APAC,B,3100,active,False
2835,2025-05-17,NA,A,4100,active,False
2836,2025-02-19,NA,B,3500,active,False
2837,2025-11-14,EU,B,3000,active,False
2838,2025-04-23,NA,C,2000,active,False
2839,2026-05-18,APAC,C,1950,active,False
2840,2025-04-03,NA,B,2500,active,False
2841,2025-08-10,LATAM,E,900,defaulted,False
2842,2025-11-09,NA,C,2650,defaulted,False
2843,2025-07-23,NA,C,1600,active,False
2844,2025-04-07,NA,C,2250,active,False
2845,2025-12-13,NA,A,4800,active,False
2846,2026-03-28,APAC,A,5450,active,False
2847,2025-01-10,NA,D,1050,defaulted,False
2848,2025-07-07,APAC,C,1800,active,False
2849,2026-01-28,APAC,C,2400,active,False
2850,2025-11-14,NA,A,5500,active,False
2851,2026-05-12,NA,C,1900,active,False
2852,2026-05-15,EU,D,1600,active,False
2853,2025-04-12,NA,D,1650,defaulted,False
2854,2026-01-29,NA,C,1800,active,False
2855,2025-07-08,NA,B,2400,active,False
2856,2025-02-24,APAC,B,2500,defaulted,False
2857,2026-01-23,EU,A,3900,active,False
2858,2025-07-20,EU,D,1400,active,False
2859,2025-11-19,APAC,B,2150,active,False
2860,2025-11-28,APAC,C,2400,active,False
2861,2025-10-22,APAC,B,3950,active,False
2862,2025-08-06,NA,B,2350,active,False
2863,2025-05-05,APAC,D,800,active,False
2864,2025-03-31,LATAM,C,2750,active,False
2865,2026-02-22,NA,D,1550,active,False
2866,2025-11-22,NA,C,2450,active,False
2867,2025-04-21,NA,D,1600,defaulted,False
2868,2025-06-05,LATAM,E,600,defaulted,False
2869,2025-09-04,EU,D,1400,active,False
2870,2026-02-07,EU,B,2550,active,False
2871,2025-11-05,LATAM,A,4200,active,False
2872,2026-02-20,EU,B,2100,active,False
2873,2025-02-15,NA,A,5350,active,False
2874,2026-03-07,APAC,C,2100,active,False
2875,2026-01-15,APAC,C,1600,active,False
2876,2025-08-25,EU,A,3450,active,False
2877,2025-07-08,NA,A,5050,active,False
2878,2026-03-06,LATAM,A,3600,active,False
2879,2025-06-08,NA,C,1900,active,False
2880,2025-01-09,APAC,A,3100,active,False
2881,2025-11-19,NA,B,3050,active,False
2882,2025-08-11,NA,D,850,defaulted,False
2883,2025-07-04,EU,E,700,defaulted,False
2884,2025-04-11,APAC,C,2250,active,False
2885,2025-08-28,LATAM,B,3100,active,False
2886,2025-02-24,NA,B,4000,active,False
2887,2025-04-03,NA,A,4150,active,False
2888,2025-01-03,APAC,D,1400,active,False
2889,2025-05-20,EU,B,3750,active,False
2890,2025-07-01,NA,D,1350,active,False
2891,2025-02-08,EU,D,1000,defaulted,False
2892,2026-01-21,NA,D,950,active,False
2893,2025-12-12,NA,B,3700,active,False
2894,2025-03-20,NA,D,1300,defaulted,False
2895,2025-03-11,NA,B,3800,active,False
2896,2025-09-21,NA,B,3450,active,False
2897,2025-07-21,APAC,A,5400,active,False
2898,2025-02-19,NA,A,4950,active,False
2899,2025-10-15,EU,B,2700,active,False
2900,2025-08-12,EU,B,2250,active,False
2901,2025-09-20,NA,B,3850,active,False
2902,2025-12-31,NA,A,3050,active,False
2903,2026-01-21,EU,B,3800,active,False
2904,2025-08-04,NA,A,3400,active,False
2905,2025-11-27,LATAM,C,2650,active,True
2906,2025-08-11,NA,A,4050,active,False
2907,2025-05-12,NA,E,450,active,False
2908,2025-12-15,EU,A,4700,active,False
2909,2026-02-23,NA,B,3550,active,False
2910,2026-03-10,LATAM,C,2700,active,False
2911,2025-10-12,NA,C,1500,active,False
2912,2026-02-03,APAC,B,2550,active,False
2913,2026-04-11,NA,C,2450,active,False
2914,2025-02-11,LATAM,D,1050,active,False
2915,2025-11-04,NA,B,3400,active,False
2916,2025-10-19,APAC,C,1600,active,False
2917,2025-09-02,NA,B,2600,active,False
2918,2025-01-20,NA,E,900,active,False
2919,2026-05-03,NA,C,2450,active,False
2920,2025-03-27,NA,D,1000,active,False
2921,2025-08-25,EU,A,4850,active,False
2922,2026-03-14,NA,C,1450,active,False
2923,2025-04-14,APAC,C,2250,active,False
2924,2026-04-16,EU,E,650,active,False
2925,2026-05-03,APAC,E,800,active,False
2926,2025-06-27,NA,D,950,active,False
2927,2025-09-12,NA,B,2800,defaulted,False
2928,2026-05-11,EU,E,550,active,False
2929,2025-07-13,NA,D,1200,defaulted,False
2930,2025-08-24,EU,B,2650,active,False
2931,2025-08-30,NA,B,4000,active,False
2932,2025-05-16,APAC,A,5550,active,False
2933,2025-11-06,EU,B,3950,active,False
2934,2025-11-02,NA,C,1700,defaulted,False
2935,2025-08-20,NA,A,3600,active,False
2936,2026-04-09,NA,A,3250,active,False
2937,2025-08-31,LATAM,D,1650,active,False
2938,2025-04-04,NA,B,3650,active,False
2939,2025-01-04,EU,C,2150,active,False
2940,2025-03-27,NA,E,500,defaulted,False
2941,2025-09-05,NA,E,750,defaulted,False
2942,2025-09-01,NA,A,3000,active,False
2943,2026-05-16,LATAM,D,1050,active,False
2944,2025-12-08,LATAM,C,2250,active,False
2945,2025-07-10,APAC,A,3600,active,True
2946,2025-01-24,NA,B,3400,active,False
2947,2025-06-16,NA,C,1550,active,False
2948,2026-03-31,NA,A,5550,active,False
2949,2025-08-20,EU,B,2300,active,False
2950,2025-04-08,NA,A,4550,active,False
2951,2026-04-18,NA,A,3900,active,False
2952,2026-03-16,LATAM,D,1150,active,False
2953,2025-12-21,APAC,E,550,active,False
2954,2025-06-17,NA,A,3250,active,False
2955,2025-02-22,APAC,C,2750,active,False
2956,2026-01-16,NA,E,850,defaulted,False
2957,2025-05-07,APAC,E,800,defaulted,False
2958,2025-02-12,EU,D,1250,active,False
2959,2026-05-05,NA,B,3000,active,False
2960,2025-01-10,NA,A,3500,active,False
2961,2025-03-17,EU,B,3850,active,False
2962,2026-02-02,EU,C,2550,active,False
2963,2026-01-29,EU,D,1050,active,False
2964,2025-11-10,NA,C,2400,active,False
2965,2025-03-28,NA,C,1750,active,False
2966,2025-02-06,NA,D,1250,defaulted,False
2967,2025-05-31,NA,C,1800,active,False
2968,2025-03-30,NA,B,3950,defaulted,False
2969,2026-04-23,NA,C,1650,active,False
2970,2025-05-25,APAC,B,2950,active,False
2971,2026-03-01,NA,A,3850,active,False
2972,2025-07-30,NA,D,1300,active,False
2973,2025-12-02,NA,B,3150,active,False
2974,2025-05-21,EU,C,1850,active,False
2975,2025-04-16,EU,C,2600,active,False
2976,2025-11-03,APAC,C,1400,active,False
2977,2025-08-10,LATAM,A,4950,active,False
2978,2025-07-02,NA,C,1550,active,False
2979,2025-10-26,NA,C,1450,defaulted,False
2980,2026-04-14,EU,E,500,active,False
2981,2026-01-31,NA,B,2350,active,False
2982,2025-08-25,NA,D,1000,active,False
2983,2025-03-07,EU,B,3000,active,False
2984,2026-04-05,NA,C,1450,active,False
2985,2026-05-05,APAC,D,950,active,False
2986,2025-11-05,EU,C,2550,active,False
2987,2026-05-13,EU,E,850,active,False
2988,2025-08-30,NA,A,3150,active,False
2989,2025-12-13,EU,B,3950,active,False
2990,2026-02-14,APAC,B,3000,active,False
2991,2026-01-19,NA,C,1500,active,False
2992,2025-04-10,LATAM,A,4650,active,False
2993,2025-04-10,NA,A,3050,active,False
2994,2025-07-30,APAC,B,2400,active,False
2995,2025-03-03,EU,C,2150,active,False
2996,2026-03-06,EU,C,1800,active,False
2997,2025-03-06,NA,B,2950,active,False
2998,2025-09-16,APAC,D,1650,defaulted,False
2999,2025-11-02,APAC,E,800,defaulted,False
3000,2025-09-28,EU,A,5350,active,False
