plan_id,customer_id,merchant_id,product_type,num_installments,order_amount_usd,total_repayable_usd,apr_bps,created_at,status
1,1,30,pay_in_4,4,326.86,326.86,0,2025-07-18,paid_off
2,1,40,pay_in_4,4,126.86,126.86,0,2025-11-01,paid_off
3,1,24,pay_monthly_12,12,603.10,780.06,2975,2025-09-10,active
4,1,6,pay_monthly_6,6,173.49,190.84,2028,2026-05-11,active
5,3,32,pay_in_4,4,392.17,392.17,0,2026-02-22,paid_off
6,3,55,pay_monthly_12,12,43.06,52.93,2324,2025-06-26,paid_off
7,3,42,pay_in_4,4,134.05,134.05,0,2025-12-25,delinquent
8,3,46,pay_in_4,4,108.34,108.34,0,2026-04-25,paid_off
9,3,3,pay_in_3,3,418.00,418.00,0,2026-02-10,paid_off
10,4,25,pay_in_4,4,900.00,900.00,0,2026-05-13,delinquent
11,4,20,pay_monthly_6,6,892.53,1000.90,2462,2026-05-06,active
12,4,39,pay_in_4,4,74.70,74.70,0,2025-04-25,paid_off
13,4,32,pay_in_4,4,518.46,518.46,0,2025-11-07,paid_off
14,5,20,pay_in_4,4,812.33,812.33,0,2026-01-02,paid_off
15,5,11,pay_in_4,4,393.63,393.63,0,2026-02-19,paid_off
16,5,18,pay_monthly_6,6,624.04,694.02,2274,2026-02-25,active
17,6,43,pay_in_4,4,343.13,343.13,0,2026-06-11,active
18,7,48,pay_monthly_6,6,208.25,225.34,1664,2026-03-09,delinquent
19,7,8,pay_monthly_6,6,219.54,246.56,2496,2026-04-01,active
20,7,22,pay_in_4,4,636.56,636.56,0,2026-01-09,paid_off
21,8,25,pay_in_3,3,1367.84,1367.84,0,2025-01-28,paid_off
22,8,27,pay_monthly_12,12,920.81,1142.41,2440,2026-02-01,active
23,8,47,pay_in_4,4,168.50,168.50,0,2026-01-20,paid_off
24,9,45,pay_in_4,4,295.68,295.68,0,2025-12-11,paid_off
25,9,18,pay_in_4,4,1265.32,1265.32,0,2025-07-05,defaulted
26,9,15,pay_monthly_6,6,1033.13,1126.82,1839,2025-04-09,paid_off
27,9,15,pay_in_4,4,260.39,260.39,0,2025-11-08,paid_off
28,9,20,pay_in_4,4,1205.90,1205.90,0,2026-06-02,defaulted
29,9,37,pay_in_4,4,235.98,235.98,0,2025-06-09,paid_off
30,9,27,pay_in_4,4,593.18,593.18,0,2026-05-04,active
31,10,55,pay_in_3,3,70.63,70.63,0,2025-10-27,paid_off
32,10,19,pay_monthly_12,12,1666.20,2118.46,2752,2025-12-03,active
33,10,10,pay_monthly_6,6,967.96,1061.14,1952,2026-03-22,active
34,11,13,pay_in_4,4,599.47,599.47,0,2026-03-03,paid_off
35,11,42,pay_in_4,4,407.76,407.76,0,2025-12-22,paid_off
36,11,47,pay_in_4,4,166.47,166.47,0,2026-04-09,paid_off
37,11,13,pay_monthly_12,12,585.79,760.04,3016,2025-12-18,active
38,13,3,pay_monthly_6,6,631.09,709.08,2506,2026-02-03,active
39,14,24,pay_in_3,3,1712.74,1712.74,0,2026-05-02,active
40,17,48,pay_monthly_6,6,165.93,186.85,2556,2026-03-25,active
41,20,11,pay_in_4,4,704.93,704.93,0,2026-04-21,paid_off
42,20,22,pay_in_4,4,708.82,708.82,0,2025-05-10,paid_off
43,20,15,pay_in_4,4,699.82,699.82,0,2025-11-26,defaulted
44,21,31,pay_in_3,3,541.90,541.90,0,2025-11-07,paid_off
45,21,11,pay_monthly_6,6,443.49,499.13,2544,2025-10-12,paid_off
46,22,25,pay_in_4,4,824.48,824.48,0,2026-05-07,active
47,22,7,pay_in_4,4,301.41,301.41,0,2026-02-28,delinquent
48,23,42,pay_in_4,4,35.89,35.89,0,2025-11-15,paid_off
49,23,10,pay_monthly_6,6,702.36,767.03,1867,2025-07-14,paid_off
50,23,47,pay_in_3,3,538.79,538.79,0,2026-02-10,paid_off
51,23,40,pay_in_4,4,179.14,179.14,0,2026-03-08,paid_off
52,24,56,pay_in_4,4,58.69,58.69,0,2025-12-22,paid_off
53,24,56,pay_in_4,4,79.13,79.13,0,2026-04-22,paid_off
54,24,28,pay_monthly_12,12,711.06,947.76,3375,2025-12-15,active
55,25,25,pay_monthly_12,12,550.00,710.57,2960,2026-03-20,active
56,25,54,pay_in_4,4,62.45,62.45,0,2026-03-24,paid_off
57,26,44,pay_in_4,4,325.95,325.95,0,2026-05-29,active
58,27,54,pay_in_4,4,48.07,48.07,0,2026-06-09,delinquent
59,27,18,pay_monthly_12,12,800.00,1007.04,2624,2025-12-17,active
60,27,31,pay_in_4,4,142.77,142.77,0,2026-01-22,paid_off
61,31,1,pay_monthly_6,6,239.84,259.76,1684,2026-01-09,active
62,31,56,pay_in_4,4,62.23,62.23,0,2025-12-01,paid_off
63,32,9,pay_in_3,3,1237.82,1237.82,0,2026-05-13,active
64,33,42,pay_monthly_6,6,148.47,165.06,2266,2026-05-10,active
65,33,46,pay_in_4,4,237.01,237.01,0,2026-03-27,paid_off
66,35,10,pay_monthly_6,6,267.28,288.41,1603,2025-12-11,paid_off
67,36,55,pay_in_3,3,212.32,212.32,0,2026-02-24,paid_off
68,37,36,pay_in_4,4,99.55,99.55,0,2026-03-13,paid_off
69,37,18,pay_in_4,4,407.51,407.51,0,2026-02-16,paid_off
70,37,24,pay_in_4,4,451.65,451.65,0,2026-01-24,paid_off
71,37,6,pay_in_4,4,132.32,132.32,0,2025-11-20,paid_off
72,38,56,pay_monthly_12,12,89.69,112.54,2583,2026-03-05,delinquent
73,38,38,pay_in_4,4,77.10,77.10,0,2026-04-17,paid_off
74,38,25,pay_in_4,4,299.32,299.32,0,2026-03-03,paid_off
75,39,39,pay_in_4,4,85.96,85.96,0,2025-10-05,defaulted
76,39,13,pay_in_4,4,400.48,400.48,0,2026-06-02,active
77,39,28,pay_in_4,4,419.86,419.86,0,2026-05-23,active
78,39,20,pay_in_4,4,700.00,700.00,0,2026-02-15,paid_off
79,39,2,pay_in_3,3,410.62,410.62,0,2025-10-04,paid_off
80,40,40,pay_monthly_6,6,208.87,228.76,1931,2026-06-04,active
81,40,15,pay_in_4,4,466.41,466.41,0,2026-05-17,active
82,40,10,pay_monthly_12,12,576.95,723.02,2567,2025-12-11,active
83,40,8,pay_monthly_6,6,278.24,311.64,2434,2025-12-16,paid_off
84,41,11,pay_in_4,4,773.58,773.58,0,2025-10-11,defaulted
85,41,51,pay_in_4,4,100.29,100.29,0,2025-04-02,paid_off
86,41,37,pay_in_3,3,57.34,57.34,0,2026-06-12,defaulted
87,42,49,pay_in_4,4,218.67,218.67,0,2025-11-26,paid_off
88,42,40,pay_in_4,4,151.97,151.97,0,2025-10-01,paid_off
89,43,46,pay_in_4,4,323.60,323.60,0,2026-02-22,paid_off
90,43,46,pay_in_4,4,284.09,284.09,0,2026-05-08,active
91,44,23,pay_in_4,4,905.80,905.80,0,2025-10-27,paid_off
92,44,24,pay_in_4,4,2900.00,2900.00,0,2025-04-25,paid_off
93,44,6,pay_in_4,4,419.49,419.49,0,2025-06-04,paid_off
94,44,35,pay_in_4,4,168.75,168.75,0,2026-02-18,paid_off
95,44,25,pay_in_4,4,690.26,690.26,0,2025-06-19,paid_off
96,44,34,pay_in_4,4,1379.48,1379.48,0,2026-05-06,active
97,45,12,pay_in_4,4,1020.40,1020.40,0,2025-08-05,paid_off
98,45,37,pay_monthly_6,6,199.05,223.09,2449,2025-08-21,paid_off
99,45,5,pay_in_3,3,282.09,282.09,0,2025-06-07,paid_off
100,46,42,pay_in_4,4,159.36,159.36,0,2025-05-09,paid_off
101,46,25,pay_in_3,3,859.82,859.82,0,2026-02-17,paid_off
102,47,27,pay_in_4,4,182.54,182.54,0,2025-12-14,paid_off
103,47,4,pay_monthly_12,12,207.51,269.69,3038,2026-04-22,active
104,48,37,pay_in_4,4,221.86,221.86,0,2026-05-23,active
105,48,24,pay_in_4,4,559.80,559.80,0,2026-05-03,delinquent
106,49,16,pay_monthly_6,6,366.63,408.59,2321,2026-03-10,active
107,49,26,pay_in_4,4,161.61,161.61,0,2026-04-28,active
108,49,24,pay_monthly_6,6,849.17,941.38,2202,2026-05-21,active
109,51,44,pay_in_4,4,272.33,272.33,0,2026-04-24,defaulted
110,51,54,pay_monthly_12,12,108.21,136.15,2618,2025-08-26,active
111,52,7,pay_monthly_6,6,515.69,574.61,2317,2026-02-11,active
112,54,3,pay_monthly_6,6,521.68,581.39,2321,2026-03-10,active
113,54,45,pay_in_4,4,162.23,162.23,0,2025-06-05,paid_off
114,55,39,pay_in_3,3,135.27,135.27,0,2025-01-22,paid_off
115,55,43,pay_monthly_6,6,530.67,572.96,1616,2026-01-21,active
116,55,55,pay_monthly_12,12,237.48,303.39,2814,2025-11-20,active
117,57,48,pay_in_4,4,512.85,512.85,0,2026-04-21,paid_off
118,60,10,pay_in_4,4,1260.52,1260.52,0,2025-05-01,delinquent
119,60,56,pay_in_4,4,110.80,110.80,0,2025-12-28,paid_off
120,60,43,pay_monthly_6,6,406.15,451.90,2284,2025-05-06,paid_off
121,61,45,pay_in_4,4,338.74,338.74,0,2026-03-26,paid_off
122,61,4,pay_monthly_6,6,363.13,407.08,2454,2026-05-03,active
123,62,10,pay_monthly_12,12,350.80,427.47,2216,2026-06-12,active
124,63,55,pay_in_4,4,74.13,74.13,0,2025-12-11,paid_off
125,63,50,pay_in_3,3,172.23,172.23,0,2025-09-03,paid_off
126,64,32,pay_in_3,3,438.22,438.22,0,2025-11-23,paid_off
127,64,36,pay_in_4,4,111.79,111.79,0,2025-08-02,paid_off
128,64,3,pay_monthly_6,6,370.81,414.39,2383,2025-07-26,paid_off
129,64,47,pay_monthly_12,12,733.02,953.09,3044,2025-10-17,active
130,65,39,pay_in_4,4,207.28,207.28,0,2026-06-09,active
131,65,4,pay_in_4,4,215.51,215.51,0,2026-05-27,active
132,65,53,pay_monthly_12,12,151.20,200.67,3317,2026-05-21,active
133,67,46,pay_in_3,3,442.67,442.67,0,2025-10-04,paid_off
134,67,26,pay_in_3,3,947.03,947.03,0,2026-06-08,active
135,67,54,pay_in_3,3,143.58,143.58,0,2026-06-11,active
136,67,25,pay_in_4,4,805.96,805.96,0,2026-03-02,paid_off
137,67,36,pay_monthly_6,6,179.83,199.80,2252,2025-06-11,paid_off
138,68,33,pay_monthly_6,6,488.22,526.57,1593,2025-12-28,defaulted
139,68,38,pay_in_4,4,202.10,202.10,0,2026-05-13,active
140,68,40,pay_in_3,3,83.94,83.94,0,2025-12-11,paid_off
141,70,22,pay_in_3,3,613.02,613.02,0,2026-03-23,paid_off
142,70,40,pay_in_3,3,160.82,160.82,0,2026-03-23,paid_off
143,70,34,pay_in_4,4,680.08,680.08,0,2026-05-08,active
144,71,13,pay_in_3,3,403.84,403.84,0,2026-03-04,paid_off
145,71,35,pay_monthly_6,6,146.87,162.27,2126,2026-06-10,active
146,71,37,pay_in_3,3,92.34,92.34,0,2026-05-26,delinquent
147,72,46,pay_in_4,4,135.50,135.50,0,2025-10-22,paid_off
148,72,53,pay_in_4,4,74.42,74.42,0,2026-01-16,paid_off
149,73,32,pay_in_4,4,346.62,346.62,0,2026-01-10,paid_off
150,73,42,pay_in_4,4,130.97,130.97,0,2025-07-01,paid_off
151,73,43,pay_in_4,4,319.38,319.38,0,2025-12-23,paid_off
152,73,19,pay_in_3,3,1250.00,1250.00,0,2025-12-06,paid_off
153,73,3,pay_in_4,4,113.08,113.08,0,2025-07-20,paid_off
154,73,53,pay_in_4,4,113.70,113.70,0,2025-04-09,paid_off
155,73,1,pay_in_4,4,421.03,421.03,0,2025-06-01,paid_off
156,74,56,pay_monthly_12,12,58.40,76.99,3228,2026-03-22,active
157,74,24,pay_in_4,4,3784.02,3784.02,0,2026-05-04,active
158,75,42,pay_in_4,4,102.64,102.64,0,2026-03-25,paid_off
159,75,3,pay_in_4,4,358.97,358.97,0,2025-08-07,paid_off
160,75,52,pay_monthly_6,6,115.03,126.16,1962,2025-11-12,paid_off
161,75,46,pay_in_4,4,366.95,366.95,0,2026-06-09,active
162,75,38,pay_in_4,4,296.94,296.94,0,2025-12-10,paid_off
163,75,18,pay_monthly_6,6,692.96,744.29,1502,2025-03-14,paid_off
164,75,44,pay_in_3,3,399.49,399.49,0,2026-05-19,active
165,76,51,pay_monthly_12,12,110.99,136.79,2357,2026-03-26,active
166,76,19,pay_in_4,4,1700.00,1700.00,0,2026-03-28,paid_off
167,76,46,pay_monthly_12,12,317.18,392.95,2422,2025-11-15,active
168,77,49,pay_in_4,4,231.69,231.69,0,2025-10-13,paid_off
169,79,36,pay_in_4,4,359.46,359.46,0,2025-06-25,paid_off
170,79,56,pay_monthly_12,12,141.61,188.41,3351,2025-07-15,active
171,79,14,pay_in_3,3,557.89,557.89,0,2025-09-19,paid_off
172,80,15,pay_in_4,4,898.51,898.51,0,2026-04-13,paid_off
173,80,39,pay_monthly_12,12,171.28,205.32,2015,2025-07-04,active
174,80,30,pay_in_3,3,425.52,425.52,0,2026-02-08,paid_off
175,80,18,pay_monthly_12,12,960.54,1254.80,3106,2026-06-01,active
176,81,41,pay_in_4,4,233.08,233.08,0,2026-04-27,paid_off
177,81,25,pay_monthly_6,6,461.96,520.85,2585,2026-02-28,active
178,82,48,pay_monthly_6,6,271.37,303.60,2408,2026-01-06,active
179,82,39,pay_in_3,3,124.63,124.63,0,2025-06-03,paid_off
180,83,34,pay_in_3,3,909.64,909.64,0,2026-04-04,defaulted
181,83,37,pay_monthly_6,6,145.41,160.99,2172,2025-06-26,paid_off
182,83,45,pay_monthly_6,6,143.90,159.93,2259,2025-04-25,paid_off
183,83,21,pay_monthly_6,6,687.98,759.53,2109,2026-03-19,active
184,84,37,pay_in_4,4,137.09,137.09,0,2025-10-15,paid_off
185,85,39,pay_in_4,4,159.89,159.89,0,2026-01-08,paid_off
186,85,56,pay_in_3,3,32.55,32.55,0,2026-06-14,active
187,88,32,pay_in_4,4,422.47,422.47,0,2025-12-08,defaulted
188,88,35,pay_monthly_6,6,161.88,179.14,2162,2026-01-11,active
189,90,34,pay_monthly_12,12,521.09,632.31,2164,2026-01-22,active
190,91,54,pay_in_3,3,97.08,97.08,0,2025-08-01,delinquent
191,95,15,pay_in_4,4,688.65,688.65,0,2026-04-13,paid_off
192,95,34,pay_monthly_12,12,502.15,625.77,2496,2025-12-14,active
193,99,54,pay_in_3,3,110.41,110.41,0,2026-03-22,paid_off
194,99,21,pay_in_4,4,744.86,744.86,0,2026-03-20,paid_off
195,99,49,pay_in_4,4,180.63,180.63,0,2025-12-19,paid_off
196,99,23,pay_in_4,4,622.37,622.37,0,2025-04-28,paid_off
197,99,20,pay_in_4,4,525.44,525.44,0,2025-12-03,paid_off
198,100,7,pay_monthly_6,6,193.47,215.68,2328,2026-05-16,active
199,101,14,pay_in_3,3,738.20,738.20,0,2026-05-16,active
200,101,4,pay_monthly_6,6,271.47,306.20,2594,2026-05-06,active
201,102,23,pay_in_4,4,1256.26,1256.26,0,2025-04-15,paid_off
202,102,19,pay_in_3,3,579.14,579.14,0,2025-12-02,paid_off
203,104,21,pay_in_3,3,1267.80,1267.80,0,2026-06-12,active
204,104,32,pay_monthly_12,12,564.57,728.50,2944,2026-02-11,active
205,104,41,pay_in_4,4,111.00,111.00,0,2025-09-25,paid_off
206,105,56,pay_in_4,4,102.70,102.70,0,2025-08-17,paid_off
207,105,9,pay_monthly_6,6,1660.79,1805.92,1772,2025-09-18,paid_off
208,106,23,pay_in_4,4,1450.00,1450.00,0,2026-03-20,paid_off
209,106,30,pay_monthly_12,12,766.06,1018.34,3339,2026-03-26,active
210,107,11,pay_in_4,4,1983.50,1983.50,0,2025-06-21,paid_off
211,107,8,pay_in_4,4,355.25,355.25,0,2025-06-06,paid_off
212,107,13,pay_in_4,4,697.63,697.63,0,2026-03-24,paid_off
213,108,36,pay_in_3,3,80.88,80.88,0,2026-06-03,active
214,109,28,pay_monthly_6,6,479.06,518.49,1669,2026-02-06,active
215,109,56,pay_in_4,4,128.01,128.01,0,2026-05-01,active
216,109,19,pay_in_3,3,985.26,985.26,0,2026-05-18,active
217,109,18,pay_in_4,4,1749.53,1749.53,0,2026-04-27,delinquent
218,109,23,pay_in_3,3,2550.00,2550.00,0,2025-12-13,paid_off
219,109,9,pay_in_3,3,293.97,293.97,0,2025-06-16,paid_off
220,110,15,pay_monthly_6,6,147.93,164.50,2272,2026-05-22,active
221,110,39,pay_in_4,4,111.96,111.96,0,2026-02-10,paid_off
222,110,16,pay_in_4,4,1208.73,1208.73,0,2026-02-27,delinquent
223,111,12,pay_in_3,3,422.21,422.21,0,2026-03-13,paid_off
224,111,43,pay_in_3,3,389.53,389.53,0,2025-10-04,paid_off
225,112,7,pay_in_4,4,307.10,307.10,0,2025-11-12,paid_off
226,112,1,pay_in_4,4,752.53,752.53,0,2026-04-24,paid_off
227,112,24,pay_monthly_6,6,822.55,900.11,1912,2026-01-27,active
228,112,35,pay_in_3,3,119.87,119.87,0,2025-08-23,delinquent
229,112,36,pay_in_4,4,78.40,78.40,0,2026-02-08,paid_off
230,113,34,pay_in_3,3,539.70,539.70,0,2026-02-16,paid_off
231,113,1,pay_in_3,3,108.55,108.55,0,2026-06-13,active
232,113,30,pay_monthly_6,6,138.52,154.74,2375,2026-01-24,active
233,113,30,pay_in_3,3,521.04,521.04,0,2025-09-25,paid_off
234,113,43,pay_in_3,3,243.32,243.32,0,2026-04-24,active
235,115,10,pay_in_4,4,811.34,811.34,0,2026-01-11,paid_off
236,115,39,pay_in_3,3,213.36,213.36,0,2025-08-27,paid_off
237,115,8,pay_in_3,3,534.98,534.98,0,2025-07-21,paid_off
238,116,46,pay_monthly_6,6,265.98,289.56,1798,2026-02-25,active
239,116,50,pay_in_3,3,74.96,74.96,0,2026-03-05,paid_off
240,116,54,pay_in_4,4,49.59,49.59,0,2025-08-01,paid_off
241,116,33,pay_in_4,4,609.67,609.67,0,2025-09-06,paid_off
242,117,7,pay_in_4,4,194.67,194.67,0,2026-03-18,paid_off
243,117,49,pay_monthly_6,6,212.16,232.19,1914,2025-11-17,paid_off
244,117,37,pay_monthly_12,12,190.19,243.76,2856,2026-02-13,active
245,117,20,pay_in_4,4,2157.21,2157.21,0,2026-02-28,paid_off
246,119,38,pay_in_3,3,244.39,244.39,0,2025-10-18,paid_off
247,119,33,pay_monthly_6,6,284.11,312.65,2037,2025-03-26,paid_off
248,119,51,pay_monthly_6,6,117.61,128.07,1803,2026-05-19,active
249,120,8,pay_in_4,4,323.85,323.85,0,2026-06-07,active
250,120,15,pay_monthly_12,12,430.38,559.21,3035,2025-11-16,active
251,121,36,pay_monthly_6,6,100.41,110.84,2106,2026-02-23,active
252,121,28,pay_monthly_6,6,535.54,596.60,2312,2025-11-24,paid_off
253,121,42,pay_in_4,4,150.45,150.45,0,2025-07-26,paid_off
254,122,33,pay_monthly_12,12,1125.71,1489.55,3277,2026-03-11,active
255,122,37,pay_in_3,3,152.69,152.69,0,2026-03-22,paid_off
256,122,6,pay_in_4,4,193.25,193.25,0,2025-10-10,paid_off
257,122,20,pay_in_3,3,1363.94,1363.94,0,2026-01-03,paid_off
258,122,10,pay_monthly_6,6,373.16,415.56,2304,2026-04-08,active
259,123,28,pay_in_4,4,229.65,229.65,0,2026-04-22,paid_off
260,123,10,pay_in_4,4,845.78,845.78,0,2025-12-23,paid_off
261,124,41,pay_in_3,3,199.39,199.39,0,2026-03-25,active
262,124,46,pay_in_3,3,319.36,319.36,0,2026-03-10,paid_off
263,125,15,pay_monthly_6,6,249.07,272.98,1947,2026-05-22,active
264,125,5,pay_in_3,3,323.05,323.05,0,2025-12-17,paid_off
265,125,21,pay_in_4,4,1239.77,1239.77,0,2026-05-16,active
266,125,15,pay_monthly_6,6,1317.00,1447.42,2008,2025-12-16,paid_off
267,125,18,pay_monthly_12,12,649.97,795.43,2269,2026-02-01,active
268,125,23,pay_in_4,4,907.36,907.36,0,2026-01-13,paid_off
269,125,30,pay_in_4,4,828.33,828.33,0,2025-09-03,paid_off
270,126,52,pay_in_4,4,156.99,156.99,0,2025-05-21,paid_off
271,126,4,pay_in_4,4,548.27,548.27,0,2025-09-22,paid_off
272,126,54,pay_monthly_6,6,107.70,116.63,1681,2025-10-19,paid_off
273,126,39,pay_monthly_12,12,163.90,206.53,2637,2025-09-08,active
274,126,45,pay_in_4,4,132.24,132.24,0,2025-12-18,paid_off
275,127,2,pay_in_3,3,245.37,245.37,0,2026-03-28,active
276,128,32,pay_in_4,4,256.70,256.70,0,2026-05-16,active
277,129,48,pay_in_4,4,351.82,351.82,0,2025-10-13,paid_off
278,129,47,pay_monthly_6,6,359.65,387.67,1580,2026-06-12,active
279,129,42,pay_in_3,3,106.89,106.89,0,2025-12-26,paid_off
280,133,12,pay_in_4,4,653.98,653.98,0,2026-03-12,paid_off
281,134,21,pay_in_4,4,605.40,605.40,0,2026-03-13,paid_off
282,135,46,pay_in_4,4,781.00,781.00,0,2026-06-04,active
283,135,48,pay_monthly_6,6,349.69,388.54,2253,2025-07-14,paid_off
284,137,11,pay_monthly_6,6,899.68,1000.44,2271,2025-08-10,paid_off
285,137,50,pay_monthly_6,6,104.99,116.39,2202,2025-04-29,paid_off
286,137,4,pay_in_4,4,549.69,549.69,0,2026-03-02,paid_off
287,137,21,pay_in_4,4,491.54,491.54,0,2025-10-01,paid_off
288,138,1,pay_in_4,4,413.79,413.79,0,2026-05-13,active
289,138,26,pay_in_4,4,195.52,195.52,0,2026-04-19,paid_off
290,138,7,pay_monthly_6,6,249.70,275.12,2064,2025-12-29,active
291,143,13,pay_in_4,4,974.15,974.15,0,2026-06-07,active
292,143,51,pay_in_3,3,113.33,113.33,0,2025-09-09,paid_off
293,144,45,pay_monthly_6,6,118.48,130.11,1990,2025-10-13,paid_off
294,144,30,pay_in_4,4,554.21,554.21,0,2026-03-27,paid_off
295,144,28,pay_monthly_12,12,902.34,1095.02,2165,2026-03-02,active
296,145,6,pay_monthly_12,12,509.37,670.84,3214,2026-03-24,active
297,145,7,pay_monthly_6,6,564.32,621.95,2071,2026-02-24,active
298,145,37,pay_in_4,4,77.66,77.66,0,2026-04-12,paid_off
299,146,19,pay_in_4,4,802.08,802.08,0,2026-02-03,defaulted
300,146,40,pay_monthly_6,6,204.68,229.54,2463,2026-06-03,active
301,146,30,pay_in_4,4,393.63,393.63,0,2026-06-06,active
302,148,44,pay_in_4,4,203.99,203.99,0,2026-05-02,active
303,149,37,pay_in_4,4,211.46,211.46,0,2026-01-28,defaulted
304,149,21,pay_in_4,4,1539.50,1539.50,0,2026-03-16,defaulted
305,149,12,pay_in_4,4,601.14,601.14,0,2025-07-05,paid_off
306,150,21,pay_in_4,4,1507.72,1507.72,0,2025-09-11,paid_off
307,150,41,pay_monthly_6,6,215.48,242.12,2507,2025-11-28,paid_off
308,150,7,pay_in_4,4,154.52,154.52,0,2025-10-24,defaulted
309,152,52,pay_in_4,4,71.71,71.71,0,2026-05-01,active
310,152,38,pay_in_4,4,84.05,84.05,0,2025-10-22,paid_off
311,152,19,pay_monthly_6,6,703.06,777.78,2155,2025-07-27,paid_off
312,152,39,pay_monthly_6,6,81.31,91.31,2495,2026-05-25,active
313,153,30,pay_in_4,4,198.78,198.78,0,2025-11-17,paid_off
314,153,26,pay_in_4,4,427.46,427.46,0,2026-03-01,paid_off
315,153,30,pay_in_4,4,666.42,666.42,0,2026-01-09,paid_off
316,153,12,pay_in_4,4,836.28,836.28,0,2026-05-21,active
317,154,12,pay_in_4,4,1652.95,1652.95,0,2026-06-10,active
318,154,1,pay_in_4,4,275.54,275.54,0,2025-08-22,paid_off
319,154,24,pay_in_4,4,1094.31,1094.31,0,2026-01-13,paid_off
320,154,5,pay_in_3,3,206.65,206.65,0,2025-07-16,paid_off
321,155,15,pay_in_3,3,369.10,369.10,0,2025-03-23,paid_off
322,155,15,pay_monthly_6,6,935.51,1025.33,1947,2025-02-14,paid_off
323,155,31,pay_in_4,4,635.21,635.21,0,2025-03-25,paid_off
324,155,1,pay_monthly_6,6,210.28,229.59,1862,2025-12-06,defaulted
325,156,4,pay_monthly_6,6,514.36,552.54,1505,2026-02-11,active
326,156,36,pay_in_4,4,159.83,159.83,0,2025-04-21,paid_off
327,156,39,pay_in_4,4,108.47,108.47,0,2025-10-11,paid_off
328,156,45,pay_in_4,4,143.99,143.99,0,2025-06-05,paid_off
329,159,41,pay_in_3,3,273.27,273.27,0,2026-05-19,active
330,160,32,pay_in_3,3,900.00,900.00,0,2025-12-28,defaulted
331,160,33,pay_in_4,4,552.69,552.69,0,2026-05-24,active
332,161,35,pay_in_3,3,104.76,104.76,0,2025-10-28,paid_off
333,161,35,pay_in_4,4,134.42,134.42,0,2026-04-18,paid_off
334,161,37,pay_in_3,3,92.80,92.80,0,2026-05-21,active
335,161,47,pay_monthly_6,6,197.69,221.25,2417,2025-09-01,paid_off
336,161,39,pay_in_3,3,195.13,195.13,0,2025-08-16,paid_off
337,163,29,pay_monthly_6,6,275.61,299.00,1721,2025-12-25,active
338,163,25,pay_in_4,4,1332.10,1332.10,0,2025-11-17,paid_off
339,163,46,pay_monthly_6,6,124.23,136.65,2027,2026-01-18,active
340,164,24,pay_in_4,4,1450.00,1450.00,0,2025-01-23,paid_off
341,164,24,pay_in_4,4,730.42,730.42,0,2025-12-27,delinquent
342,164,25,pay_in_4,4,1284.52,1284.52,0,2025-10-08,paid_off
343,164,52,pay_in_3,3,70.06,70.06,0,2025-06-07,paid_off
344,164,18,pay_in_4,4,836.72,836.72,0,2025-11-14,defaulted
345,164,49,pay_in_3,3,64.08,64.08,0,2026-05-01,delinquent
346,167,38,pay_monthly_6,6,110.50,123.72,2426,2025-08-19,paid_off
347,167,19,pay_monthly_12,12,1878.54,2294.87,2247,2025-11-01,active
348,167,43,pay_in_3,3,290.65,290.65,0,2026-02-07,paid_off
349,168,51,pay_in_4,4,131.24,131.24,0,2026-01-28,defaulted
350,168,33,pay_in_4,4,457.93,457.93,0,2025-06-19,defaulted
351,168,18,pay_in_4,4,1600.00,1600.00,0,2026-03-15,paid_off
352,168,33,pay_monthly_6,6,449.78,501.84,2347,2026-03-02,active
353,168,51,pay_in_4,4,104.96,104.96,0,2025-12-21,delinquent
354,169,29,pay_monthly_6,6,527.88,576.64,1873,2025-10-20,paid_off
355,169,43,pay_monthly_12,12,209.34,260.81,2493,2026-05-09,active
356,170,12,pay_in_4,4,357.87,357.87,0,2025-05-09,paid_off
357,170,33,pay_in_4,4,1104.40,1104.40,0,2025-06-07,paid_off
358,170,44,pay_monthly_6,6,289.53,317.87,1985,2026-03-14,active
359,170,32,pay_in_4,4,531.34,531.34,0,2025-10-02,paid_off
360,170,46,pay_monthly_12,12,389.47,506.55,3048,2026-05-03,active
361,170,55,pay_in_4,4,54.19,54.19,0,2025-02-01,paid_off
362,171,40,pay_in_4,4,231.13,231.13,0,2025-09-30,paid_off
363,172,46,pay_in_4,4,283.97,283.97,0,2025-03-21,paid_off
364,172,12,pay_monthly_12,12,324.72,392.23,2108,2025-11-12,active
365,172,36,pay_in_4,4,74.94,74.94,0,2026-02-28,paid_off
366,172,11,pay_in_4,4,1272.93,1272.93,0,2025-03-05,paid_off
367,173,41,pay_in_4,4,98.56,98.56,0,2026-04-03,paid_off
368,173,14,pay_monthly_6,6,657.62,732.15,2298,2025-10-04,delinquent
369,173,52,pay_monthly_6,6,80.54,90.09,2404,2026-01-12,defaulted
370,173,24,pay_in_3,3,1400.00,1400.00,0,2025-08-26,paid_off
371,175,38,pay_in_4,4,187.85,187.85,0,2025-10-04,paid_off
372,175,36,pay_in_3,3,308.46,308.46,0,2025-12-02,paid_off
373,175,33,pay_in_4,4,446.30,446.30,0,2025-09-14,paid_off
374,175,22,pay_monthly_6,6,1229.17,1327.43,1621,2025-12-19,paid_off
375,177,44,pay_monthly_12,12,338.97,438.00,2962,2025-02-02,paid_off
376,177,43,pay_monthly_6,6,254.20,273.07,1505,2026-03-23,active
377,177,1,pay_in_3,3,350.09,350.09,0,2025-02-02,paid_off
378,177,43,pay_in_4,4,449.33,449.33,0,2026-05-10,active
379,177,23,pay_monthly_12,12,960.43,1187.02,2392,2026-02-09,active
380,177,45,pay_in_4,4,185.97,185.97,0,2026-03-18,paid_off
381,178,16,pay_in_4,4,515.16,515.16,0,2025-10-02,paid_off
382,178,28,pay_in_3,3,414.23,414.23,0,2026-06-09,delinquent
383,178,21,pay_monthly_12,12,1143.81,1471.31,2903,2026-02-23,active
384,178,25,pay_in_4,4,998.47,998.47,0,2026-02-17,paid_off
385,179,52,pay_in_3,3,141.86,141.86,0,2026-04-22,delinquent
386,180,18,pay_in_4,4,527.16,527.16,0,2026-03-27,paid_off
387,180,37,pay_in_4,4,57.99,57.99,0,2026-05-23,active
388,180,31,pay_monthly_6,6,349.17,384.76,2067,2025-05-09,paid_off
389,180,52,pay_in_4,4,102.78,102.78,0,2025-02-28,paid_off
390,180,25,pay_in_4,4,233.09,233.09,0,2026-02-19,defaulted
391,181,44,pay_monthly_12,12,323.80,409.58,2686,2025-08-22,defaulted
392,181,36,pay_in_4,4,142.71,142.71,0,2025-11-27,paid_off
393,181,15,pay_monthly_6,6,542.53,599.92,2145,2026-03-21,active
394,183,46,pay_in_4,4,159.26,159.26,0,2025-09-03,paid_off
395,184,9,pay_in_4,4,1032.46,1032.46,0,2025-05-18,paid_off
396,184,33,pay_in_4,4,489.41,489.41,0,2026-05-03,delinquent
397,185,10,pay_in_4,4,645.16,645.16,0,2025-10-12,paid_off
398,185,14,pay_in_4,4,1332.97,1332.97,0,2025-10-04,paid_off
399,185,19,pay_in_4,4,767.07,767.07,0,2026-05-11,active
400,185,2,pay_in_4,4,229.00,229.00,0,2025-09-16,paid_off
401,185,36,pay_in_4,4,166.95,166.95,0,2025-06-25,paid_off
402,185,6,pay_in_4,4,245.01,245.01,0,2025-07-03,paid_off
403,185,56,pay_in_3,3,125.44,125.44,0,2026-05-19,active
404,186,51,pay_monthly_12,12,82.12,103.44,2632,2026-04-01,active
405,186,6,pay_monthly_6,6,164.06,177.89,1709,2025-12-22,paid_off
406,187,51,pay_in_3,3,95.78,95.78,0,2026-04-20,active
407,187,35,pay_monthly_6,6,211.63,235.38,2276,2026-03-26,active
408,187,31,pay_monthly_6,6,727.45,810.93,2327,2025-10-14,paid_off
409,190,24,pay_in_4,4,316.90,316.90,0,2025-07-21,paid_off
410,190,23,pay_monthly_6,6,996.68,1112.97,2366,2026-02-10,active
411,190,2,pay_monthly_6,6,258.41,291.22,2575,2026-04-21,active
412,190,33,pay_monthly_12,12,915.44,1197.87,3128,2026-02-02,active
413,192,33,pay_in_4,4,1006.51,1006.51,0,2026-06-14,active
414,192,36,pay_in_3,3,113.36,113.36,0,2026-03-18,paid_off
415,192,1,pay_in_4,4,265.66,265.66,0,2026-05-26,active
416,194,21,pay_in_4,4,901.21,901.21,0,2025-04-26,paid_off
417,194,3,pay_in_3,3,454.66,454.66,0,2026-02-27,delinquent
418,194,37,pay_in_4,4,362.73,362.73,0,2025-11-09,paid_off
419,194,53,pay_in_4,4,113.57,113.57,0,2026-02-22,paid_off
420,194,54,pay_monthly_6,6,82.18,89.84,1889,2026-05-18,active
421,194,15,pay_in_4,4,422.88,422.88,0,2025-06-26,paid_off
422,195,37,pay_monthly_6,6,133.93,148.12,2148,2025-07-13,paid_off
423,195,14,pay_monthly_12,12,615.89,780.51,2710,2025-09-07,active
424,196,41,pay_in_4,4,119.84,119.84,0,2025-09-03,paid_off
425,197,4,pay_in_4,4,315.99,315.99,0,2025-10-16,delinquent
426,197,16,pay_monthly_6,6,534.78,579.11,1681,2025-12-01,paid_off
427,197,49,pay_in_4,4,333.12,333.12,0,2026-03-12,defaulted
428,198,28,pay_in_3,3,305.25,305.25,0,2026-05-28,active
429,198,39,pay_monthly_6,6,150.19,161.35,1507,2026-04-03,defaulted
430,198,40,pay_in_4,4,242.69,242.69,0,2026-04-20,paid_off
431,200,51,pay_in_4,4,117.87,117.87,0,2026-01-20,paid_off
432,200,33,pay_in_4,4,382.71,382.71,0,2026-04-24,paid_off
433,200,22,pay_monthly_12,12,868.88,1101.21,2711,2026-05-10,active
434,201,19,pay_in_4,4,2804.27,2804.27,0,2026-06-06,active
435,201,54,pay_monthly_12,12,122.44,147.91,2109,2025-04-13,paid_off
436,201,44,pay_monthly_6,6,297.09,329.57,2217,2026-05-08,active
437,202,34,pay_in_4,4,355.49,355.49,0,2026-04-05,paid_off
438,202,39,pay_monthly_6,6,148.40,162.14,1878,2026-03-17,active
439,202,50,pay_in_4,4,96.32,96.32,0,2026-06-10,active
440,203,23,pay_monthly_6,6,617.90,672.60,1795,2026-06-03,active
441,203,28,pay_in_4,4,335.52,335.52,0,2026-05-24,active
442,207,12,pay_in_4,4,302.22,302.22,0,2026-03-24,paid_off
443,207,40,pay_in_4,4,90.02,90.02,0,2026-01-26,paid_off
444,207,30,pay_monthly_6,6,322.57,361.73,2462,2026-03-05,active
445,208,28,pay_in_4,4,185.26,185.26,0,2026-01-08,paid_off
446,208,35,pay_monthly_6,6,175.36,195.43,2321,2026-04-20,active
447,208,53,pay_in_3,3,36.34,36.34,0,2026-01-10,paid_off
448,209,18,pay_in_4,4,788.81,788.81,0,2025-05-16,paid_off
449,209,18,pay_monthly_12,12,550.23,717.98,3091,2026-01-05,active
450,209,8,pay_in_4,4,401.95,401.95,0,2025-11-22,paid_off
451,209,43,pay_monthly_6,6,282.08,302.95,1500,2026-04-01,active
452,209,6,pay_in_4,4,458.45,458.45,0,2025-10-24,defaulted
453,209,20,pay_monthly_6,6,958.34,1073.23,2431,2025-11-22,paid_off
454,210,48,pay_monthly_6,6,574.96,636.57,2173,2026-06-08,delinquent
455,210,11,pay_in_4,4,666.70,666.70,0,2026-06-10,active
456,211,23,pay_monthly_6,6,595.55,646.39,1731,2026-05-21,active
457,211,1,pay_in_4,4,626.80,626.80,0,2025-09-07,defaulted
458,211,15,pay_monthly_12,12,549.20,719.99,3153,2025-02-08,paid_off
459,212,45,pay_monthly_12,12,187.89,240.20,2823,2026-05-23,active
460,212,11,pay_monthly_12,12,587.80,735.29,2544,2026-05-20,active
461,214,47,pay_in_4,4,93.88,93.88,0,2026-03-20,paid_off
462,214,25,pay_in_4,4,576.86,576.86,0,2025-09-21,paid_off
463,214,47,pay_monthly_6,6,296.95,331.06,2329,2026-03-21,active
464,215,1,pay_in_4,4,208.86,208.86,0,2026-06-06,defaulted
465,215,28,pay_in_4,4,210.12,210.12,0,2025-11-18,defaulted
466,216,46,pay_in_4,4,228.28,228.28,0,2026-05-07,active
467,217,36,pay_in_4,4,115.98,115.98,0,2025-01-07,paid_off
468,217,33,pay_in_4,4,322.12,322.12,0,2025-11-17,delinquent
469,217,35,pay_monthly_6,6,262.26,282.18,1540,2026-04-19,active
470,217,27,pay_in_4,4,656.22,656.22,0,2025-07-19,paid_off
471,217,19,pay_in_4,4,1500.00,1500.00,0,2026-05-11,active
472,219,55,pay_in_4,4,138.50,138.50,0,2025-10-16,delinquent
473,219,2,pay_in_4,4,327.79,327.79,0,2025-10-07,paid_off
474,219,29,pay_in_4,4,163.56,163.56,0,2026-03-10,paid_off
475,221,47,pay_in_4,4,241.11,241.11,0,2025-05-05,paid_off
476,221,51,pay_in_4,4,93.95,93.95,0,2025-07-10,paid_off
477,221,41,pay_monthly_12,12,122.95,151.74,2374,2025-09-09,active
478,221,8,pay_monthly_12,12,269.66,342.64,2744,2025-09-01,active
479,222,21,pay_in_3,3,660.10,660.10,0,2026-01-21,paid_off
480,222,4,pay_in_4,4,448.65,448.65,0,2026-04-03,paid_off
481,222,4,pay_in_4,4,203.52,203.52,0,2026-01-16,paid_off
482,223,22,pay_in_3,3,851.47,851.47,0,2026-06-11,active
483,223,33,pay_in_4,4,246.51,246.51,0,2025-12-02,paid_off
484,225,23,pay_in_4,4,942.35,942.35,0,2026-04-19,paid_off
485,225,15,pay_in_3,3,344.31,344.31,0,2026-02-05,paid_off
486,225,25,pay_in_3,3,850.32,850.32,0,2026-03-19,paid_off
487,225,55,pay_monthly_12,12,121.64,146.50,2072,2026-01-04,active
488,226,34,pay_in_4,4,612.80,612.80,0,2025-12-28,paid_off
489,226,53,pay_monthly_12,12,46.61,59.23,2746,2026-03-07,active
490,228,53,pay_monthly_6,6,83.85,91.17,1771,2025-04-18,paid_off
491,228,10,pay_in_4,4,618.34,618.34,0,2025-11-06,paid_off
492,228,45,pay_in_4,4,394.86,394.86,0,2025-12-23,paid_off
493,228,44,pay_monthly_12,12,518.67,646.20,2493,2026-05-13,active
494,228,26,pay_in_4,4,240.79,240.79,0,2026-04-11,paid_off
495,228,15,pay_in_4,4,1319.75,1319.75,0,2025-11-28,paid_off
496,229,4,pay_in_3,3,338.19,338.19,0,2025-08-12,paid_off
497,229,41,pay_in_4,4,137.67,137.67,0,2026-02-14,paid_off
498,229,35,pay_in_3,3,55.27,55.27,0,2026-01-18,paid_off
499,230,8,pay_in_3,3,649.32,649.32,0,2025-03-28,paid_off
500,230,45,pay_in_4,4,469.07,469.07,0,2026-05-20,active
501,230,53,pay_in_4,4,125.66,125.66,0,2026-04-17,paid_off
502,232,11,pay_in_4,4,641.55,641.55,0,2025-08-12,paid_off
503,232,35,pay_in_3,3,90.35,90.35,0,2026-03-28,active
504,232,53,pay_in_4,4,376.59,376.59,0,2026-03-06,paid_off
505,233,40,pay_in_4,4,82.87,82.87,0,2025-02-19,paid_off
506,233,28,pay_in_4,4,376.39,376.39,0,2026-04-05,delinquent
507,234,23,pay_in_4,4,381.41,381.41,0,2026-05-15,active
508,234,51,pay_in_4,4,58.90,58.90,0,2026-05-22,active
509,235,55,pay_monthly_6,6,31.79,34.63,1813,2025-11-16,paid_off
510,235,29,pay_in_4,4,368.19,368.19,0,2025-06-12,paid_off
511,235,7,pay_monthly_6,6,380.84,423.27,2259,2026-04-05,defaulted
512,237,42,pay_in_4,4,100.43,100.43,0,2026-02-28,paid_off
513,238,17,pay_monthly_12,12,314.61,383.62,2224,2026-05-03,active
514,239,47,pay_in_3,3,216.40,216.40,0,2025-09-13,paid_off
515,239,20,pay_in_4,4,1147.65,1147.65,0,2025-02-22,paid_off
516,239,12,pay_monthly_12,12,733.48,909.93,2439,2026-06-01,active
517,239,12,pay_monthly_12,12,639.04,848.86,3329,2026-06-03,active
518,239,9,pay_monthly_6,6,841.16,937.81,2330,2026-04-20,active
519,240,45,pay_in_3,3,395.89,395.89,0,2025-10-17,defaulted
520,241,20,pay_in_4,4,513.38,513.38,0,2025-10-19,delinquent
521,241,29,pay_in_4,4,396.68,396.68,0,2025-07-28,paid_off
522,241,29,pay_in_4,4,400.52,400.52,0,2026-02-15,paid_off
523,241,51,pay_in_4,4,81.55,81.55,0,2026-02-11,paid_off
524,242,42,pay_in_4,4,125.48,125.48,0,2026-02-10,paid_off
525,242,56,pay_monthly_6,6,76.71,83.83,1882,2026-06-10,active
526,242,44,pay_in_3,3,185.32,185.32,0,2026-02-01,paid_off
527,243,9,pay_in_4,4,345.95,345.95,0,2026-04-21,paid_off
528,243,51,pay_in_4,4,167.71,167.71,0,2026-04-21,delinquent
529,243,35,pay_monthly_6,6,83.15,92.93,2385,2025-11-02,defaulted
530,243,53,pay_in_3,3,66.13,66.13,0,2026-03-27,active
531,244,33,pay_in_4,4,730.85,730.85,0,2026-06-12,active
532,244,6,pay_monthly_6,6,97.47,109.90,2585,2025-12-02,paid_off
533,244,46,pay_monthly_6,6,183.73,199.21,1708,2025-12-15,paid_off
534,244,6,pay_in_3,3,194.81,194.81,0,2025-12-04,paid_off
535,245,2,pay_in_4,4,226.49,226.49,0,2025-08-20,paid_off
536,245,29,pay_monthly_12,12,286.32,352.68,2350,2025-09-19,active
537,247,21,pay_in_4,4,1479.76,1479.76,0,2026-04-11,paid_off
538,247,14,pay_in_4,4,409.70,409.70,0,2026-01-14,paid_off
539,247,25,pay_in_3,3,1042.51,1042.51,0,2025-10-15,paid_off
540,247,38,pay_monthly_6,6,172.95,189.02,1884,2026-05-12,active
541,247,43,pay_in_4,4,189.74,189.74,0,2025-03-03,defaulted
542,248,50,pay_in_4,4,85.28,85.28,0,2025-03-08,paid_off
543,248,12,pay_in_3,3,598.85,598.85,0,2025-09-05,paid_off
544,248,17,pay_in_4,4,776.71,776.71,0,2025-10-11,paid_off
545,248,35,pay_in_4,4,318.57,318.57,0,2025-06-11,paid_off
546,248,24,pay_monthly_12,12,717.77,906.72,2669,2026-02-16,active
547,249,51,pay_monthly_6,6,207.63,227.48,1939,2025-11-01,paid_off
548,249,20,pay_in_4,4,950.00,950.00,0,2025-10-22,defaulted
549,249,8,pay_monthly_12,12,198.48,260.81,3184,2025-09-15,active
550,249,44,pay_monthly_12,12,269.69,329.30,2241,2026-03-24,active
551,250,9,pay_in_3,3,622.34,622.34,0,2026-03-02,delinquent
552,250,28,pay_in_4,4,454.02,454.02,0,2026-04-19,paid_off
553,251,53,pay_in_4,4,105.40,105.40,0,2026-05-06,active
554,251,3,pay_in_4,4,188.17,188.17,0,2026-02-26,paid_off
555,251,54,pay_in_4,4,105.62,105.62,0,2025-11-25,paid_off
556,251,30,pay_in_3,3,230.31,230.31,0,2025-11-20,paid_off
557,252,18,pay_in_4,4,344.03,344.03,0,2026-05-16,defaulted
558,252,3,pay_in_4,4,91.77,91.77,0,2025-12-25,defaulted
559,254,43,pay_monthly_6,6,276.41,303.17,1963,2026-03-26,active
560,254,25,pay_in_4,4,1334.89,1334.89,0,2025-08-18,paid_off
561,254,53,pay_monthly_6,6,53.25,58.13,1860,2025-12-24,paid_off
562,256,44,pay_in_3,3,242.88,242.88,0,2026-01-11,paid_off
563,256,19,pay_in_4,4,1140.90,1140.90,0,2025-06-10,paid_off
564,256,39,pay_in_4,4,158.96,158.96,0,2026-02-27,paid_off
565,256,53,pay_in_4,4,67.08,67.08,0,2026-05-17,active
566,257,33,pay_monthly_6,6,434.04,471.84,1766,2026-01-15,active
567,257,33,pay_in_3,3,642.76,642.76,0,2026-06-02,active
568,257,44,pay_in_4,4,408.07,408.07,0,2026-02-10,paid_off
569,257,36,pay_in_4,4,66.62,66.62,0,2026-03-14,delinquent
570,258,46,pay_monthly_12,12,115.17,147.48,2844,2026-04-05,active
571,258,35,pay_in_3,3,147.15,147.15,0,2026-04-03,defaulted
572,261,48,pay_monthly_6,6,534.32,586.70,1988,2025-09-01,paid_off
573,261,54,pay_in_4,4,91.69,91.69,0,2025-09-01,defaulted
574,261,51,pay_in_4,4,166.92,166.92,0,2025-08-04,delinquent
575,262,8,pay_monthly_12,12,619.10,793.00,2848,2025-11-07,active
576,262,50,pay_in_4,4,141.07,141.07,0,2026-03-08,paid_off
577,263,38,pay_in_4,4,100.76,100.76,0,2025-12-09,paid_off
578,263,49,pay_in_4,4,247.67,247.67,0,2026-06-09,active
579,265,28,pay_in_3,3,269.19,269.19,0,2026-03-05,paid_off
580,265,51,pay_in_3,3,50.47,50.47,0,2026-02-03,paid_off
581,266,27,pay_monthly_12,12,769.05,929.02,2109,2025-09-21,active
582,266,53,pay_in_4,4,29.71,29.71,0,2026-04-23,paid_off
583,266,54,pay_monthly_12,12,385.23,507.12,3208,2026-03-10,active
584,266,5,pay_monthly_6,6,157.24,174.41,2214,2025-09-02,paid_off
585,267,34,pay_in_4,4,188.60,188.60,0,2025-12-23,paid_off
586,267,6,pay_in_3,3,229.41,229.41,0,2025-11-08,paid_off
587,267,3,pay_monthly_6,6,510.59,560.47,1981,2026-04-03,active
588,268,24,pay_monthly_6,6,1061.95,1181.04,2274,2026-04-09,delinquent
589,268,26,pay_monthly_6,6,744.17,827.04,2258,2026-05-19,active
590,268,35,pay_in_3,3,59.95,59.95,0,2026-02-15,paid_off
591,269,1,pay_in_4,4,405.95,405.95,0,2026-04-10,paid_off
592,269,38,pay_monthly_6,6,86.49,95.53,2119,2026-05-27,active
593,270,15,pay_monthly_6,6,228.67,255.23,2355,2026-01-18,defaulted
594,270,20,pay_in_4,4,652.08,652.08,0,2025-08-11,paid_off
595,270,8,pay_in_4,4,67.46,67.46,0,2026-02-25,defaulted
596,270,50,pay_in_4,4,85.17,85.17,0,2026-01-22,delinquent
597,270,7,pay_in_4,4,407.09,407.09,0,2025-09-08,paid_off
598,270,40,pay_monthly_6,6,92.13,99.69,1665,2025-04-15,paid_off
599,272,40,pay_in_4,4,87.71,87.71,0,2025-12-15,paid_off
600,272,25,pay_in_4,4,960.87,960.87,0,2026-03-17,paid_off
601,272,23,pay_in_4,4,931.04,931.04,0,2026-02-15,paid_off
602,272,42,pay_monthly_6,6,260.40,282.17,1695,2025-08-19,paid_off
603,272,3,pay_monthly_6,6,295.38,318.83,1610,2025-11-12,paid_off
604,273,40,pay_in_4,4,80.69,80.69,0,2026-06-09,active
605,273,54,pay_in_4,4,39.34,39.34,0,2025-03-03,paid_off
606,273,40,pay_monthly_12,12,133.01,160.32,2082,2025-12-18,delinquent
607,274,11,pay_in_3,3,339.63,339.63,0,2026-06-15,active
608,274,22,pay_in_4,4,2150.00,2150.00,0,2026-06-06,delinquent
609,275,12,pay_monthly_6,6,832.31,916.82,2059,2026-04-16,active
610,275,28,pay_in_3,3,363.25,363.25,0,2025-10-23,paid_off
611,275,46,pay_monthly_12,12,211.98,279.37,3223,2025-05-17,defaulted
612,276,13,pay_in_3,3,552.01,552.01,0,2025-05-16,paid_off
613,276,13,pay_monthly_6,6,1132.09,1236.16,1864,2026-02-20,active
614,276,14,pay_in_3,3,768.36,768.36,0,2025-11-08,paid_off
615,276,6,pay_monthly_6,6,269.47,300.26,2317,2025-10-03,paid_off
616,279,53,pay_monthly_12,12,160.71,200.45,2507,2025-08-26,active
617,281,27,pay_in_4,4,290.92,290.92,0,2026-02-09,paid_off
618,281,47,pay_in_4,4,361.89,361.89,0,2025-09-11,paid_off
619,281,28,pay_in_4,4,856.08,856.08,0,2026-02-17,paid_off
620,281,22,pay_monthly_6,6,2150.00,2330.46,1702,2025-10-07,delinquent
621,281,29,pay_monthly_12,12,287.45,371.79,2975,2026-05-02,active
622,281,43,pay_monthly_6,6,380.12,414.07,1811,2026-05-13,active
623,284,25,pay_monthly_6,6,522.78,577.62,2127,2026-01-21,active
624,284,42,pay_monthly_12,12,286.47,345.30,2082,2026-04-23,active
625,284,52,pay_monthly_12,12,132.74,173.97,3149,2026-05-15,defaulted
626,286,34,pay_in_3,3,928.03,928.03,0,2025-10-10,paid_off
627,286,33,pay_in_3,3,327.15,327.15,0,2026-02-20,paid_off
628,286,8,pay_monthly_12,12,498.55,625.12,2574,2025-06-02,paid_off
629,286,49,pay_in_4,4,244.94,244.94,0,2026-04-05,paid_off
630,287,36,pay_monthly_6,6,257.64,280.23,1778,2026-01-07,active
631,287,28,pay_in_4,4,257.00,257.00,0,2025-08-16,paid_off
632,288,37,pay_in_4,4,307.23,307.23,0,2026-05-30,active
633,289,36,pay_in_4,4,178.62,178.62,0,2025-05-02,paid_off
634,289,13,pay_in_3,3,481.20,481.20,0,2026-04-02,active
635,291,50,pay_monthly_12,12,138.01,176.31,2814,2025-05-12,delinquent
636,291,11,pay_monthly_12,12,490.90,621.48,2697,2026-01-04,active
637,291,27,pay_monthly_6,6,600.00,657.85,1955,2025-04-23,delinquent
638,293,30,pay_monthly_12,12,1056.67,1383.40,3135,2026-04-25,active
639,293,54,pay_in_3,3,92.30,92.30,0,2026-01-02,paid_off
640,293,41,pay_in_4,4,125.44,125.44,0,2026-03-23,paid_off
641,293,39,pay_in_4,4,162.46,162.46,0,2026-06-01,active
642,293,17,pay_monthly_6,6,1001.90,1077.64,1533,2026-03-10,active
643,294,35,pay_monthly_12,12,65.52,85.78,3135,2025-07-08,active
644,294,55,pay_in_3,3,82.41,82.41,0,2026-06-01,active
645,294,49,pay_monthly_6,6,184.74,204.15,2131,2026-06-10,active
646,296,27,pay_monthly_12,12,517.71,623.05,2063,2026-01-22,active
647,296,20,pay_monthly_6,6,1086.80,1170.52,1562,2025-07-03,paid_off
648,296,12,pay_monthly_6,6,858.79,967.00,2555,2025-07-03,paid_off
649,296,34,pay_in_3,3,399.20,399.20,0,2026-02-03,paid_off
650,300,10,pay_in_3,3,1444.50,1444.50,0,2026-05-28,delinquent
651,300,48,pay_in_4,4,308.66,308.66,0,2026-05-22,active
652,301,41,pay_monthly_12,12,224.37,289.92,2962,2026-03-01,active
653,302,48,pay_in_4,4,476.22,476.22,0,2026-06-12,active
654,304,31,pay_in_4,4,448.06,448.06,0,2026-02-14,paid_off
655,305,27,pay_in_3,3,409.19,409.19,0,2025-10-20,paid_off
656,305,24,pay_in_4,4,1041.95,1041.95,0,2026-03-06,delinquent
657,305,50,pay_in_4,4,78.20,78.20,0,2026-01-09,paid_off
658,305,1,pay_monthly_6,6,185.91,205.43,2129,2026-01-23,active
659,306,22,pay_in_4,4,338.37,338.37,0,2026-02-26,paid_off
660,307,13,pay_in_4,4,1446.37,1446.37,0,2025-10-11,paid_off
661,307,34,pay_in_3,3,442.77,442.77,0,2026-04-24,active
662,308,35,pay_monthly_6,6,163.60,181.75,2250,2025-11-11,paid_off
663,308,17,pay_in_4,4,1271.38,1271.38,0,2025-08-26,paid_off
664,308,16,pay_monthly_6,6,730.77,816.36,2375,2026-01-09,active
665,309,7,pay_in_4,4,620.03,620.03,0,2026-06-14,delinquent
666,310,16,pay_in_4,4,221.27,221.27,0,2025-05-28,paid_off
667,310,55,pay_in_4,4,161.67,161.67,0,2026-01-01,paid_off
668,310,12,pay_monthly_12,12,887.27,1147.70,2976,2026-03-01,active
669,311,23,pay_in_4,4,1400.00,1400.00,0,2025-12-26,delinquent
670,312,17,pay_in_4,4,1767.29,1767.29,0,2025-07-18,paid_off
671,312,4,pay_in_4,4,425.58,425.58,0,2025-05-20,paid_off
672,312,3,pay_monthly_6,6,530.25,580.27,1913,2025-12-01,paid_off
673,312,52,pay_in_4,4,72.40,72.40,0,2025-05-22,paid_off
674,312,6,pay_in_4,4,241.76,241.76,0,2026-02-24,defaulted
675,315,40,pay_in_3,3,97.58,97.58,0,2026-04-20,defaulted
676,315,30,pay_in_4,4,343.21,343.21,0,2025-04-20,paid_off
677,315,10,pay_in_3,3,495.41,495.41,0,2026-04-18,active
678,315,29,pay_monthly_12,12,241.81,296.19,2280,2026-02-11,delinquent
679,316,44,pay_monthly_6,6,182.93,201.09,2013,2026-02-18,active
680,316,39,pay_in_4,4,102.46,102.46,0,2026-01-20,paid_off
681,317,5,pay_monthly_12,12,281.84,374.74,3342,2025-10-06,active
682,317,29,pay_in_4,4,304.37,304.37,0,2025-10-23,paid_off
683,317,29,pay_monthly_12,12,685.14,828.60,2123,2025-06-19,paid_off
684,318,22,pay_in_3,3,685.96,685.96,0,2025-11-13,paid_off
685,319,1,pay_in_4,4,376.12,376.12,0,2025-11-02,paid_off
686,320,17,pay_monthly_6,6,507.98,558.41,2013,2025-09-28,paid_off
687,320,40,pay_monthly_12,12,140.17,181.09,2960,2026-03-10,active
688,320,40,pay_in_4,4,154.68,154.68,0,2026-01-16,paid_off
689,320,10,pay_monthly_6,6,1158.12,1269.83,1956,2025-05-05,paid_off
690,320,15,pay_in_4,4,985.85,985.85,0,2025-12-23,paid_off
691,320,54,pay_monthly_6,6,126.82,136.43,1537,2026-03-22,active
692,321,4,pay_in_3,3,330.99,330.99,0,2026-02-14,paid_off
693,321,16,pay_in_4,4,341.61,341.61,0,2026-04-22,paid_off
694,321,10,pay_monthly_12,12,746.74,953.77,2811,2025-08-28,active
695,321,26,pay_monthly_6,6,925.65,1022.84,2129,2026-05-11,active
696,322,33,pay_monthly_6,6,684.54,747.33,1860,2026-05-09,active
697,324,54,pay_in_3,3,74.45,74.45,0,2026-05-16,active
698,325,25,pay_monthly_6,6,1141.40,1239.34,1740,2026-02-28,active
699,325,16,pay_monthly_6,6,314.12,351.64,2422,2025-09-22,delinquent
700,325,17,pay_monthly_12,12,1061.30,1388.94,3130,2025-09-18,active
701,326,15,pay_in_4,4,1022.09,1022.09,0,2026-04-05,paid_off
702,326,7,pay_in_4,4,262.79,262.79,0,2025-11-27,paid_off
703,326,6,pay_in_3,3,292.28,292.28,0,2025-09-26,paid_off
704,326,48,pay_monthly_6,6,432.88,475.70,2006,2026-04-24,active
705,327,53,pay_in_3,3,117.16,117.16,0,2026-05-09,active
706,328,51,pay_in_4,4,64.77,64.77,0,2026-03-08,paid_off
707,329,46,pay_in_3,3,475.11,475.11,0,2026-01-12,paid_off
708,331,29,pay_in_4,4,887.43,887.43,0,2026-01-22,paid_off
709,331,22,pay_in_4,4,1500.23,1500.23,0,2026-01-18,paid_off
710,332,44,pay_in_4,4,345.18,345.18,0,2026-01-11,paid_off
711,332,11,pay_in_4,4,1352.38,1352.38,0,2025-11-06,paid_off
712,332,49,pay_in_4,4,124.59,124.59,0,2025-10-08,paid_off
713,332,47,pay_in_4,4,218.86,218.86,0,2026-01-04,delinquent
714,332,2,pay_in_3,3,333.80,333.80,0,2026-02-09,paid_off
715,333,30,pay_in_4,4,300.20,300.20,0,2026-04-30,active
716,335,32,pay_in_4,4,593.26,593.26,0,2026-03-24,paid_off
717,336,26,pay_monthly_12,12,478.71,600.19,2573,2026-03-12,active
718,336,1,pay_in_4,4,261.42,261.42,0,2026-02-11,defaulted
719,339,40,pay_in_4,4,79.64,79.64,0,2025-06-13,paid_off
720,339,25,pay_monthly_6,6,459.95,503.93,1939,2025-08-25,paid_off
721,339,2,pay_in_4,4,306.94,306.94,0,2026-02-25,paid_off
722,339,32,pay_in_4,4,259.30,259.30,0,2026-04-05,paid_off
723,339,40,pay_in_4,4,84.22,84.22,0,2026-06-07,active
724,340,34,pay_in_3,3,331.48,331.48,0,2025-05-08,paid_off
725,340,21,pay_monthly_6,6,473.91,531.68,2472,2026-02-22,delinquent
726,340,15,pay_monthly_6,6,703.41,765.43,1788,2025-10-19,paid_off
727,340,32,pay_in_3,3,281.16,281.16,0,2025-06-26,paid_off
728,340,35,pay_in_3,3,98.59,98.59,0,2025-11-05,paid_off
729,340,3,pay_monthly_12,12,166.38,215.64,3002,2026-06-03,active
730,341,29,pay_in_4,4,157.34,157.34,0,2025-06-12,paid_off
731,341,48,pay_in_4,4,758.70,758.70,0,2025-02-11,paid_off
732,342,26,pay_in_3,3,304.22,304.22,0,2026-01-23,paid_off
733,342,6,pay_in_4,4,283.86,283.86,0,2026-03-12,paid_off
734,342,21,pay_in_4,4,1010.88,1010.88,0,2026-02-24,defaulted
735,343,1,pay_in_3,3,361.47,361.47,0,2025-08-25,paid_off
736,343,54,pay_in_4,4,71.69,71.69,0,2026-02-05,paid_off
737,344,18,pay_in_4,4,684.50,684.50,0,2025-11-14,paid_off
738,344,34,pay_in_4,4,233.82,233.82,0,2026-02-12,paid_off
739,344,45,pay_in_4,4,150.45,150.45,0,2026-03-14,paid_off
740,345,43,pay_monthly_12,12,361.97,474.46,3151,2025-11-21,active
741,345,41,pay_in_3,3,161.28,161.28,0,2025-12-15,paid_off
742,346,20,pay_in_4,4,680.79,680.79,0,2025-02-15,paid_off
743,346,1,pay_in_4,4,585.71,585.71,0,2025-08-05,paid_off
744,346,37,pay_in_4,4,220.42,220.42,0,2025-04-08,paid_off
745,346,54,pay_in_3,3,257.05,257.05,0,2025-01-23,paid_off
746,348,17,pay_in_4,4,547.37,547.37,0,2025-07-06,paid_off
747,348,41,pay_in_4,4,46.49,46.49,0,2026-04-21,defaulted
748,348,4,pay_monthly_6,6,1262.18,1370.73,1744,2026-01-01,active
749,348,41,pay_monthly_12,12,95.79,116.75,2219,2025-11-08,active
750,348,37,pay_in_4,4,161.05,161.05,0,2025-12-13,paid_off
751,351,48,pay_monthly_12,12,293.50,368.24,2582,2025-12-09,active
752,351,41,pay_monthly_12,12,121.27,148.83,2304,2025-10-16,active
753,352,13,pay_in_4,4,1526.46,1526.46,0,2025-06-16,paid_off
754,352,51,pay_monthly_6,6,68.93,77.70,2579,2025-12-06,paid_off
755,352,7,pay_in_4,4,403.28,403.28,0,2025-05-19,delinquent
756,352,43,pay_in_4,4,113.69,113.69,0,2025-09-04,delinquent
757,353,4,pay_in_4,4,303.38,303.38,0,2026-03-06,paid_off
758,353,28,pay_in_4,4,532.58,532.58,0,2025-08-10,paid_off
759,354,38,pay_in_4,4,271.20,271.20,0,2026-06-02,delinquent
760,355,53,pay_monthly_12,12,88.74,112.00,2657,2026-03-22,active
761,355,41,pay_in_4,4,270.10,270.10,0,2026-03-22,paid_off
762,356,28,pay_monthly_6,6,477.23,535.71,2485,2026-05-14,defaulted
763,357,15,pay_in_4,4,666.12,666.12,0,2025-03-26,delinquent
764,357,15,pay_monthly_12,12,699.99,878.60,2587,2025-03-06,delinquent
765,357,28,pay_in_4,4,229.54,229.54,0,2026-03-21,paid_off
766,357,40,pay_in_3,3,144.40,144.40,0,2026-03-04,paid_off
767,358,31,pay_monthly_6,6,308.87,332.77,1569,2026-02-06,active
768,358,13,pay_monthly_12,12,933.91,1244.14,3368,2026-03-02,active
769,360,40,pay_in_4,4,183.05,183.05,0,2025-11-01,paid_off
770,360,9,pay_in_3,3,444.82,444.82,0,2025-12-02,paid_off
771,360,33,pay_in_4,4,262.62,262.62,0,2025-07-17,paid_off
772,363,51,pay_in_4,4,66.67,66.67,0,2026-05-21,active
773,364,42,pay_in_3,3,100.41,100.41,0,2026-05-15,active
774,364,16,pay_in_4,4,254.52,254.52,0,2026-05-15,active
775,364,51,pay_in_3,3,57.25,57.25,0,2025-12-21,paid_off
776,364,30,pay_in_3,3,221.28,221.28,0,2025-11-26,paid_off
777,364,30,pay_in_3,3,467.82,467.82,0,2025-05-19,paid_off
778,365,53,pay_in_3,3,83.70,83.70,0,2026-05-13,active
779,365,50,pay_in_4,4,155.51,155.51,0,2025-11-06,delinquent
780,365,54,pay_in_3,3,53.63,53.63,0,2025-07-11,paid_off
781,365,44,pay_monthly_6,6,150.88,165.92,2021,2025-11-18,paid_off
782,366,37,pay_in_4,4,121.20,121.20,0,2025-08-24,paid_off
783,366,20,pay_in_3,3,926.27,926.27,0,2026-02-14,defaulted
784,367,40,pay_in_4,4,138.68,138.68,0,2025-10-18,paid_off
785,372,13,pay_in_4,4,677.87,677.87,0,2025-11-02,paid_off
786,372,44,pay_in_4,4,322.50,322.50,0,2025-11-01,paid_off
787,372,11,pay_in_4,4,570.51,570.51,0,2026-02-22,paid_off
788,372,23,pay_in_4,4,910.01,910.01,0,2025-05-17,paid_off
789,372,2,pay_in_4,4,393.38,393.38,0,2025-03-13,paid_off
790,373,50,pay_in_3,3,114.50,114.50,0,2026-01-28,paid_off
791,373,17,pay_in_4,4,3145.34,3145.34,0,2025-09-04,paid_off
792,374,51,pay_in_3,3,286.81,286.81,0,2026-06-01,active
793,374,30,pay_monthly_6,6,347.21,388.61,2418,2025-07-13,delinquent
794,374,49,pay_in_4,4,164.83,164.83,0,2026-01-02,paid_off
795,374,53,pay_in_4,4,91.60,91.60,0,2025-07-25,paid_off
796,374,52,pay_in_4,4,72.57,72.57,0,2026-01-22,paid_off
797,375,40,pay_monthly_6,6,111.01,124.72,2505,2026-02-08,active
798,375,20,pay_monthly_6,6,623.72,682.10,1898,2026-04-22,active
799,375,18,pay_in_3,3,483.99,483.99,0,2025-04-01,paid_off
800,376,17,pay_in_4,4,1105.06,1105.06,0,2026-03-15,paid_off
801,376,50,pay_in_4,4,149.34,149.34,0,2025-09-04,paid_off
802,376,54,pay_in_4,4,112.33,112.33,0,2025-12-21,paid_off
803,376,44,pay_in_4,4,344.24,344.24,0,2025-08-28,paid_off
804,377,1,pay_monthly_6,6,547.30,600.31,1964,2025-06-13,paid_off
805,377,34,pay_in_3,3,752.98,752.98,0,2025-06-10,paid_off
806,377,38,pay_in_4,4,53.27,53.27,0,2026-02-16,paid_off
807,378,4,pay_in_4,4,314.16,314.16,0,2026-05-16,active
808,378,52,pay_in_4,4,25.00,25.00,0,2025-05-16,paid_off
809,378,39,pay_in_4,4,183.03,183.03,0,2026-06-07,active
810,379,10,pay_in_4,4,336.54,336.54,0,2026-05-05,active
811,379,4,pay_in_4,4,169.73,169.73,0,2025-12-09,paid_off
812,380,17,pay_monthly_6,6,1131.54,1240.24,1948,2025-12-13,paid_off
813,380,33,pay_in_4,4,1205.85,1205.85,0,2025-04-27,paid_off
814,381,8,pay_in_4,4,296.35,296.35,0,2026-05-08,active
815,381,25,pay_monthly_6,6,671.68,756.38,2557,2026-01-24,active
816,382,41,pay_in_4,4,267.37,267.37,0,2025-06-09,paid_off
817,382,10,pay_in_4,4,1111.00,1111.00,0,2025-05-31,paid_off
818,383,1,pay_in_4,4,331.32,331.32,0,2025-07-04,paid_off
819,383,37,pay_in_3,3,134.08,134.08,0,2025-10-20,paid_off
820,383,39,pay_in_4,4,103.95,103.95,0,2025-02-22,paid_off
821,384,46,pay_in_3,3,182.07,182.07,0,2026-03-25,active
822,384,10,pay_in_4,4,532.55,532.55,0,2026-01-26,paid_off
823,384,52,pay_in_4,4,74.31,74.31,0,2026-02-22,paid_off
824,384,16,pay_in_4,4,1459.12,1459.12,0,2025-04-27,paid_off
825,389,7,pay_in_4,4,151.71,151.71,0,2026-06-02,active
826,389,17,pay_in_3,3,1294.12,1294.12,0,2026-05-19,active
827,389,34,pay_in_4,4,611.74,611.74,0,2026-02-28,paid_off
828,389,46,pay_monthly_12,12,227.67,275.48,2129,2025-07-23,active
829,389,45,pay_monthly_6,6,262.26,281.75,1507,2025-01-22,paid_off
830,390,47,pay_monthly_12,12,502.19,635.33,2688,2026-06-06,active
831,390,39,pay_monthly_6,6,120.18,130.31,1709,2025-04-26,defaulted
832,390,20,pay_in_4,4,425.20,425.20,0,2026-05-17,active
833,390,8,pay_in_4,4,359.00,359.00,0,2025-06-18,paid_off
834,390,3,pay_in_3,3,619.50,619.50,0,2025-07-18,paid_off
835,391,24,pay_in_4,4,559.94,559.94,0,2026-06-14,active
836,391,13,pay_in_4,4,638.34,638.34,0,2025-11-06,paid_off
837,392,22,pay_in_3,3,1934.52,1934.52,0,2026-02-10,paid_off
838,392,36,pay_in_4,4,150.48,150.48,0,2026-05-19,active
839,392,39,pay_monthly_6,6,68.95,74.92,1755,2025-12-09,paid_off
840,392,49,pay_in_4,4,276.48,276.48,0,2025-09-02,paid_off
841,394,44,pay_in_4,4,258.68,258.68,0,2026-01-26,paid_off
842,394,18,pay_in_4,4,650.00,650.00,0,2026-06-06,defaulted
843,394,51,pay_monthly_12,12,97.06,120.57,2456,2025-12-10,active
844,395,39,pay_in_4,4,102.84,102.84,0,2025-08-27,paid_off
845,395,29,pay_in_3,3,446.02,446.02,0,2025-11-25,paid_off
846,395,10,pay_monthly_6,6,1000.17,1117.02,2369,2025-09-13,paid_off
847,395,8,pay_monthly_6,6,334.49,367.58,2006,2026-05-05,active
848,396,34,pay_in_4,4,852.40,852.40,0,2026-04-19,paid_off
849,396,19,pay_in_4,4,689.95,689.95,0,2026-05-24,active
850,397,44,pay_monthly_12,12,236.81,304.94,2917,2026-06-02,active
851,398,15,pay_in_4,4,568.91,568.91,0,2026-04-14,paid_off
852,398,48,pay_in_3,3,129.64,129.64,0,2026-01-28,paid_off
853,398,19,pay_monthly_6,6,287.02,317.23,2134,2026-04-06,active
854,399,17,pay_monthly_6,6,872.07,982.34,2564,2026-05-11,active
855,401,41,pay_in_4,4,166.62,166.62,0,2026-06-09,active
856,402,10,pay_monthly_6,6,842.52,907.79,1571,2025-09-10,paid_off
857,402,22,pay_in_4,4,843.54,843.54,0,2026-04-26,paid_off
858,402,47,pay_monthly_6,6,279.17,313.19,2471,2026-05-14,active
859,402,37,pay_in_4,4,163.43,163.43,0,2026-02-03,paid_off
860,403,45,pay_in_4,4,298.82,298.82,0,2026-01-03,paid_off
861,403,14,pay_in_3,3,346.77,346.77,0,2026-03-21,paid_off
862,403,23,pay_monthly_12,12,699.73,913.33,3095,2025-05-06,paid_off
863,403,35,pay_in_4,4,239.93,239.93,0,2025-05-06,paid_off
864,403,18,pay_monthly_6,6,881.57,969.69,2027,2026-05-27,active
865,403,42,pay_in_3,3,183.07,183.07,0,2025-02-28,paid_off
866,403,30,pay_in_3,3,620.85,620.85,0,2025-11-03,paid_off
867,404,1,pay_in_4,4,200.72,200.72,0,2025-08-16,paid_off
868,404,4,pay_in_4,4,344.62,344.62,0,2026-03-24,paid_off
869,404,52,pay_in_4,4,97.13,97.13,0,2026-01-13,paid_off
870,404,40,pay_monthly_6,6,117.83,131.86,2415,2025-09-18,delinquent
871,405,23,pay_in_4,4,658.02,658.02,0,2025-08-26,defaulted
872,405,13,pay_in_3,3,986.69,986.69,0,2025-07-18,paid_off
873,406,4,pay_in_4,4,318.58,318.58,0,2025-12-21,paid_off
874,406,30,pay_monthly_12,12,498.49,630.45,2684,2025-08-16,active
875,406,15,pay_monthly_6,6,844.73,945.58,2421,2026-04-09,active
876,406,46,pay_in_4,4,180.10,180.10,0,2026-03-04,paid_off
877,407,49,pay_in_3,3,175.04,175.04,0,2025-06-04,paid_off
878,407,24,pay_in_4,4,489.80,489.80,0,2025-05-09,paid_off
879,407,3,pay_in_3,3,234.57,234.57,0,2026-04-16,active
880,407,8,pay_in_4,4,599.81,599.81,0,2026-03-06,paid_off
881,408,52,pay_monthly_12,12,69.59,90.48,3044,2025-09-12,active
882,409,42,pay_in_3,3,153.10,153.10,0,2025-09-11,paid_off
883,409,27,pay_in_4,4,252.80,252.80,0,2025-10-08,paid_off
884,410,16,pay_in_3,3,681.15,681.15,0,2026-03-19,defaulted
885,410,42,pay_in_4,4,104.79,104.79,0,2026-02-21,paid_off
886,411,4,pay_in_4,4,377.06,377.06,0,2026-01-04,paid_off
887,411,3,pay_monthly_6,6,358.92,387.63,1622,2025-08-28,paid_off
888,412,1,pay_in_4,4,572.28,572.28,0,2026-04-20,paid_off
889,412,10,pay_in_3,3,918.14,918.14,0,2025-11-12,paid_off
890,413,10,pay_in_4,4,443.13,443.13,0,2026-03-13,paid_off
891,414,26,pay_in_3,3,693.48,693.48,0,2025-09-24,paid_off
892,414,45,pay_in_3,3,311.72,311.72,0,2025-09-24,paid_off
893,414,27,pay_monthly_6,6,378.10,415.47,2004,2026-05-20,active
894,415,36,pay_monthly_12,12,157.90,193.11,2261,2026-03-16,active
895,415,38,pay_in_4,4,211.42,211.42,0,2026-03-14,paid_off
896,416,56,pay_monthly_6,6,87.83,95.89,1861,2026-04-22,active
897,416,56,pay_monthly_12,12,205.49,264.65,2919,2025-07-20,active
898,416,40,pay_in_4,4,102.91,102.91,0,2025-10-11,paid_off
899,417,55,pay_in_3,3,102.85,102.85,0,2026-05-22,active
900,417,1,pay_monthly_12,12,227.25,278.55,2289,2026-02-05,active
901,417,5,pay_in_4,4,315.24,315.24,0,2025-11-09,paid_off
902,417,53,pay_monthly_6,6,75.43,82.10,1794,2026-02-07,active
903,417,51,pay_in_4,4,36.32,36.32,0,2025-10-12,paid_off
904,417,47,pay_in_4,4,258.03,258.03,0,2026-02-05,paid_off
905,417,7,pay_in_3,3,283.23,283.23,0,2026-03-11,paid_off
906,418,51,pay_in_3,3,180.02,180.02,0,2026-01-11,paid_off
907,418,21,pay_monthly_6,6,1648.02,1779.92,1623,2026-01-24,active
908,418,28,pay_monthly_6,6,660.93,710.08,1508,2025-12-06,paid_off
909,418,17,pay_in_4,4,789.79,789.79,0,2025-11-18,paid_off
910,419,12,pay_in_3,3,931.69,931.69,0,2026-04-09,defaulted
911,420,44,pay_in_4,4,372.46,372.46,0,2026-06-01,active
912,420,37,pay_monthly_6,6,164.01,181.38,2147,2026-01-08,active
913,422,46,pay_monthly_12,12,363.44,484.67,3382,2026-03-12,active
914,422,56,pay_monthly_12,12,271.51,332.14,2264,2026-05-11,active
915,422,7,pay_monthly_12,12,508.64,664.11,3099,2026-03-15,active
916,423,16,pay_in_4,4,594.94,594.94,0,2026-06-05,active
917,425,24,pay_in_4,4,767.03,767.03,0,2025-09-27,paid_off
918,426,35,pay_monthly_6,6,179.69,200.58,2357,2025-12-29,active
919,426,12,pay_in_4,4,795.59,795.59,0,2026-05-26,active
920,426,47,pay_monthly_6,6,209.33,225.81,1596,2026-05-18,active
921,428,3,pay_in_4,4,480.96,480.96,0,2026-01-09,paid_off
922,428,39,pay_in_3,3,279.62,279.62,0,2026-06-12,active
923,429,39,pay_monthly_12,12,98.31,129.97,3265,2026-06-08,active
924,429,25,pay_monthly_6,6,542.40,583.11,1522,2026-05-12,active
925,430,8,pay_in_4,4,256.63,256.63,0,2026-03-25,delinquent
926,430,8,pay_in_4,4,242.43,242.43,0,2025-09-10,paid_off
927,430,52,pay_monthly_6,6,32.85,36.73,2395,2025-09-07,paid_off
928,431,46,pay_monthly_12,12,258.08,320.60,2456,2025-11-25,active
929,431,9,pay_in_4,4,92.83,92.83,0,2025-08-22,paid_off
930,432,10,pay_in_4,4,1847.49,1847.49,0,2025-09-07,paid_off
931,432,2,pay_in_4,4,369.81,369.81,0,2026-01-12,paid_off
932,432,7,pay_in_3,3,216.42,216.42,0,2025-10-03,paid_off
933,432,47,pay_in_4,4,238.92,238.92,0,2025-03-01,delinquent
934,433,13,pay_in_4,4,903.21,903.21,0,2026-06-02,active
935,434,40,pay_monthly_12,12,110.85,138.26,2507,2026-02-28,active
936,434,20,pay_monthly_6,6,1321.10,1470.82,2298,2026-02-28,active
937,435,15,pay_in_4,4,844.41,844.41,0,2026-01-14,paid_off
938,435,40,pay_in_4,4,79.83,79.83,0,2025-11-28,paid_off
939,438,6,pay_in_4,4,373.65,373.65,0,2025-06-21,paid_off
940,438,55,pay_monthly_6,6,79.14,85.95,1744,2026-03-18,active
941,438,50,pay_monthly_6,6,72.57,81.34,2451,2025-06-24,paid_off
942,438,19,pay_in_4,4,550.00,550.00,0,2025-10-20,paid_off
943,439,19,pay_monthly_12,12,1060.51,1371.17,2970,2026-04-08,defaulted
944,439,4,pay_monthly_6,6,126.49,136.84,1659,2025-12-24,paid_off
945,439,38,pay_in_3,3,144.69,144.69,0,2026-03-28,defaulted
946,440,24,pay_in_3,3,1374.44,1374.44,0,2026-01-22,paid_off
947,440,7,pay_in_4,4,261.75,261.75,0,2026-02-04,paid_off
948,440,13,pay_in_3,3,454.20,454.20,0,2025-09-11,defaulted
949,440,13,pay_monthly_12,12,548.52,696.92,2743,2025-11-26,active
950,440,5,pay_monthly_12,12,535.94,652.65,2208,2025-09-22,active
951,441,18,pay_monthly_6,6,414.73,456.82,2058,2026-04-20,active
952,441,22,pay_monthly_12,12,1550.00,1862.63,2045,2026-03-01,active
953,441,41,pay_monthly_12,12,160.81,204.59,2760,2026-05-18,active
954,442,13,pay_in_4,4,348.50,348.50,0,2025-10-20,delinquent
955,442,55,pay_in_4,4,51.25,51.25,0,2026-06-08,defaulted
956,442,55,pay_in_4,4,178.47,178.47,0,2026-04-28,active
957,442,36,pay_in_3,3,200.44,200.44,0,2025-03-28,paid_off
958,442,11,pay_monthly_6,6,500.00,542.07,1706,2026-02-20,active
959,442,56,pay_monthly_12,12,100.15,126.24,2641,2026-04-11,defaulted
960,443,3,pay_monthly_12,12,298.94,384.62,2906,2025-09-27,active
961,443,40,pay_in_4,4,175.33,175.33,0,2025-06-27,paid_off
962,443,12,pay_monthly_12,12,609.00,811.24,3367,2026-02-04,active
963,443,47,pay_in_4,4,432.09,432.09,0,2025-07-08,paid_off
964,443,19,pay_monthly_6,6,528.08,592.27,2465,2026-05-05,active
965,444,31,pay_monthly_6,6,444.75,496.25,2348,2026-03-05,active
966,444,44,pay_in_3,3,282.80,282.80,0,2025-11-18,paid_off
967,445,1,pay_in_4,4,352.61,352.61,0,2026-03-10,paid_off
968,445,33,pay_in_3,3,879.50,879.50,0,2026-04-03,active
969,445,45,pay_monthly_6,6,481.44,522.92,1747,2026-02-10,active
970,445,50,pay_monthly_12,12,64.27,80.88,2621,2026-06-13,active
971,446,39,pay_in_4,4,231.95,231.95,0,2025-09-27,paid_off
972,446,9,pay_in_3,3,419.74,419.74,0,2025-06-15,paid_off
973,446,4,pay_in_4,4,291.67,291.67,0,2026-04-19,paid_off
974,446,48,pay_in_4,4,126.70,126.70,0,2026-05-17,active
975,446,38,pay_monthly_12,12,175.67,210.77,2026,2026-03-22,active
976,447,36,pay_in_3,3,190.81,190.81,0,2025-06-12,paid_off
977,447,18,pay_monthly_6,6,1107.15,1212.85,1936,2025-12-08,paid_off
978,447,45,pay_monthly_6,6,254.05,279.51,2032,2025-04-05,paid_off
979,447,46,pay_monthly_6,6,521.50,586.36,2522,2026-05-03,active
980,448,49,pay_in_4,4,140.47,140.47,0,2026-02-01,paid_off
981,448,19,pay_monthly_12,12,853.41,1126.72,3247,2025-10-20,active
982,448,38,pay_in_3,3,66.02,66.02,0,2025-10-03,paid_off
983,449,42,pay_in_3,3,61.60,61.60,0,2025-11-16,delinquent
984,449,46,pay_in_3,3,628.21,628.21,0,2025-11-20,paid_off
985,449,14,pay_monthly_6,6,778.98,876.90,2549,2026-06-15,active
986,450,52,pay_monthly_6,6,82.09,88.50,1583,2026-05-30,active
987,451,49,pay_in_4,4,166.83,166.83,0,2026-05-08,active
988,451,17,pay_in_3,3,2102.49,2102.49,0,2026-03-15,paid_off
989,451,14,pay_in_4,4,320.31,320.31,0,2026-05-07,active
990,452,11,pay_in_4,4,569.25,569.25,0,2025-10-03,delinquent
991,452,31,pay_in_4,4,318.93,318.93,0,2026-04-27,paid_off
992,452,56,pay_monthly_6,6,67.56,72.95,1617,2025-07-10,paid_off
993,452,27,pay_monthly_6,6,260.31,290.55,2356,2025-10-26,paid_off
994,452,14,pay_in_3,3,602.16,602.16,0,2026-04-27,active
995,453,37,pay_in_4,4,80.65,80.65,0,2025-12-14,paid_off
996,453,43,pay_monthly_6,6,263.54,283.72,1553,2025-10-21,paid_off
997,453,11,pay_monthly_12,12,540.31,685.31,2721,2026-01-01,active
998,454,42,pay_in_3,3,126.06,126.06,0,2025-12-28,paid_off
999,454,12,pay_in_4,4,744.09,744.09,0,2026-03-22,paid_off
1000,454,24,pay_monthly_6,6,753.23,834.73,2194,2025-06-24,paid_off
1001,456,15,pay_monthly_12,12,557.33,687.39,2366,2026-03-08,active
1002,456,56,pay_in_4,4,55.91,55.91,0,2026-03-28,paid_off
1003,456,3,pay_monthly_6,6,286.62,316.42,2108,2026-05-11,active
1004,456,25,pay_in_3,3,1396.22,1396.22,0,2026-06-14,active
1005,457,38,pay_in_4,4,143.61,143.61,0,2026-03-13,paid_off
1006,457,53,pay_monthly_6,6,129.20,143.09,2180,2026-04-17,active
1007,457,43,pay_monthly_6,6,105.73,116.63,2091,2026-01-22,active
1008,458,16,pay_in_4,4,796.38,796.38,0,2025-08-16,paid_off
1009,458,21,pay_in_4,4,1360.77,1360.77,0,2026-06-01,active
1010,458,14,pay_monthly_6,6,336.81,370.66,2038,2026-01-09,active
1011,459,35,pay_in_4,4,66.88,66.88,0,2025-05-24,paid_off
1012,459,55,pay_in_4,4,54.67,54.67,0,2025-06-13,paid_off
1013,459,42,pay_monthly_6,6,137.89,151.12,1945,2025-09-14,delinquent
1014,459,8,pay_in_4,4,218.96,218.96,0,2026-03-10,paid_off
1015,459,54,pay_monthly_6,6,204.09,220.70,1650,2026-05-03,active
1016,460,56,pay_in_4,4,47.60,47.60,0,2026-06-15,active
1017,460,19,pay_in_4,4,1267.50,1267.50,0,2025-11-19,paid_off
1018,460,7,pay_monthly_6,6,264.77,286.73,1682,2025-11-28,paid_off
1019,460,20,pay_in_4,4,1254.68,1254.68,0,2026-01-02,paid_off
1020,460,16,pay_monthly_6,6,747.75,808.59,1650,2025-12-16,paid_off
1021,462,20,pay_in_4,4,470.16,470.16,0,2025-07-05,paid_off
1022,462,34,pay_in_4,4,1021.94,1021.94,0,2025-12-09,paid_off
1023,462,11,pay_in_3,3,338.87,338.87,0,2026-02-17,paid_off
1024,462,7,pay_monthly_6,6,408.20,439.48,1554,2025-07-14,paid_off
1025,463,11,pay_monthly_6,6,439.35,484.24,2072,2026-02-21,active
1026,464,42,pay_monthly_12,12,250.23,328.00,3151,2025-12-03,delinquent
1027,464,26,pay_monthly_6,6,213.05,232.05,1808,2026-05-21,active
1028,464,30,pay_in_4,4,603.77,603.77,0,2025-11-17,defaulted
1029,466,4,pay_monthly_12,12,249.60,298.98,2006,2026-02-21,active
1030,466,32,pay_in_4,4,395.86,395.86,0,2026-02-13,paid_off
1031,466,53,pay_monthly_6,6,63.93,69.96,1912,2025-10-20,paid_off
1032,466,17,pay_monthly_12,12,631.60,785.41,2469,2025-04-04,paid_off
1033,467,49,pay_in_4,4,256.99,256.99,0,2026-02-18,paid_off
1034,467,31,pay_in_4,4,462.57,462.57,0,2025-04-29,paid_off
1035,467,4,pay_in_3,3,605.71,605.71,0,2026-01-04,paid_off
1036,467,43,pay_in_4,4,269.55,269.55,0,2026-02-20,paid_off
1037,467,47,pay_monthly_12,12,278.70,353.77,2731,2025-05-04,paid_off
1038,467,53,pay_in_4,4,80.60,80.60,0,2026-04-24,paid_off
1039,468,29,pay_monthly_12,12,1351.78,1804.42,3395,2025-04-06,paid_off
1040,468,33,pay_in_3,3,219.11,219.11,0,2025-11-08,paid_off
1041,468,42,pay_in_4,4,190.46,190.46,0,2026-02-20,paid_off
1042,468,56,pay_monthly_12,12,64.96,83.51,2896,2025-12-04,active
1043,468,33,pay_in_4,4,419.92,419.92,0,2025-06-22,paid_off
1044,468,39,pay_in_4,4,216.84,216.84,0,2026-04-07,paid_off
1045,469,53,pay_in_3,3,165.87,165.87,0,2025-11-04,paid_off
1046,470,47,pay_in_4,4,197.58,197.58,0,2026-01-07,paid_off
1047,470,6,pay_in_4,4,186.23,186.23,0,2025-10-09,paid_off
1048,471,11,pay_monthly_6,6,366.85,398.11,1728,2026-05-21,active
1049,471,35,pay_in_4,4,71.51,71.51,0,2026-04-27,defaulted
1050,471,27,pay_monthly_12,12,441.16,538.19,2230,2025-12-23,active
1051,471,43,pay_in_3,3,389.18,389.18,0,2026-02-09,defaulted
1052,472,10,pay_monthly_6,6,698.39,760.18,1794,2026-05-04,active
1053,473,16,pay_in_3,3,169.70,169.70,0,2026-03-21,paid_off
1054,474,51,pay_in_4,4,65.52,65.52,0,2026-02-10,paid_off
1055,475,30,pay_monthly_6,6,539.08,595.31,2115,2026-03-05,active
1056,476,50,pay_monthly_12,12,98.12,124.51,2727,2025-08-06,active
1057,476,54,pay_in_4,4,128.85,128.85,0,2025-06-22,paid_off
1058,476,12,pay_monthly_12,12,1011.25,1288.23,2777,2025-05-01,paid_off
1059,477,54,pay_in_4,4,71.10,71.10,0,2026-06-13,delinquent
1060,481,37,pay_in_4,4,170.78,170.78,0,2026-05-23,active
1061,481,39,pay_in_4,4,231.50,231.50,0,2026-01-01,paid_off
1062,481,1,pay_in_4,4,181.06,181.06,0,2026-02-03,paid_off
1063,481,43,pay_in_4,4,204.00,204.00,0,2026-04-20,paid_off
1064,481,47,pay_in_4,4,166.77,166.77,0,2026-03-14,delinquent
1065,483,11,pay_in_4,4,747.69,747.69,0,2026-04-05,paid_off
1066,484,14,pay_in_4,4,999.17,999.17,0,2025-12-01,paid_off
1067,484,14,pay_in_3,3,1011.40,1011.40,0,2026-02-21,paid_off
1068,484,18,pay_in_4,4,1482.38,1482.38,0,2025-08-07,paid_off
1069,485,13,pay_monthly_6,6,783.24,849.98,1728,2026-02-18,active
1070,486,18,pay_in_3,3,320.37,320.37,0,2025-10-08,paid_off
1071,486,55,pay_in_4,4,158.25,158.25,0,2025-08-15,paid_off
1072,488,40,pay_monthly_12,12,69.93,85.15,2207,2026-05-20,active
1073,488,30,pay_in_4,4,228.17,228.17,0,2026-02-04,paid_off
1074,489,24,pay_monthly_12,12,897.83,1119.92,2508,2026-04-21,active
1075,489,26,pay_in_4,4,158.82,158.82,0,2026-02-18,paid_off
1076,489,45,pay_in_4,4,194.89,194.89,0,2026-04-16,paid_off
1077,489,41,pay_in_3,3,201.78,201.78,0,2026-02-05,delinquent
1078,489,48,pay_in_3,3,199.93,199.93,0,2026-05-09,active
1079,490,33,pay_in_4,4,685.12,685.12,0,2026-05-15,active
1080,490,44,pay_in_3,3,264.94,264.94,0,2026-02-27,paid_off
1081,490,19,pay_monthly_6,6,630.40,708.31,2506,2026-06-04,active
1082,490,3,pay_in_4,4,245.84,245.84,0,2026-05-22,active
1083,490,8,pay_in_4,4,599.81,599.81,0,2026-04-27,paid_off
1084,491,3,pay_in_3,3,182.36,182.36,0,2026-03-02,paid_off
1085,491,33,pay_in_4,4,814.71,814.71,0,2025-03-27,paid_off
1086,492,30,pay_in_4,4,595.35,595.35,0,2025-07-25,paid_off
1087,492,30,pay_monthly_6,6,373.74,415.21,2250,2025-09-01,paid_off
1088,493,21,pay_monthly_6,6,914.00,1014.97,2240,2026-04-06,active
1089,494,1,pay_in_4,4,268.42,268.42,0,2026-02-22,delinquent
1090,495,11,pay_in_4,4,706.11,706.11,0,2025-12-28,paid_off
1091,496,10,pay_monthly_12,12,540.51,666.59,2365,2026-05-07,active
1092,496,11,pay_in_4,4,845.90,845.90,0,2025-11-28,paid_off
1093,496,4,pay_in_3,3,291.59,291.59,0,2025-12-24,paid_off
1094,497,16,pay_in_4,4,461.96,461.96,0,2025-08-27,paid_off
1095,497,14,pay_in_4,4,1026.33,1026.33,0,2025-12-26,paid_off
1096,497,9,pay_in_4,4,460.18,460.18,0,2025-08-17,paid_off
1097,497,11,pay_monthly_12,12,811.95,1051.08,2986,2026-05-17,active
1098,498,50,pay_in_3,3,70.34,70.34,0,2026-04-12,active
1099,498,14,pay_in_4,4,396.48,396.48,0,2025-12-18,paid_off
1100,498,42,pay_in_3,3,195.51,195.51,0,2026-03-07,paid_off
1101,500,28,pay_in_3,3,377.39,377.39,0,2026-03-11,delinquent
1102,500,40,pay_monthly_6,6,83.60,93.85,2486,2025-10-02,paid_off
1103,500,52,pay_in_4,4,58.17,58.17,0,2026-03-16,paid_off
1104,500,30,pay_in_4,4,650.00,650.00,0,2025-10-18,defaulted
1105,500,25,pay_monthly_6,6,650.00,719.56,2170,2026-04-05,delinquent
1106,500,7,pay_in_3,3,147.96,147.96,0,2025-11-12,paid_off
1107,501,50,pay_in_4,4,47.46,47.46,0,2025-05-12,paid_off
1108,501,22,pay_in_4,4,357.15,357.15,0,2026-03-11,paid_off
1109,501,41,pay_in_4,4,96.27,96.27,0,2026-02-20,paid_off
1110,501,27,pay_in_3,3,453.79,453.79,0,2026-03-24,delinquent
1111,502,3,pay_in_3,3,282.06,282.06,0,2026-04-13,delinquent
1112,504,46,pay_in_4,4,193.08,193.08,0,2026-04-20,paid_off
1113,506,52,pay_monthly_12,12,86.79,109.19,2617,2026-06-15,active
1114,506,1,pay_monthly_12,12,148.50,195.57,3214,2026-05-03,active
1115,508,37,pay_monthly_6,6,289.15,325.67,2561,2025-09-01,paid_off
1116,508,30,pay_in_4,4,587.65,587.65,0,2026-04-25,paid_off
1117,511,22,pay_monthly_6,6,664.75,739.69,2286,2025-08-13,paid_off
1118,511,41,pay_in_4,4,133.07,133.07,0,2025-07-06,paid_off
1119,511,8,pay_in_4,4,440.50,440.50,0,2025-05-24,defaulted
1120,511,28,pay_in_4,4,205.42,205.42,0,2025-08-10,paid_off
1121,512,6,pay_in_4,4,480.70,480.70,0,2025-10-03,defaulted
1122,512,3,pay_monthly_12,12,608.52,734.50,2099,2026-04-13,delinquent
1123,512,45,pay_in_4,4,144.81,144.81,0,2025-07-11,paid_off
1124,512,16,pay_monthly_6,6,790.11,879.57,2296,2025-05-09,defaulted
1125,513,45,pay_in_4,4,192.64,192.64,0,2025-09-25,paid_off
1126,513,12,pay_in_3,3,889.03,889.03,0,2026-03-04,paid_off
1127,514,31,pay_monthly_12,12,370.59,470.08,2722,2026-03-04,active
1128,514,26,pay_in_3,3,750.00,750.00,0,2025-07-24,delinquent
1129,514,43,pay_in_4,4,90.71,90.71,0,2026-03-24,paid_off
1130,514,55,pay_in_4,4,212.74,212.74,0,2026-04-11,delinquent
1131,515,25,pay_monthly_12,12,962.47,1266.05,3198,2026-03-06,delinquent
1132,515,44,pay_in_4,4,380.05,380.05,0,2026-03-05,paid_off
1133,515,27,pay_in_4,4,427.12,427.12,0,2025-09-28,delinquent
1134,515,29,pay_in_3,3,554.04,554.04,0,2026-01-14,paid_off
1135,515,35,pay_monthly_12,12,78.16,95.13,2201,2026-03-20,delinquent
1136,515,17,pay_in_4,4,541.12,541.12,0,2025-11-22,paid_off
1137,516,41,pay_in_4,4,295.41,295.41,0,2026-02-22,paid_off
1138,516,14,pay_in_4,4,795.68,795.68,0,2026-01-07,paid_off
1139,516,50,pay_monthly_6,6,183.58,201.95,2029,2026-04-11,active
1140,516,22,pay_in_4,4,1300.00,1300.00,0,2026-05-19,delinquent
1141,517,51,pay_monthly_6,6,70.95,77.02,1735,2026-05-25,active
1142,518,46,pay_in_4,4,392.01,392.01,0,2026-05-17,active
1143,520,33,pay_in_4,4,496.61,496.61,0,2026-05-19,defaulted
1144,520,55,pay_monthly_6,6,169.25,186.94,2119,2026-05-19,active
1145,520,7,pay_in_4,4,348.90,348.90,0,2026-05-19,active
1146,521,42,pay_monthly_6,6,312.17,336.29,1567,2025-07-04,delinquent
1147,521,42,pay_in_3,3,115.84,115.84,0,2026-03-09,paid_off
1148,522,4,pay_monthly_6,6,183.39,206.77,2585,2026-01-13,active
1149,522,2,pay_monthly_6,6,193.05,213.53,2151,2026-02-03,active
1150,522,50,pay_in_4,4,209.14,209.14,0,2026-01-05,paid_off
1151,522,43,pay_monthly_6,6,206.83,227.12,1989,2025-07-04,paid_off
1152,522,7,pay_monthly_6,6,446.51,498.61,2366,2026-05-08,active
1153,523,53,pay_in_3,3,86.85,86.85,0,2026-01-03,paid_off
1154,523,12,pay_in_4,4,950.00,950.00,0,2026-02-24,paid_off
1155,523,18,pay_monthly_6,6,666.59,738.91,2200,2026-03-17,active
1156,525,31,pay_in_4,4,182.67,182.67,0,2025-11-11,paid_off
1157,525,27,pay_in_4,4,916.88,916.88,0,2026-05-19,active
1158,526,26,pay_in_3,3,233.58,233.58,0,2026-03-18,defaulted
1159,526,9,pay_in_4,4,1165.78,1165.78,0,2026-02-18,paid_off
1160,527,8,pay_monthly_6,6,136.03,147.84,1760,2025-11-09,paid_off
1161,528,19,pay_in_4,4,646.91,646.91,0,2026-03-14,delinquent
1162,528,38,pay_in_3,3,147.91,147.91,0,2025-11-08,defaulted
1163,530,44,pay_monthly_6,6,186.27,204.35,1968,2026-06-11,defaulted
1164,530,19,pay_in_4,4,789.99,789.99,0,2025-09-20,paid_off
1165,530,38,pay_in_3,3,70.07,70.07,0,2025-08-05,defaulted
1166,530,26,pay_in_4,4,412.73,412.73,0,2026-03-01,paid_off
1167,532,42,pay_monthly_6,6,280.19,316.10,2599,2026-05-03,active
1168,532,23,pay_in_4,4,519.25,519.25,0,2025-11-05,paid_off
1169,532,20,pay_in_4,4,1272.03,1272.03,0,2025-12-20,paid_off
1170,533,17,pay_monthly_6,6,863.71,951.79,2068,2026-04-17,active
1171,533,35,pay_monthly_12,12,118.89,155.73,3142,2026-04-24,active
1172,534,18,pay_in_4,4,1026.08,1026.08,0,2026-02-24,paid_off
1173,534,24,pay_monthly_12,12,595.22,736.06,2399,2026-05-19,delinquent
1174,534,37,pay_in_4,4,90.83,90.83,0,2026-01-01,paid_off
1175,535,22,pay_monthly_6,6,642.97,716.85,2330,2026-01-15,active
1176,535,33,pay_in_4,4,177.40,177.40,0,2026-01-15,paid_off
1177,536,18,pay_in_4,4,418.58,418.58,0,2025-12-24,paid_off
1178,536,55,pay_in_4,4,92.70,92.70,0,2025-12-22,defaulted
1179,536,56,pay_monthly_12,12,339.31,418.36,2362,2026-03-12,defaulted
1180,537,23,pay_in_4,4,802.83,802.83,0,2026-01-25,paid_off
1181,537,25,pay_in_4,4,768.51,768.51,0,2026-05-17,active
1182,538,18,pay_in_4,4,530.61,530.61,0,2025-10-02,paid_off
1183,538,34,pay_in_3,3,391.28,391.28,0,2025-12-09,paid_off
1184,538,23,pay_monthly_12,12,850.00,1046.93,2349,2025-12-07,active
1185,538,11,pay_monthly_12,12,315.50,378.48,2024,2025-09-16,active
1186,538,19,pay_in_3,3,850.00,850.00,0,2026-03-04,paid_off
1187,539,7,pay_in_3,3,395.02,395.02,0,2025-07-28,paid_off
1188,541,31,pay_in_4,4,317.48,317.48,0,2025-03-15,paid_off
1189,541,2,pay_in_4,4,202.80,202.80,0,2025-03-24,paid_off
1190,541,31,pay_in_4,4,525.06,525.06,0,2026-05-09,active
1191,543,5,pay_monthly_12,12,200.43,264.82,3257,2026-05-08,active
1192,543,23,pay_in_4,4,580.29,580.29,0,2026-03-12,paid_off
1193,543,46,pay_in_3,3,154.38,154.38,0,2026-01-01,paid_off
1194,544,13,pay_in_3,3,717.85,717.85,0,2026-02-19,paid_off
1195,545,27,pay_monthly_6,6,243.96,272.27,2353,2025-08-01,paid_off
1196,545,39,pay_monthly_6,6,181.98,204.70,2532,2026-01-13,delinquent
1197,545,13,pay_in_4,4,550.00,550.00,0,2026-01-14,delinquent
1198,545,53,pay_in_4,4,77.65,77.65,0,2025-03-03,defaulted
1199,546,18,pay_in_4,4,865.52,865.52,0,2026-05-24,active
1200,546,48,pay_in_4,4,244.17,244.17,0,2026-03-02,paid_off
1201,546,55,pay_monthly_6,6,294.53,323.33,1983,2026-04-18,defaulted
1202,546,30,pay_monthly_6,6,167.63,188.64,2541,2026-04-12,active
1203,547,39,pay_monthly_6,6,161.75,179.51,2227,2026-05-23,active
1204,547,42,pay_monthly_12,12,347.53,462.84,3364,2026-02-26,active
1205,548,46,pay_in_4,4,138.37,138.37,0,2025-06-11,delinquent
1206,548,44,pay_in_4,4,435.93,435.93,0,2026-02-11,paid_off
1207,548,37,pay_in_4,4,136.34,136.34,0,2026-05-16,active
1208,550,53,pay_monthly_6,6,55.28,61.51,2284,2026-01-14,active
1209,551,22,pay_in_4,4,828.78,828.78,0,2026-03-17,defaulted
1210,551,5,pay_in_4,4,192.03,192.03,0,2026-05-25,active
1211,552,53,pay_in_3,3,87.21,87.21,0,2026-05-23,active
1212,552,6,pay_in_4,4,258.07,258.07,0,2026-04-26,paid_off
1213,552,46,pay_in_4,4,78.16,78.16,0,2026-05-04,active
1214,552,7,pay_in_4,4,392.26,392.26,0,2026-02-03,paid_off
1215,554,19,pay_in_4,4,1578.07,1578.07,0,2026-02-11,paid_off
1216,554,46,pay_in_4,4,184.92,184.92,0,2026-01-26,paid_off
1217,555,6,pay_in_4,4,200.94,200.94,0,2026-01-25,paid_off
1218,555,13,pay_in_4,4,374.22,374.22,0,2026-04-09,paid_off
1219,556,34,pay_in_4,4,993.93,993.93,0,2026-05-13,active
1220,556,24,pay_monthly_6,6,969.57,1063.62,1967,2026-04-13,delinquent
1221,556,41,pay_monthly_6,6,128.38,139.23,1714,2026-01-26,active
1222,556,45,pay_in_3,3,185.15,185.15,0,2025-10-10,paid_off
1223,557,55,pay_in_4,4,72.40,72.40,0,2026-03-03,paid_off
1224,557,9,pay_in_4,4,752.60,752.60,0,2026-04-19,paid_off
1225,557,28,pay_in_3,3,197.49,197.49,0,2026-02-20,paid_off
1226,557,55,pay_monthly_12,12,69.94,84.31,2083,2026-06-14,active
1227,559,54,pay_in_4,4,190.10,190.10,0,2025-08-09,defaulted
1228,559,15,pay_in_4,4,1500.98,1500.98,0,2026-03-04,paid_off
1229,559,4,pay_in_4,4,198.14,198.14,0,2025-06-05,paid_off
1230,559,23,pay_in_4,4,281.36,281.36,0,2025-11-20,paid_off
1231,560,41,pay_in_3,3,61.20,61.20,0,2025-10-23,delinquent
1232,560,15,pay_in_3,3,378.05,378.05,0,2025-12-01,paid_off
1233,560,50,pay_in_4,4,154.61,154.61,0,2025-08-17,paid_off
1234,560,56,pay_monthly_12,12,37.05,44.46,2029,2026-03-02,defaulted
1235,561,47,pay_in_4,4,269.21,269.21,0,2026-03-08,paid_off
1236,561,9,pay_monthly_12,12,1446.54,1808.36,2536,2026-04-23,active
1237,561,50,pay_in_3,3,74.79,74.79,0,2025-04-25,paid_off
1238,561,2,pay_in_4,4,122.57,122.57,0,2025-08-15,paid_off
1239,561,20,pay_monthly_6,6,520.02,575.80,2175,2026-01-13,active
1240,561,14,pay_monthly_6,6,562.37,614.31,1873,2025-03-08,paid_off
1241,561,30,pay_monthly_6,6,2043.57,2272.44,2271,2025-11-17,paid_off
1242,562,43,pay_in_4,4,403.69,403.69,0,2025-10-08,paid_off
1243,562,2,pay_in_4,4,596.82,596.82,0,2026-05-23,active
1244,562,47,pay_monthly_6,6,243.65,264.93,1771,2026-04-18,active
1245,563,15,pay_monthly_12,12,827.30,990.74,2003,2026-01-22,active
1246,563,33,pay_monthly_6,6,475.37,529.19,2296,2025-12-09,paid_off
1247,565,56,pay_in_4,4,211.69,211.69,0,2025-09-13,paid_off
1248,565,5,pay_in_4,4,352.91,352.91,0,2026-02-07,defaulted
1249,565,5,pay_in_4,4,146.74,146.74,0,2026-01-11,paid_off
1250,566,5,pay_monthly_6,6,463.90,500.53,1601,2025-10-13,paid_off
1251,566,11,pay_monthly_6,6,790.34,879.32,2283,2026-04-28,active
1252,567,14,pay_in_4,4,349.56,349.56,0,2025-08-03,paid_off
1253,567,8,pay_in_4,4,205.40,205.40,0,2026-03-04,defaulted
1254,567,5,pay_in_3,3,205.08,205.08,0,2026-03-18,paid_off
1255,568,13,pay_in_3,3,884.65,884.65,0,2025-09-10,paid_off
1256,568,41,pay_in_4,4,224.64,224.64,0,2025-07-21,paid_off
1257,568,21,pay_in_4,4,890.97,890.97,0,2025-11-20,defaulted
1258,568,42,pay_in_3,3,280.23,280.23,0,2025-02-19,paid_off
1259,568,40,pay_in_3,3,207.06,207.06,0,2026-06-09,active
1260,570,51,pay_monthly_6,6,25.00,27.59,2102,2026-04-08,active
1261,570,12,pay_in_4,4,415.44,415.44,0,2026-05-08,active
1262,571,31,pay_in_4,4,144.16,144.16,0,2026-01-18,defaulted
1263,571,3,pay_in_3,3,350.94,350.94,0,2025-12-17,paid_off
1264,572,52,pay_monthly_12,12,94.03,114.36,2192,2026-03-25,active
1265,572,45,pay_in_4,4,409.50,409.50,0,2026-05-09,active
1266,572,50,pay_monthly_6,6,116.11,126.07,1740,2025-12-10,paid_off
1267,573,26,pay_in_3,3,683.95,683.95,0,2025-07-15,paid_off
1268,573,12,pay_in_3,3,420.18,420.18,0,2026-01-10,paid_off
1269,573,9,pay_in_4,4,947.35,947.35,0,2026-04-18,paid_off
1270,574,24,pay_in_4,4,1966.55,1966.55,0,2026-02-01,paid_off
1271,574,30,pay_in_4,4,655.71,655.71,0,2025-07-03,paid_off
1272,574,7,pay_monthly_12,12,191.50,233.37,2217,2026-06-02,active
1273,575,48,pay_in_4,4,135.94,135.94,0,2025-07-24,paid_off
1274,575,35,pay_in_4,4,124.34,124.34,0,2025-08-13,paid_off
1275,575,41,pay_in_4,4,227.54,227.54,0,2025-04-10,paid_off
1276,575,31,pay_in_4,4,803.18,803.18,0,2025-02-28,paid_off
1277,577,43,pay_in_3,3,341.01,341.01,0,2025-10-26,paid_off
1278,578,54,pay_in_4,4,47.84,47.84,0,2025-08-15,paid_off
1279,578,36,pay_in_4,4,198.84,198.84,0,2025-12-06,paid_off
1280,578,37,pay_in_3,3,124.61,124.61,0,2026-04-03,active
1281,579,34,pay_in_4,4,832.79,832.79,0,2026-03-05,paid_off
1282,580,46,pay_in_4,4,145.27,145.27,0,2026-05-02,active
1283,580,19,pay_in_4,4,547.85,547.85,0,2026-04-16,paid_off
1284,581,39,pay_monthly_12,12,168.28,221.04,3179,2025-09-18,active
1285,581,24,pay_in_4,4,1300.57,1300.57,0,2026-04-27,paid_off
1286,582,36,pay_in_4,4,160.16,160.16,0,2025-10-08,paid_off
1287,582,16,pay_in_4,4,1290.40,1290.40,0,2026-03-05,paid_off
1288,582,19,pay_in_4,4,1288.73,1288.73,0,2026-03-07,paid_off
1289,582,3,pay_in_3,3,241.34,241.34,0,2025-03-20,paid_off
1290,582,50,pay_monthly_6,6,88.40,99.72,2596,2025-05-06,paid_off
1291,584,35,pay_in_4,4,87.71,87.71,0,2026-06-09,active
1292,586,37,pay_in_4,4,327.17,327.17,0,2026-04-25,paid_off
1293,586,53,pay_in_4,4,51.65,51.65,0,2026-04-03,paid_off
1294,588,17,pay_in_4,4,520.50,520.50,0,2026-03-05,paid_off
1295,588,42,pay_in_4,4,266.37,266.37,0,2025-11-01,paid_off
1296,590,3,pay_monthly_6,6,355.15,398.67,2485,2025-09-15,paid_off
1297,590,12,pay_in_4,4,1441.62,1441.62,0,2026-01-26,paid_off
1298,590,48,pay_monthly_6,6,259.17,288.23,2274,2025-07-08,paid_off
1299,590,20,pay_in_4,4,797.07,797.07,0,2026-01-03,paid_off
1300,590,11,pay_in_4,4,1062.18,1062.18,0,2026-04-16,paid_off
1301,590,54,pay_monthly_6,6,91.05,99.90,1970,2025-11-12,paid_off
1302,591,52,pay_in_4,4,138.77,138.77,0,2026-05-18,active
1303,591,49,pay_in_4,4,508.38,508.38,0,2026-02-20,paid_off
1304,591,45,pay_in_3,3,430.26,430.26,0,2026-03-10,paid_off
1305,591,28,pay_in_4,4,432.53,432.53,0,2026-01-15,paid_off
1306,591,13,pay_in_4,4,855.99,855.99,0,2026-01-19,paid_off
1307,594,50,pay_in_4,4,88.35,88.35,0,2026-06-06,active
1308,594,8,pay_monthly_12,12,312.09,413.70,3301,2026-04-14,active
1309,596,22,pay_monthly_12,12,741.87,926.55,2524,2026-02-02,active
1310,596,40,pay_in_4,4,175.89,175.89,0,2025-08-03,paid_off
1311,596,14,pay_monthly_6,6,833.48,901.30,1650,2025-11-21,delinquent
1312,596,32,pay_monthly_6,6,840.72,937.24,2328,2026-06-10,delinquent
1313,598,39,pay_in_4,4,265.15,265.15,0,2025-06-02,paid_off
1314,598,1,pay_in_4,4,463.88,463.88,0,2026-03-26,paid_off
1315,598,52,pay_in_3,3,58.33,58.33,0,2025-10-27,delinquent
1316,598,20,pay_in_4,4,649.22,649.22,0,2025-10-25,defaulted
1317,598,52,pay_monthly_6,6,114.29,127.66,2372,2025-07-24,paid_off
1318,598,8,pay_monthly_6,6,115.99,126.50,1837,2026-06-08,active
1319,599,29,pay_in_4,4,370.52,370.52,0,2026-06-02,active
1320,600,21,pay_in_3,3,458.79,458.79,0,2025-08-17,paid_off
1321,602,24,pay_in_4,4,939.99,939.99,0,2025-09-10,paid_off
1322,602,28,pay_in_4,4,522.75,522.75,0,2025-03-21,paid_off
1323,602,4,pay_in_4,4,247.83,247.83,0,2025-06-28,paid_off
1324,602,22,pay_in_4,4,1963.11,1963.11,0,2025-09-24,delinquent
1325,602,53,pay_monthly_12,12,154.48,191.18,2409,2026-05-11,active
1326,603,26,pay_in_3,3,411.60,411.60,0,2025-09-19,paid_off
1327,603,30,pay_monthly_12,12,386.17,496.93,2908,2025-06-03,paid_off
1328,603,53,pay_in_4,4,84.08,84.08,0,2025-08-12,paid_off
1329,603,8,pay_monthly_6,6,404.65,446.90,2117,2026-04-16,defaulted
1330,603,46,pay_in_4,4,173.26,173.26,0,2025-11-27,paid_off
1331,603,20,pay_in_4,4,925.44,925.44,0,2026-01-09,paid_off
1332,605,19,pay_in_4,4,793.59,793.59,0,2026-01-27,defaulted
1333,605,3,pay_monthly_6,6,258.78,290.39,2477,2025-07-24,paid_off
1334,605,41,pay_in_4,4,113.78,113.78,0,2026-03-28,paid_off
1335,605,47,pay_in_3,3,592.09,592.09,0,2025-04-08,paid_off
1336,607,19,pay_in_3,3,1098.48,1098.48,0,2026-03-28,active
1337,608,4,pay_in_4,4,145.22,145.22,0,2025-06-25,paid_off
1338,608,47,pay_in_4,4,332.78,332.78,0,2026-06-13,active
1339,608,28,pay_monthly_6,6,732.19,807.04,2073,2026-02-26,active
1340,609,30,pay_in_4,4,1178.09,1178.09,0,2026-03-26,paid_off
1341,609,26,pay_monthly_6,6,305.31,331.06,1710,2026-02-19,active
1342,609,19,pay_in_4,4,1676.14,1676.14,0,2026-03-11,paid_off
1343,609,30,pay_monthly_6,6,954.37,1053.35,2103,2026-02-05,active
1344,611,22,pay_monthly_12,12,695.31,915.93,3217,2025-08-14,defaulted
1345,611,34,pay_in_4,4,441.63,441.63,0,2026-01-13,paid_off
1346,612,12,pay_in_4,4,943.32,943.32,0,2025-10-19,paid_off
1347,612,31,pay_in_4,4,178.54,178.54,0,2025-10-27,paid_off
1348,613,13,pay_in_3,3,531.49,531.49,0,2026-04-12,active
1349,614,45,pay_in_4,4,104.45,104.45,0,2026-02-19,paid_off
1350,614,12,pay_in_4,4,745.29,745.29,0,2026-02-11,paid_off
1351,615,5,pay_in_3,3,144.23,144.23,0,2026-03-22,paid_off
1352,615,13,pay_in_3,3,388.96,388.96,0,2026-05-21,active
1353,616,40,pay_in_4,4,113.56,113.56,0,2026-04-18,paid_off
1354,616,30,pay_in_4,4,408.33,408.33,0,2026-05-15,active
1355,617,2,pay_monthly_12,12,254.41,338.70,3359,2025-06-02,paid_off
1356,617,56,pay_in_4,4,97.92,97.92,0,2026-04-21,paid_off
1357,617,27,pay_in_4,4,494.24,494.24,0,2025-10-02,paid_off
1358,617,39,pay_in_4,4,101.99,101.99,0,2026-04-15,paid_off
1359,619,36,pay_in_4,4,98.81,98.81,0,2026-06-07,active
1360,620,7,pay_in_3,3,563.41,563.41,0,2026-05-15,active
1361,620,15,pay_monthly_6,6,878.88,988.80,2536,2026-04-10,active
1362,620,41,pay_in_4,4,101.79,101.79,0,2025-11-24,paid_off
1363,620,25,pay_in_3,3,3044.92,3044.92,0,2025-08-11,paid_off
1364,621,2,pay_in_4,4,179.46,179.46,0,2025-10-19,paid_off
1365,621,22,pay_in_4,4,737.35,737.35,0,2026-05-01,active
1366,622,52,pay_in_4,4,67.21,67.21,0,2026-02-04,paid_off
1367,623,6,pay_in_4,4,188.86,188.86,0,2026-01-01,paid_off
1368,624,8,pay_monthly_6,6,117.08,127.39,1786,2026-05-16,active
1369,624,47,pay_monthly_12,12,147.63,183.45,2460,2026-03-25,active
1370,624,49,pay_in_4,4,231.84,231.84,0,2026-06-11,active
1371,626,55,pay_in_3,3,105.09,105.09,0,2026-01-23,paid_off
1372,626,22,pay_in_4,4,518.77,518.77,0,2026-01-14,paid_off
1373,626,23,pay_monthly_12,12,611.02,761.02,2489,2025-11-22,active
1374,627,27,pay_in_3,3,485.38,485.38,0,2026-05-03,active
1375,627,16,pay_in_4,4,817.32,817.32,0,2026-02-03,paid_off
1376,627,25,pay_in_3,3,579.57,579.57,0,2025-06-01,paid_off
1377,627,8,pay_monthly_12,12,318.16,396.83,2507,2025-09-07,active
1378,628,15,pay_monthly_12,12,919.25,1178.92,2864,2026-01-19,active
1379,629,43,pay_monthly_6,6,493.57,538.04,1827,2026-04-19,active
1380,629,49,pay_in_4,4,232.79,232.79,0,2026-01-16,paid_off
1381,629,32,pay_in_4,4,633.35,633.35,0,2026-03-22,paid_off
1382,629,56,pay_in_4,4,36.27,36.27,0,2026-04-12,delinquent
1383,629,4,pay_in_4,4,219.63,219.63,0,2025-07-12,paid_off
1384,630,9,pay_monthly_6,6,823.84,895.10,1754,2025-06-10,delinquent
1385,630,26,pay_in_4,4,1063.48,1063.48,0,2025-12-19,paid_off
1386,630,52,pay_monthly_12,12,103.91,136.74,3203,2025-06-17,paid_off
1387,630,7,pay_monthly_6,6,851.34,944.75,2225,2026-03-28,active
1388,631,22,pay_in_3,3,861.41,861.41,0,2025-11-19,paid_off
1389,631,2,pay_in_4,4,204.98,204.98,0,2026-01-04,paid_off
1390,631,2,pay_in_3,3,172.79,172.79,0,2025-08-23,defaulted
1391,632,56,pay_monthly_12,12,68.37,91.22,3388,2026-05-21,active
1392,633,34,pay_in_3,3,429.60,429.60,0,2026-05-26,active
1393,633,42,pay_in_4,4,151.63,151.63,0,2025-04-16,paid_off
1394,633,42,pay_monthly_6,6,168.28,189.30,2533,2025-10-06,paid_off
1395,634,22,pay_in_4,4,2003.09,2003.09,0,2026-03-22,paid_off
1396,635,55,pay_in_3,3,68.14,68.14,0,2026-06-10,active
1397,635,25,pay_in_4,4,486.20,486.20,0,2025-10-19,paid_off
1398,635,7,pay_in_4,4,140.25,140.25,0,2025-08-16,paid_off
1399,635,26,pay_in_3,3,858.47,858.47,0,2026-01-09,paid_off
1400,636,19,pay_monthly_6,6,1300.00,1403.79,1619,2025-08-18,defaulted
1401,637,16,pay_in_3,3,240.16,240.16,0,2026-01-14,paid_off
1402,637,56,pay_monthly_12,12,309.71,371.57,2025,2025-11-05,delinquent
1403,638,27,pay_monthly_6,6,672.09,750.24,2358,2026-02-20,active
1404,638,37,pay_monthly_6,6,139.15,154.51,2239,2025-09-18,paid_off
1405,639,48,pay_in_4,4,335.13,335.13,0,2025-03-28,paid_off
1406,639,30,pay_in_3,3,595.92,595.92,0,2025-01-25,paid_off
1407,639,30,pay_in_4,4,894.34,894.34,0,2026-06-15,active
1408,639,37,pay_monthly_6,6,68.70,76.39,2269,2026-01-15,active
1409,639,47,pay_in_3,3,296.92,296.92,0,2025-08-17,paid_off
1410,639,19,pay_in_3,3,822.06,822.06,0,2025-06-15,paid_off
1411,639,38,pay_in_4,4,160.20,160.20,0,2025-01-10,paid_off
1412,640,39,pay_monthly_6,6,110.11,120.47,1907,2025-08-13,paid_off
1413,640,18,pay_in_4,4,1250.13,1250.13,0,2025-11-10,paid_off
1414,640,18,pay_in_4,4,661.99,661.99,0,2025-12-11,paid_off
1415,641,27,pay_monthly_6,6,443.05,483.82,1866,2025-04-13,delinquent
1416,641,32,pay_in_4,4,338.37,338.37,0,2026-03-22,delinquent
1417,641,55,pay_in_3,3,64.13,64.13,0,2026-03-24,paid_off
1418,641,25,pay_monthly_6,6,700.00,754.34,1574,2025-09-11,paid_off
1419,641,17,pay_monthly_6,6,470.87,507.84,1592,2026-02-05,defaulted
1420,642,39,pay_in_4,4,131.61,131.61,0,2025-07-11,paid_off
1421,642,26,pay_in_4,4,279.09,279.09,0,2025-09-11,paid_off
1422,642,48,pay_in_3,3,259.33,259.33,0,2026-05-19,active
1423,642,23,pay_monthly_12,12,2024.46,2668.40,3225,2026-03-27,active
1424,643,53,pay_in_4,4,88.82,88.82,0,2025-10-24,paid_off
1425,643,42,pay_monthly_12,12,189.31,248.54,3172,2025-12-23,delinquent
1426,643,27,pay_in_4,4,305.37,305.37,0,2025-10-24,paid_off
1427,644,48,pay_in_4,4,355.58,355.58,0,2026-01-28,paid_off
1428,644,5,pay_monthly_6,6,472.90,529.85,2442,2026-06-15,active
1429,645,2,pay_in_4,4,569.83,569.83,0,2026-05-25,active
1430,645,4,pay_in_3,3,131.19,131.19,0,2026-05-01,active
1431,645,11,pay_in_4,4,539.17,539.17,0,2026-05-17,defaulted
1432,646,27,pay_monthly_12,12,1004.93,1221.70,2187,2026-03-26,active
1433,646,16,pay_in_4,4,526.98,526.98,0,2026-06-14,active
1434,648,54,pay_in_4,4,79.08,79.08,0,2025-10-17,paid_off
1435,648,40,pay_monthly_12,12,87.71,107.31,2266,2026-01-21,active
1436,648,56,pay_monthly_6,6,110.60,120.39,1795,2026-05-05,active
1437,650,55,pay_in_3,3,193.54,193.54,0,2025-12-08,paid_off
1438,650,29,pay_in_4,4,250.24,250.24,0,2026-04-15,paid_off
1439,650,16,pay_monthly_6,6,823.76,928.16,2570,2026-04-16,defaulted
1440,651,52,pay_in_3,3,136.83,136.83,0,2025-12-05,paid_off
1441,651,49,pay_in_4,4,200.21,200.21,0,2025-10-06,paid_off
1442,651,47,pay_monthly_6,6,131.35,146.75,2377,2025-09-15,paid_off
1443,651,12,pay_in_4,4,338.61,338.61,0,2025-09-11,paid_off
1444,651,31,pay_in_4,4,757.93,757.93,0,2025-10-17,paid_off
1445,652,9,pay_monthly_6,6,536.28,600.81,2440,2025-09-03,paid_off
1446,652,12,pay_in_4,4,527.36,527.36,0,2025-07-17,paid_off
1447,652,18,pay_in_4,4,1161.33,1161.33,0,2025-12-25,paid_off
1448,652,43,pay_monthly_12,12,327.15,394.23,2079,2025-12-11,active
1449,653,14,pay_monthly_12,12,811.39,1004.90,2418,2026-03-21,active
1450,653,9,pay_in_3,3,1145.85,1145.85,0,2025-06-06,paid_off
1451,653,15,pay_monthly_6,6,775.08,853.44,2050,2026-01-16,active
1452,654,49,pay_in_4,4,189.35,189.35,0,2025-09-09,paid_off
1453,654,53,pay_in_4,4,83.82,83.82,0,2025-08-24,paid_off
1454,655,54,pay_in_3,3,92.83,92.83,0,2026-02-28,paid_off
1455,656,46,pay_in_4,4,263.82,263.82,0,2026-03-16,paid_off
1456,656,39,pay_monthly_6,6,33.39,36.23,1727,2025-10-25,paid_off
1457,656,15,pay_in_4,4,561.58,561.58,0,2026-02-13,paid_off
1458,656,49,pay_in_4,4,236.76,236.76,0,2026-01-17,paid_off
1459,656,28,pay_in_3,3,908.24,908.24,0,2025-09-14,paid_off
1460,657,39,pay_monthly_6,6,169.48,183.91,1727,2026-04-27,active
1461,657,27,pay_monthly_6,6,684.76,767.83,2460,2026-02-10,active
1462,658,45,pay_in_4,4,445.98,445.98,0,2026-05-25,active
1463,658,1,pay_monthly_12,12,348.79,438.78,2616,2025-12-25,defaulted
1464,658,6,pay_monthly_6,6,109.33,119.14,1819,2026-01-08,active
1465,659,5,pay_in_3,3,203.14,203.14,0,2025-04-26,paid_off
1466,659,11,pay_in_3,3,536.20,536.20,0,2025-06-11,paid_off
1467,659,43,pay_in_4,4,112.19,112.19,0,2026-04-26,delinquent
1468,659,8,pay_in_4,4,282.23,282.23,0,2025-11-12,paid_off
1469,659,56,pay_in_3,3,198.96,198.96,0,2026-04-26,active
1470,660,3,pay_monthly_6,6,319.08,350.82,2017,2025-11-19,delinquent
1471,660,12,pay_monthly_6,6,852.04,933.93,1949,2025-03-16,paid_off
1472,660,8,pay_monthly_6,6,567.14,635.36,2439,2026-02-16,active
1473,660,6,pay_in_4,4,210.05,210.05,0,2026-06-15,delinquent
1474,661,43,pay_in_4,4,145.70,145.70,0,2026-06-02,delinquent
1475,661,23,pay_in_3,3,1148.56,1148.56,0,2025-12-23,paid_off
1476,661,11,pay_in_4,4,1059.42,1059.42,0,2025-10-17,paid_off
1477,661,7,pay_monthly_6,6,278.97,311.58,2370,2026-01-27,active
1478,662,7,pay_in_4,4,524.40,524.40,0,2026-05-14,active
1479,662,9,pay_in_4,4,441.26,441.26,0,2025-10-02,paid_off
1480,662,19,pay_in_4,4,1194.62,1194.62,0,2025-10-04,paid_off
1481,662,19,pay_in_3,3,923.94,923.94,0,2026-05-24,active
1482,663,50,pay_in_4,4,78.03,78.03,0,2025-11-09,paid_off
1483,663,41,pay_in_4,4,110.86,110.86,0,2026-04-08,paid_off
1484,663,11,pay_in_4,4,978.90,978.90,0,2026-03-15,paid_off
1485,664,26,pay_in_4,4,1030.80,1030.80,0,2026-03-06,paid_off
1486,665,40,pay_monthly_12,12,193.60,243.46,2611,2026-06-04,active
1487,666,15,pay_in_4,4,2040.28,2040.28,0,2026-03-28,paid_off
1488,668,16,pay_in_4,4,897.04,897.04,0,2026-06-13,active
1489,668,44,pay_in_4,4,90.67,90.67,0,2025-01-20,paid_off
1490,668,54,pay_in_4,4,148.35,148.35,0,2026-03-05,defaulted
1491,668,5,pay_monthly_6,6,489.99,531.87,1733,2025-10-02,paid_off
1492,669,8,pay_in_4,4,532.45,532.45,0,2026-05-07,defaulted
1493,672,2,pay_monthly_6,6,596.51,672.38,2579,2025-11-28,delinquent
1494,672,22,pay_in_3,3,633.86,633.86,0,2026-06-07,active
1495,673,1,pay_in_3,3,303.94,303.94,0,2025-12-07,paid_off
1496,673,38,pay_in_4,4,156.01,156.01,0,2025-11-25,paid_off
1497,673,32,pay_monthly_12,12,345.07,431.42,2537,2025-12-28,active
1498,674,54,pay_in_4,4,90.53,90.53,0,2025-10-26,paid_off
1499,674,47,pay_monthly_6,6,85.87,95.37,2243,2026-01-27,active
1500,675,56,pay_in_4,4,76.43,76.43,0,2026-04-24,paid_off
1501,676,44,pay_monthly_12,12,566.31,732.37,2973,2025-12-08,active
1502,676,48,pay_monthly_6,6,575.12,641.74,2349,2025-09-19,defaulted
1503,676,54,pay_monthly_6,6,67.64,72.87,1569,2025-06-28,delinquent
1504,677,19,pay_in_4,4,520.76,520.76,0,2025-06-02,paid_off
1505,677,30,pay_monthly_6,6,670.86,728.29,1736,2026-03-07,active
1506,677,30,pay_monthly_6,6,1070.14,1206.98,2593,2026-01-27,active
1507,677,30,pay_in_3,3,888.21,888.21,0,2025-11-24,paid_off
1508,678,9,pay_in_4,4,783.68,783.68,0,2025-09-05,paid_off
1509,678,18,pay_in_4,4,1088.80,1088.80,0,2026-05-28,active
1510,678,8,pay_in_4,4,265.04,265.04,0,2026-01-12,defaulted
1511,678,40,pay_in_3,3,112.08,112.08,0,2025-06-08,paid_off
1512,679,7,pay_in_4,4,175.16,175.16,0,2026-02-24,paid_off
1513,679,29,pay_in_3,3,351.35,351.35,0,2025-09-17,paid_off
1514,679,34,pay_in_4,4,455.41,455.41,0,2025-12-11,paid_off
1515,680,22,pay_monthly_6,6,1364.04,1501.87,2049,2026-03-19,active
1516,680,18,pay_in_3,3,1044.13,1044.13,0,2026-02-18,paid_off
1517,680,8,pay_in_4,4,375.83,375.83,0,2026-05-08,active
1518,680,42,pay_monthly_6,6,198.15,215.69,1795,2026-06-11,active
1519,681,23,pay_monthly_12,12,796.46,1043.52,3145,2026-04-28,active
1520,681,7,pay_in_3,3,328.28,328.28,0,2025-07-23,paid_off
1521,681,52,pay_in_4,4,75.80,75.80,0,2026-06-13,active
1522,683,8,pay_monthly_6,6,385.63,421.00,1860,2026-02-22,defaulted
1523,683,39,pay_monthly_6,6,76.27,85.95,2574,2025-12-24,paid_off
1524,683,27,pay_in_4,4,750.45,750.45,0,2025-10-10,paid_off
1525,683,52,pay_in_4,4,86.01,86.01,0,2026-04-01,paid_off
1526,683,27,pay_monthly_6,6,717.29,771.27,1526,2026-03-08,active
1527,684,24,pay_in_4,4,1151.28,1151.28,0,2025-06-09,paid_off
1528,685,2,pay_in_4,4,250.44,250.44,0,2026-02-25,defaulted
1529,686,53,pay_in_4,4,92.35,92.35,0,2026-05-09,active
1530,686,8,pay_in_3,3,447.41,447.41,0,2025-04-20,delinquent
1531,686,12,pay_monthly_6,6,878.32,956.76,1811,2025-10-03,paid_off
1532,686,1,pay_in_3,3,268.11,268.11,0,2025-02-15,paid_off
1533,686,13,pay_in_4,4,595.06,595.06,0,2025-01-24,paid_off
1534,687,24,pay_in_4,4,850.00,850.00,0,2026-04-23,paid_off
1535,688,30,pay_in_3,3,623.87,623.87,0,2025-08-17,paid_off
1536,688,12,pay_monthly_12,12,803.50,1006.77,2565,2026-01-12,active
1537,688,5,pay_monthly_12,12,377.49,459.92,2214,2026-05-21,active
1538,688,18,pay_in_4,4,443.98,443.98,0,2026-01-21,paid_off
1539,688,13,pay_monthly_12,12,462.43,606.83,3166,2025-07-24,active
1540,688,42,pay_monthly_12,12,44.39,55.66,2575,2025-09-01,active
1541,688,38,pay_in_4,4,98.24,98.24,0,2025-05-22,paid_off
1542,689,45,pay_monthly_6,6,350.56,389.15,2232,2026-03-20,active
1543,690,1,pay_in_4,4,264.19,264.19,0,2026-06-02,active
1544,691,49,pay_in_4,4,282.78,282.78,0,2026-05-20,active
1545,694,32,pay_in_4,4,362.36,362.36,0,2025-11-21,paid_off
1546,694,13,pay_in_4,4,1279.48,1279.48,0,2026-03-04,paid_off
1547,694,24,pay_monthly_6,6,537.04,600.47,2395,2026-06-11,active
1548,695,18,pay_monthly_6,6,813.27,891.12,1941,2026-06-11,active
1549,695,21,pay_in_3,3,652.89,652.89,0,2025-11-13,paid_off
1550,696,42,pay_monthly_6,6,157.15,171.87,1899,2025-06-17,paid_off
1551,696,31,pay_in_4,4,530.86,530.86,0,2025-05-17,paid_off
1552,696,9,pay_in_4,4,580.63,580.63,0,2026-04-22,paid_off
1553,697,56,pay_in_3,3,97.79,97.79,0,2026-05-16,active
1554,698,39,pay_in_4,4,110.78,110.78,0,2025-10-26,defaulted
1555,698,44,pay_monthly_6,6,262.65,290.20,2127,2025-11-02,paid_off
1556,699,9,pay_in_4,4,745.64,745.64,0,2026-04-16,paid_off
1557,699,23,pay_monthly_6,6,616.73,675.03,1917,2026-01-16,active
1558,699,8,pay_in_4,4,281.24,281.24,0,2025-11-21,paid_off
1559,700,22,pay_in_4,4,1150.00,1150.00,0,2026-05-03,active
1560,700,50,pay_in_4,4,48.25,48.25,0,2025-04-13,delinquent
1561,700,50,pay_monthly_6,6,162.29,174.57,1534,2026-03-18,active
1562,700,20,pay_in_4,4,871.77,871.77,0,2025-11-19,defaulted
1563,702,50,pay_in_4,4,70.26,70.26,0,2026-04-26,paid_off
1564,702,19,pay_in_4,4,1342.84,1342.84,0,2025-12-12,paid_off
1565,702,20,pay_in_4,4,1059.80,1059.80,0,2026-04-28,active
1566,702,17,pay_in_3,3,573.33,573.33,0,2025-11-22,paid_off
1567,704,27,pay_in_4,4,317.32,317.32,0,2025-10-18,paid_off
1568,704,32,pay_in_4,4,921.52,921.52,0,2026-03-09,paid_off
1569,704,47,pay_in_3,3,236.24,236.24,0,2026-03-09,paid_off
1570,705,4,pay_in_4,4,636.29,636.29,0,2025-10-09,paid_off
1571,705,39,pay_in_3,3,185.35,185.35,0,2026-05-28,active
1572,705,7,pay_in_3,3,267.06,267.06,0,2026-04-17,active
1573,705,38,pay_in_4,4,263.89,263.89,0,2026-01-07,paid_off
1574,706,27,pay_in_4,4,367.95,367.95,0,2025-07-25,paid_off
1575,706,50,pay_in_3,3,116.03,116.03,0,2026-05-20,active
1576,706,55,pay_in_4,4,48.12,48.12,0,2026-02-11,paid_off
1577,708,39,pay_in_3,3,162.33,162.33,0,2026-04-03,active
1578,708,9,pay_in_3,3,636.44,636.44,0,2026-05-20,defaulted
1579,708,35,pay_in_4,4,107.86,107.86,0,2025-11-13,delinquent
1580,709,39,pay_in_3,3,259.15,259.15,0,2025-03-04,defaulted
1581,709,45,pay_monthly_12,12,94.32,124.20,3212,2025-09-11,active
1582,710,33,pay_monthly_6,6,998.12,1100.45,2079,2025-10-02,paid_off
1583,710,1,pay_monthly_6,6,275.51,298.36,1682,2026-01-09,active
1584,710,45,pay_in_3,3,247.22,247.22,0,2026-05-10,active
1585,710,24,pay_in_3,3,556.34,556.34,0,2026-05-01,active
1586,711,33,pay_monthly_6,6,331.31,359.54,1728,2026-05-19,active
1587,711,15,pay_in_3,3,500.00,500.00,0,2025-09-01,paid_off
1588,713,49,pay_monthly_6,6,322.72,353.28,1920,2026-01-14,active
1589,713,23,pay_in_4,4,514.35,514.35,0,2026-04-08,paid_off
1590,713,14,pay_monthly_12,12,504.14,640.23,2737,2025-02-22,paid_off
1591,714,35,pay_in_3,3,198.55,198.55,0,2026-05-27,delinquent
1592,716,45,pay_in_4,4,287.30,287.30,0,2025-10-01,paid_off
1593,716,56,pay_in_4,4,108.51,108.51,0,2026-04-24,paid_off
1594,716,3,pay_in_4,4,170.01,170.01,0,2026-06-04,active
1595,716,30,pay_monthly_6,6,1304.34,1451.45,2287,2026-02-08,active
1596,717,24,pay_monthly_6,6,703.27,759.35,1617,2026-05-27,active
1597,718,16,pay_in_4,4,353.22,353.22,0,2026-05-18,active
1598,718,33,pay_in_3,3,326.44,326.44,0,2026-05-17,active
1599,718,48,pay_in_4,4,433.10,433.10,0,2026-05-17,active
1600,719,10,pay_monthly_6,6,1047.97,1175.83,2474,2026-05-18,active
1601,719,55,pay_in_4,4,169.44,169.44,0,2025-12-01,paid_off
1602,720,23,pay_in_4,4,358.80,358.80,0,2025-04-19,paid_off
1603,720,48,pay_in_4,4,334.61,334.61,0,2026-05-17,active
1604,720,30,pay_in_4,4,476.13,476.13,0,2025-12-20,paid_off
1605,721,1,pay_in_4,4,456.54,456.54,0,2026-06-08,active
1606,721,25,pay_monthly_6,6,1482.90,1639.62,2143,2026-05-20,active
1607,721,3,pay_monthly_6,6,644.17,708.69,2031,2026-04-20,active
1608,723,4,pay_in_4,4,369.59,369.59,0,2025-11-15,paid_off
1609,723,35,pay_monthly_6,6,184.61,204.49,2184,2026-02-21,delinquent
1610,725,7,pay_in_3,3,251.83,251.83,0,2026-03-19,paid_off
1611,725,9,pay_monthly_12,12,430.45,521.69,2149,2025-07-05,active
1612,725,9,pay_in_4,4,367.26,367.26,0,2026-03-23,paid_off
1613,726,32,pay_in_4,4,590.87,590.87,0,2026-03-23,paid_off
1614,726,39,pay_in_4,4,92.03,92.03,0,2025-07-22,paid_off
1615,727,5,pay_in_3,3,275.53,275.53,0,2025-12-20,paid_off
1616,727,14,pay_in_3,3,565.11,565.11,0,2025-12-08,paid_off
1617,727,48,pay_in_4,4,398.43,398.43,0,2026-04-17,paid_off
1618,729,12,pay_in_4,4,884.90,884.90,0,2026-04-17,paid_off
1619,729,40,pay_in_4,4,276.16,276.16,0,2026-02-08,paid_off
1620,729,18,pay_in_3,3,291.20,291.20,0,2025-03-14,paid_off
1621,729,46,pay_in_4,4,359.33,359.33,0,2026-04-19,paid_off
1622,730,52,pay_monthly_6,6,92.26,100.52,1816,2025-12-27,active
1623,730,51,pay_monthly_6,6,101.30,113.72,2486,2026-01-24,delinquent
1624,730,5,pay_in_4,4,100.15,100.15,0,2026-02-26,delinquent
1625,730,36,pay_monthly_6,6,173.70,195.81,2581,2026-03-16,active
1626,730,10,pay_in_4,4,434.50,434.50,0,2025-08-06,paid_off
1627,731,26,pay_in_4,4,395.04,395.04,0,2025-11-01,paid_off
1628,731,37,pay_in_3,3,124.30,124.30,0,2026-05-16,active
1629,731,43,pay_in_3,3,528.73,528.73,0,2026-02-27,paid_off
1630,731,55,pay_in_4,4,63.16,63.16,0,2026-05-23,active
1631,731,1,pay_monthly_12,12,223.72,284.14,2738,2026-06-02,active
1632,732,42,pay_in_3,3,266.78,266.78,0,2026-03-03,paid_off
1633,732,7,pay_in_4,4,450.60,450.60,0,2025-12-13,paid_off
1634,732,38,pay_in_3,3,227.75,227.75,0,2026-02-08,paid_off
1635,732,56,pay_in_4,4,87.51,87.51,0,2025-08-21,paid_off
1636,733,52,pay_monthly_6,6,84.56,94.45,2372,2025-11-15,paid_off
1637,733,49,pay_in_3,3,164.26,164.26,0,2026-06-14,active
1638,733,7,pay_in_4,4,235.13,235.13,0,2026-03-09,paid_off
1639,735,55,pay_in_4,4,198.21,198.21,0,2025-09-15,paid_off
1640,737,6,pay_in_3,3,501.10,501.10,0,2026-02-18,paid_off
1641,737,26,pay_in_3,3,607.86,607.86,0,2026-05-09,active
1642,737,45,pay_in_3,3,295.05,295.05,0,2025-11-16,paid_off
1643,738,36,pay_in_4,4,71.42,71.42,0,2026-04-24,paid_off
1644,739,44,pay_monthly_12,12,250.97,331.02,3234,2025-08-17,active
1645,739,5,pay_in_4,4,254.42,254.42,0,2025-12-04,paid_off
1646,739,11,pay_in_4,4,1844.78,1844.78,0,2026-05-26,active
1647,739,38,pay_in_3,3,178.89,178.89,0,2025-03-16,defaulted
1648,739,3,pay_in_4,4,194.44,194.44,0,2026-02-21,paid_off
1649,741,20,pay_in_4,4,460.98,460.98,0,2025-08-13,paid_off
1650,741,11,pay_in_4,4,1153.37,1153.37,0,2026-04-22,paid_off
1651,741,21,pay_in_4,4,1003.26,1003.26,0,2026-01-06,paid_off
1652,741,26,pay_monthly_12,12,267.00,336.00,2620,2025-12-21,delinquent
1653,741,32,pay_monthly_12,12,477.73,611.08,2830,2026-02-28,active
1654,742,27,pay_in_4,4,517.69,517.69,0,2025-05-22,paid_off
1655,742,25,pay_in_4,4,2212.52,2212.52,0,2025-10-06,paid_off
1656,742,27,pay_monthly_12,12,434.84,536.87,2379,2026-04-21,active
1657,744,49,pay_in_4,4,191.38,191.38,0,2025-12-08,paid_off
1658,747,27,pay_monthly_12,12,532.44,661.05,2449,2026-03-18,active
1659,747,43,pay_monthly_12,12,498.25,627.84,2637,2026-04-11,active
1660,747,56,pay_in_4,4,162.93,162.93,0,2025-10-19,paid_off
1661,747,7,pay_monthly_6,6,260.87,286.29,1976,2026-04-25,active
1662,749,20,pay_in_3,3,1470.07,1470.07,0,2026-06-07,defaulted
1663,750,34,pay_monthly_12,12,1544.09,1898.78,2329,2025-10-30,active
1664,750,1,pay_in_4,4,181.77,181.77,0,2026-04-13,paid_off
1665,751,43,pay_in_4,4,312.03,312.03,0,2026-05-11,active
1666,751,48,pay_in_3,3,138.28,138.28,0,2026-03-16,paid_off
1667,752,29,pay_in_3,3,540.75,540.75,0,2025-09-05,paid_off
1668,752,1,pay_in_4,4,263.80,263.80,0,2026-04-24,paid_off
1669,753,48,pay_monthly_12,12,129.26,171.36,3302,2026-06-02,active
1670,753,33,pay_monthly_6,6,488.78,531.18,1759,2026-05-18,active
1671,753,23,pay_in_3,3,1199.19,1199.19,0,2026-04-11,active
1672,753,4,pay_in_4,4,252.01,252.01,0,2025-11-26,paid_off
1673,753,29,pay_monthly_6,6,486.18,542.81,2362,2026-04-13,active
1674,755,6,pay_in_4,4,196.35,196.35,0,2026-01-05,paid_off
1675,755,53,pay_in_3,3,51.01,51.01,0,2026-06-08,active
1676,756,9,pay_in_4,4,699.09,699.09,0,2026-03-14,paid_off
1677,756,41,pay_in_4,4,260.75,260.75,0,2025-10-22,paid_off
1678,759,12,pay_monthly_12,12,464.77,558.97,2055,2025-12-17,active
1679,759,49,pay_in_3,3,286.02,286.02,0,2026-04-28,delinquent
1680,759,40,pay_in_4,4,178.93,178.93,0,2026-05-04,delinquent
1681,759,50,pay_monthly_12,12,87.45,111.46,2784,2025-12-10,defaulted
1682,760,28,pay_in_4,4,443.42,443.42,0,2026-03-11,paid_off
1683,760,3,pay_monthly_6,6,318.56,342.52,1525,2025-08-21,paid_off
1684,760,40,pay_in_4,4,160.29,160.29,0,2026-03-25,defaulted
1685,762,48,pay_monthly_12,12,399.42,484.51,2160,2026-05-08,active
1686,762,54,pay_monthly_6,6,124.29,135.75,1870,2025-07-24,paid_off
1687,762,19,pay_in_4,4,428.02,428.02,0,2026-02-17,paid_off
1688,762,48,pay_monthly_12,12,233.85,290.68,2464,2025-08-27,active
1689,762,36,pay_monthly_12,12,193.37,251.43,3044,2025-04-23,defaulted
1690,763,20,pay_monthly_6,6,550.00,603.22,1962,2025-11-26,defaulted
1691,763,2,pay_in_3,3,321.65,321.65,0,2026-02-04,paid_off
1692,763,36,pay_monthly_6,6,120.83,133.61,2144,2026-04-09,active
1693,763,31,pay_monthly_12,12,547.47,666.21,2199,2025-11-16,active
1694,764,32,pay_in_4,4,453.02,453.02,0,2026-03-28,paid_off
1695,764,50,pay_in_4,4,105.80,105.80,0,2026-02-21,paid_off
1696,765,27,pay_in_3,3,377.55,377.55,0,2026-03-19,paid_off
1697,765,19,pay_in_3,3,650.88,650.88,0,2026-03-19,paid_off
1698,765,17,pay_in_4,4,1173.84,1173.84,0,2026-05-03,active
1699,766,5,pay_in_4,4,762.66,762.66,0,2025-11-24,paid_off
1700,766,31,pay_in_4,4,400.09,400.09,0,2025-12-08,paid_off
1701,766,4,pay_monthly_6,6,487.01,546.55,2479,2025-11-12,delinquent
1702,766,44,pay_in_4,4,151.36,151.36,0,2026-01-14,paid_off
1703,767,47,pay_in_4,4,193.15,193.15,0,2025-08-18,paid_off
1704,767,40,pay_monthly_12,12,94.56,125.17,3282,2026-05-03,active
1705,767,18,pay_monthly_6,6,803.88,883.01,1996,2025-07-19,paid_off
1706,768,35,pay_in_4,4,196.19,196.19,0,2026-03-16,paid_off
1707,768,30,pay_in_3,3,251.10,251.10,0,2025-07-24,paid_off
1708,768,16,pay_in_4,4,414.73,414.73,0,2025-09-21,paid_off
1709,768,17,pay_in_4,4,1448.55,1448.55,0,2025-01-26,paid_off
1710,768,44,pay_in_3,3,273.23,273.23,0,2025-07-24,paid_off
1711,769,39,pay_monthly_12,12,305.08,366.85,2053,2025-07-16,active
1712,769,49,pay_in_3,3,367.45,367.45,0,2025-03-12,paid_off
1713,769,39,pay_in_4,4,197.64,197.64,0,2026-01-22,paid_off
1714,770,10,pay_in_4,4,783.96,783.96,0,2025-08-31,paid_off
1715,770,39,pay_in_4,4,325.68,325.68,0,2025-11-09,paid_off
1716,770,11,pay_in_3,3,612.77,612.77,0,2026-02-27,paid_off
1717,771,40,pay_in_4,4,280.01,280.01,0,2026-05-28,active
1718,772,55,pay_in_4,4,52.22,52.22,0,2026-05-03,active
1719,772,51,pay_monthly_6,6,119.75,132.17,2103,2026-06-08,active
1720,773,18,pay_in_3,3,709.05,709.05,0,2026-01-04,paid_off
1721,775,22,pay_in_4,4,514.60,514.60,0,2026-06-02,active
1722,777,50,pay_monthly_6,6,94.17,102.46,1785,2026-05-01,active
1723,777,17,pay_in_4,4,999.92,999.92,0,2026-01-27,paid_off
1724,778,32,pay_in_4,4,298.73,298.73,0,2026-03-20,paid_off
1725,778,55,pay_monthly_12,12,164.65,217.64,3263,2026-05-17,active
1726,779,15,pay_in_3,3,208.50,208.50,0,2025-08-02,paid_off
1727,779,46,pay_in_3,3,191.14,191.14,0,2025-05-20,paid_off
1728,780,22,pay_in_4,4,614.61,614.61,0,2026-02-25,paid_off
1729,780,12,pay_monthly_6,6,458.26,494.33,1596,2025-07-08,paid_off
1730,780,17,pay_monthly_6,6,766.45,854.33,2325,2025-04-20,paid_off
1731,780,18,pay_in_3,3,674.89,674.89,0,2025-07-18,paid_off
1732,781,14,pay_in_4,4,880.84,880.84,0,2026-04-01,defaulted
1733,782,32,pay_in_3,3,368.39,368.39,0,2026-06-03,active
1734,782,8,pay_monthly_6,6,937.31,1016.91,1722,2025-08-14,paid_off
1735,782,11,pay_in_4,4,370.62,370.62,0,2026-05-06,active
1736,782,44,pay_in_4,4,370.62,370.62,0,2025-07-06,paid_off
1737,782,4,pay_in_4,4,296.04,296.04,0,2025-08-06,paid_off
1738,783,3,pay_in_3,3,362.46,362.46,0,2026-02-18,paid_off
1739,785,20,pay_in_3,3,344.76,344.76,0,2025-10-12,paid_off
1740,785,9,pay_in_4,4,593.25,593.25,0,2025-10-02,paid_off
1741,786,49,pay_in_3,3,292.75,292.75,0,2025-11-14,paid_off
1742,786,53,pay_monthly_12,12,249.77,332.00,3338,2025-05-17,paid_off
1743,786,11,pay_in_4,4,385.84,385.84,0,2025-11-07,paid_off
1744,786,8,pay_monthly_6,6,467.82,524.25,2446,2025-04-02,delinquent
1745,786,33,pay_in_4,4,146.57,146.57,0,2026-05-08,active
1746,789,38,pay_in_4,4,117.97,117.97,0,2025-10-16,paid_off
1747,789,27,pay_monthly_6,6,439.28,486.44,2177,2026-04-28,delinquent
1748,790,53,pay_in_3,3,74.28,74.28,0,2025-09-03,paid_off
1749,790,7,pay_in_3,3,101.90,101.90,0,2026-04-11,active
1750,790,14,pay_monthly_6,6,1446.37,1586.39,1963,2025-07-11,paid_off
1751,791,2,pay_in_4,4,378.67,378.67,0,2026-05-24,active
1752,791,40,pay_in_3,3,100.56,100.56,0,2026-04-18,active
1753,791,39,pay_monthly_6,6,47.32,51.78,1910,2026-02-26,active
1754,791,36,pay_in_4,4,147.92,147.92,0,2025-12-22,delinquent
1755,792,22,pay_monthly_6,6,1419.53,1542.04,1750,2025-03-20,paid_off
1756,792,4,pay_monthly_12,12,405.67,523.74,2951,2025-11-01,active
1757,792,51,pay_monthly_6,6,33.00,37.23,2598,2025-10-26,paid_off
1758,792,13,pay_in_4,4,426.13,426.13,0,2025-10-18,paid_off
1759,793,50,pay_monthly_6,6,175.49,190.47,1731,2026-04-26,active
1760,793,41,pay_in_4,4,193.68,193.68,0,2026-05-02,active
1761,793,56,pay_in_3,3,144.85,144.85,0,2026-01-21,delinquent
1762,793,48,pay_monthly_12,12,197.41,245.79,2485,2026-03-02,active
1763,793,32,pay_monthly_6,6,504.33,558.37,2173,2025-08-05,paid_off
1764,794,4,pay_in_4,4,213.76,213.76,0,2026-05-08,active
1765,794,53,pay_in_4,4,49.34,49.34,0,2026-03-25,paid_off
1766,796,37,pay_in_4,4,327.00,327.00,0,2026-03-03,paid_off
1767,797,24,pay_in_3,3,599.92,599.92,0,2025-09-18,paid_off
1768,797,15,pay_in_3,3,337.27,337.27,0,2025-12-01,paid_off
1769,797,27,pay_in_4,4,411.67,411.67,0,2026-06-02,active
1770,798,35,pay_in_4,4,113.21,113.21,0,2026-02-17,paid_off
1771,798,11,pay_in_4,4,753.35,753.35,0,2026-04-13,paid_off
1772,799,6,pay_in_4,4,250.38,250.38,0,2026-01-21,paid_off
1773,799,41,pay_in_4,4,81.16,81.16,0,2025-10-09,paid_off
1774,799,35,pay_in_4,4,215.68,215.68,0,2026-01-08,defaulted
1775,800,34,pay_in_4,4,360.59,360.59,0,2026-06-15,active
1776,802,16,pay_monthly_12,12,579.22,766.72,3282,2025-12-17,active
1777,802,11,pay_in_4,4,1190.11,1190.11,0,2026-03-16,defaulted
1778,804,33,pay_in_4,4,658.78,658.78,0,2025-06-24,paid_off
1779,804,23,pay_monthly_12,12,1635.02,2090.91,2827,2026-05-16,active
1780,805,1,pay_in_4,4,554.02,554.02,0,2026-04-28,active
1781,806,28,pay_monthly_6,6,555.10,617.43,2277,2025-12-21,paid_off
1782,806,35,pay_in_4,4,241.19,241.19,0,2025-12-23,defaulted
1783,807,41,pay_monthly_6,6,78.26,86.33,2090,2026-04-22,active
1784,810,20,pay_in_4,4,2005.13,2005.13,0,2026-03-17,paid_off
1785,810,45,pay_in_3,3,181.72,181.72,0,2025-06-30,paid_off
1786,810,30,pay_monthly_6,6,696.90,776.32,2311,2026-01-10,active
1787,810,33,pay_in_4,4,291.07,291.07,0,2025-06-30,paid_off
1788,811,33,pay_in_4,4,606.27,606.27,0,2026-05-25,active
1789,811,11,pay_monthly_6,6,1538.95,1667.82,1698,2026-03-09,active
1790,812,46,pay_in_4,4,422.41,422.41,0,2026-01-16,paid_off
1791,812,51,pay_in_4,4,101.27,101.27,0,2026-04-15,paid_off
1792,812,17,pay_monthly_6,6,1889.90,2107.52,2335,2026-02-25,delinquent
1793,812,7,pay_in_4,4,165.20,165.20,0,2025-11-21,paid_off
1794,813,35,pay_in_3,3,115.72,115.72,0,2026-04-08,active
1795,813,9,pay_monthly_6,6,1549.72,1665.04,1509,2026-01-26,active
1796,813,19,pay_in_3,3,800.98,800.98,0,2025-07-21,paid_off
1797,814,23,pay_monthly_6,6,900.00,994.23,2123,2025-12-12,defaulted
1798,815,17,pay_in_4,4,900.00,900.00,0,2026-05-01,active
1799,816,7,pay_monthly_6,6,556.53,602.61,1679,2025-11-05,defaulted
1800,816,10,pay_monthly_6,6,950.00,1020.84,1512,2026-02-12,active
1801,816,19,pay_in_3,3,950.00,950.00,0,2026-06-13,delinquent
1802,816,6,pay_in_4,4,236.89,236.89,0,2025-05-08,paid_off
1803,817,31,pay_monthly_12,12,311.84,413.55,3307,2025-08-22,active
1804,817,41,pay_in_4,4,287.87,287.87,0,2026-02-26,paid_off
1805,817,31,pay_monthly_12,12,550.53,671.73,2232,2026-05-05,active
1806,818,10,pay_in_4,4,576.12,576.12,0,2026-03-21,paid_off
1807,818,4,pay_in_4,4,198.02,198.02,0,2025-11-20,paid_off
1808,818,20,pay_in_3,3,682.54,682.54,0,2026-05-18,active
1809,819,27,pay_in_4,4,541.19,541.19,0,2026-05-15,active
1810,820,55,pay_in_4,4,64.94,64.94,0,2026-03-11,paid_off
1811,820,27,pay_in_4,4,234.68,234.68,0,2025-07-18,paid_off
1812,820,37,pay_monthly_12,12,311.13,379.71,2235,2026-03-13,active
1813,820,50,pay_monthly_6,6,59.01,65.79,2331,2025-11-12,paid_off
1814,821,34,pay_in_3,3,161.38,161.38,0,2025-09-16,paid_off
1815,822,9,pay_in_3,3,575.23,575.23,0,2025-10-26,paid_off
1816,822,22,pay_monthly_6,6,1701.95,1851.94,1787,2025-08-04,paid_off
1817,822,23,pay_in_4,4,741.94,741.94,0,2025-11-08,paid_off
1818,823,55,pay_in_3,3,71.30,71.30,0,2026-01-18,paid_off
1819,823,56,pay_in_4,4,182.66,182.66,0,2026-02-06,paid_off
1820,824,7,pay_in_4,4,638.59,638.59,0,2025-07-06,paid_off
1821,824,22,pay_in_3,3,860.97,860.97,0,2026-04-05,active
1822,824,33,pay_in_4,4,1385.86,1385.86,0,2025-08-16,paid_off
1823,825,16,pay_in_4,4,490.93,490.93,0,2026-03-22,paid_off
1824,827,9,pay_in_3,3,482.24,482.24,0,2026-04-12,active
1825,827,31,pay_in_4,4,559.03,559.03,0,2026-03-04,paid_off
1826,827,18,pay_in_4,4,471.99,471.99,0,2025-03-16,paid_off
1827,828,33,pay_monthly_6,6,578.95,638.59,2089,2026-04-26,delinquent
1828,828,45,pay_in_3,3,175.49,175.49,0,2025-10-29,paid_off
1829,829,52,pay_in_4,4,233.69,233.69,0,2026-05-10,active
1830,830,7,pay_in_4,4,343.20,343.20,0,2026-04-18,paid_off
1831,830,48,pay_in_3,3,322.60,322.60,0,2026-02-09,paid_off
1832,834,36,pay_in_3,3,88.43,88.43,0,2025-11-07,paid_off
1833,836,17,pay_in_4,4,2065.30,2065.30,0,2026-04-22,paid_off
1834,836,3,pay_monthly_12,12,949.83,1244.27,3143,2025-10-13,active
1835,836,34,pay_monthly_6,6,264.52,297.61,2537,2026-03-27,active
1836,837,6,pay_in_4,4,609.80,609.80,0,2026-05-07,active
1837,837,15,pay_in_3,3,596.63,596.63,0,2026-05-07,active
1838,840,44,pay_monthly_6,6,267.61,296.68,2203,2026-06-08,active
1839,840,7,pay_in_4,4,384.82,384.82,0,2025-12-24,paid_off
1840,841,51,pay_in_3,3,77.88,77.88,0,2025-05-08,paid_off
1841,841,50,pay_in_4,4,154.07,154.07,0,2026-01-08,paid_off
1842,843,56,pay_monthly_6,6,78.61,88.49,2549,2026-03-25,active
1843,843,55,pay_in_4,4,355.45,355.45,0,2026-05-07,active
1844,844,56,pay_in_4,4,205.53,205.53,0,2026-04-01,paid_off
1845,844,26,pay_in_4,4,170.77,170.77,0,2026-05-26,active
1846,844,56,pay_in_4,4,84.99,84.99,0,2026-04-01,paid_off
1847,844,34,pay_in_4,4,391.26,391.26,0,2026-06-12,active
1848,846,44,pay_monthly_12,12,87.89,114.30,3047,2026-05-28,active
1849,847,43,pay_monthly_12,12,217.31,271.58,2532,2025-11-27,active
1850,847,49,pay_in_4,4,203.24,203.24,0,2026-03-01,paid_off
1851,847,5,pay_in_3,3,251.69,251.69,0,2026-06-02,active
1852,847,12,pay_in_3,3,930.40,930.40,0,2026-05-25,active
1853,848,19,pay_in_4,4,550.00,550.00,0,2026-02-12,paid_off
1854,848,13,pay_in_4,4,317.81,317.81,0,2026-03-01,paid_off
1855,848,45,pay_in_3,3,376.08,376.08,0,2025-12-09,delinquent
1856,849,27,pay_monthly_12,12,586.39,760.42,3009,2026-02-22,delinquent
1857,849,35,pay_in_4,4,74.46,74.46,0,2025-09-22,paid_off
1858,850,36,pay_monthly_6,6,44.37,47.72,1529,2026-05-06,active
1859,851,33,pay_monthly_12,12,253.87,317.70,2549,2025-05-07,defaulted
1860,851,16,pay_monthly_12,12,1152.92,1416.62,2319,2025-11-10,active
1861,851,40,pay_in_4,4,54.70,54.70,0,2026-01-15,paid_off
1862,851,46,pay_in_4,4,193.04,193.04,0,2025-09-27,paid_off
1863,851,10,pay_monthly_6,6,519.77,573.80,2108,2025-12-09,paid_off
1864,851,12,pay_in_4,4,596.75,596.75,0,2026-01-04,paid_off
1865,852,44,pay_in_4,4,492.31,492.31,0,2026-02-09,paid_off
1866,852,18,pay_in_4,4,829.53,829.53,0,2025-10-12,paid_off
1867,855,21,pay_monthly_6,6,1400.00,1519.37,1729,2025-08-21,delinquent
1868,855,38,pay_in_3,3,292.79,292.79,0,2026-05-21,active
1869,855,11,pay_monthly_12,12,429.39,533.40,2456,2026-04-03,active
1870,855,49,pay_in_4,4,113.58,113.58,0,2025-07-02,paid_off
1871,856,42,pay_in_4,4,105.29,105.29,0,2026-04-04,delinquent
1872,856,22,pay_in_4,4,619.66,619.66,0,2026-04-11,paid_off
1873,857,17,pay_monthly_6,6,1505.11,1643.32,1862,2025-08-24,paid_off
1874,857,40,pay_monthly_6,6,123.92,133.26,1529,2026-04-05,active
1875,859,33,pay_in_3,3,338.96,338.96,0,2026-02-06,paid_off
1876,859,20,pay_monthly_6,6,1210.61,1313.24,1719,2026-03-27,active
1877,860,51,pay_in_4,4,72.61,72.61,0,2026-06-09,active
1878,861,34,pay_in_4,4,591.38,591.38,0,2025-11-06,paid_off
1879,861,3,pay_in_4,4,331.27,331.27,0,2025-12-26,paid_off
1880,861,41,pay_monthly_12,12,240.69,290.12,2082,2026-04-08,active
1881,861,9,pay_in_4,4,295.50,295.50,0,2025-08-23,paid_off
1882,861,36,pay_in_4,4,223.94,223.94,0,2026-03-21,paid_off
1883,862,27,pay_in_4,4,685.76,685.76,0,2026-04-10,paid_off
1884,862,24,pay_in_3,3,916.92,916.92,0,2025-10-25,paid_off
1885,863,20,pay_monthly_12,12,424.39,547.58,2943,2026-05-27,active
1886,863,38,pay_in_4,4,159.74,159.74,0,2026-04-03,paid_off
1887,863,29,pay_in_4,4,236.34,236.34,0,2026-03-01,defaulted
1888,864,23,pay_in_4,4,1320.48,1320.48,0,2025-11-03,paid_off
1889,864,52,pay_monthly_6,6,49.95,55.84,2390,2025-09-16,paid_off
1890,865,28,pay_monthly_6,6,848.79,953.98,2513,2026-04-17,active
1891,865,26,pay_in_4,4,337.96,337.96,0,2025-11-19,paid_off
1892,865,48,pay_in_3,3,196.05,196.05,0,2026-04-05,defaulted
1893,866,23,pay_in_4,4,621.70,621.70,0,2025-10-14,paid_off
1894,866,46,pay_monthly_12,12,164.28,216.53,3225,2025-10-02,active
1895,867,14,pay_in_4,4,600.00,600.00,0,2026-03-13,delinquent
1896,868,17,pay_in_4,4,900.00,900.00,0,2026-05-25,active
1897,868,30,pay_in_4,4,570.69,570.69,0,2025-12-21,paid_off
1898,868,34,pay_monthly_6,6,420.83,461.22,1946,2026-03-10,active
1899,869,38,pay_monthly_12,12,243.29,295.10,2159,2025-12-21,active
1900,870,48,pay_in_3,3,105.94,105.94,0,2026-05-18,active
1901,870,26,pay_in_4,4,464.58,464.58,0,2025-06-06,defaulted
1902,870,33,pay_in_4,4,245.75,245.75,0,2025-02-14,paid_off
1903,870,8,pay_in_4,4,128.11,128.11,0,2026-04-22,paid_off
1904,871,5,pay_monthly_12,12,467.85,578.46,2397,2025-12-28,active
1905,872,38,pay_in_4,4,102.93,102.93,0,2026-06-04,active
1906,872,51,pay_monthly_12,12,91.33,117.25,2878,2025-07-14,active
1907,872,40,pay_monthly_6,6,97.37,108.31,2279,2025-11-10,paid_off
1908,873,40,pay_in_4,4,52.14,52.14,0,2026-04-09,paid_off
1909,874,36,pay_in_4,4,335.77,335.77,0,2026-01-02,delinquent
1910,874,55,pay_in_3,3,84.26,84.26,0,2025-02-01,delinquent
1911,874,25,pay_monthly_6,6,274.50,299.77,1867,2025-02-21,paid_off
1912,874,49,pay_monthly_12,12,469.66,576.76,2312,2025-12-17,active
1913,875,51,pay_in_3,3,70.66,70.66,0,2026-05-20,active
1914,875,55,pay_in_3,3,50.41,50.41,0,2026-04-13,active
1915,875,27,pay_in_4,4,903.72,903.72,0,2026-06-12,active
1916,877,54,pay_in_4,4,90.13,90.13,0,2025-09-18,paid_off
1917,877,56,pay_monthly_6,6,90.31,100.49,2286,2025-02-17,paid_off
1918,878,22,pay_in_4,4,1241.17,1241.17,0,2025-12-10,paid_off
1919,878,51,pay_in_4,4,157.14,157.14,0,2026-03-07,paid_off
1920,878,46,pay_in_4,4,178.41,178.41,0,2026-06-10,active
1921,879,11,pay_in_4,4,342.39,342.39,0,2025-08-15,paid_off
1922,879,49,pay_in_4,4,144.55,144.55,0,2025-05-25,paid_off
1923,881,46,pay_in_3,3,250.92,250.92,0,2025-06-06,paid_off
1924,881,34,pay_in_4,4,1090.90,1090.90,0,2025-08-02,paid_off
1925,881,5,pay_in_3,3,342.67,342.67,0,2025-06-26,paid_off
1926,881,32,pay_in_4,4,1002.84,1002.84,0,2025-08-20,paid_off
1927,882,42,pay_in_4,4,130.48,130.48,0,2026-06-14,active
1928,882,10,pay_in_4,4,346.96,346.96,0,2026-05-25,active
1929,883,2,pay_in_4,4,149.35,149.35,0,2026-06-11,defaulted
1930,883,4,pay_monthly_12,12,299.29,396.67,3299,2026-04-15,active
1931,884,43,pay_in_4,4,237.93,237.93,0,2026-05-12,active
1932,884,26,pay_in_4,4,367.69,367.69,0,2025-05-24,delinquent
1933,884,14,pay_in_4,4,1618.43,1618.43,0,2026-04-21,paid_off
1934,884,9,pay_in_4,4,1013.95,1013.95,0,2026-04-12,paid_off
1935,886,51,pay_in_4,4,76.22,76.22,0,2025-07-07,paid_off
1936,886,51,pay_monthly_6,6,174.10,187.73,1588,2025-11-02,paid_off
1937,886,16,pay_in_4,4,332.70,332.70,0,2026-02-23,paid_off
1938,887,33,pay_in_3,3,286.43,286.43,0,2025-07-18,paid_off
1939,888,1,pay_monthly_6,6,324.28,358.73,2154,2026-04-25,active
1940,889,39,pay_in_4,4,101.49,101.49,0,2026-03-14,paid_off
1941,890,32,pay_monthly_6,6,700.00,768.73,1991,2026-02-07,active
1942,891,32,pay_monthly_12,12,345.79,460.08,3351,2026-04-15,active
1943,891,50,pay_in_4,4,91.38,91.38,0,2025-04-10,paid_off
1944,891,1,pay_monthly_12,12,209.71,278.34,3318,2025-05-28,paid_off
1945,892,34,pay_in_4,4,385.17,385.17,0,2025-12-01,paid_off
1946,894,17,pay_in_4,4,923.28,923.28,0,2026-01-21,paid_off
1947,895,33,pay_monthly_6,6,229.84,259.11,2582,2026-04-21,active
1948,895,4,pay_in_4,4,332.91,332.91,0,2026-03-31,paid_off
1949,897,22,pay_in_4,4,1752.86,1752.86,0,2026-06-02,active
1950,898,12,pay_monthly_12,12,486.09,617.55,2742,2025-08-28,active
1951,898,43,pay_monthly_12,12,136.06,175.85,2965,2026-05-18,active
1952,899,8,pay_in_4,4,619.38,619.38,0,2026-05-05,active
1953,899,40,pay_in_4,4,482.83,482.83,0,2025-12-19,paid_off
1954,899,21,pay_in_3,3,794.51,794.51,0,2026-02-21,paid_off
1955,901,10,pay_in_4,4,711.04,711.04,0,2025-07-12,paid_off
1956,901,28,pay_in_3,3,579.71,579.71,0,2026-01-08,paid_off
1957,901,37,pay_monthly_6,6,232.84,261.20,2470,2026-04-04,active
1958,901,20,pay_monthly_12,12,2769.47,3342.55,2098,2025-06-12,paid_off
1959,901,36,pay_in_4,4,90.93,90.93,0,2025-09-09,defaulted
1960,902,31,pay_in_4,4,329.64,329.64,0,2026-04-13,defaulted
1961,902,56,pay_in_3,3,163.55,163.55,0,2026-04-24,delinquent
1962,903,47,pay_in_4,4,327.86,327.86,0,2026-05-03,active
1963,903,50,pay_in_3,3,113.12,113.12,0,2026-06-02,active
1964,903,10,pay_in_4,4,1210.36,1210.36,0,2026-03-08,paid_off
1965,905,43,pay_in_4,4,236.26,236.26,0,2026-03-01,paid_off
1966,905,37,pay_in_4,4,64.51,64.51,0,2025-07-01,paid_off
1967,905,6,pay_monthly_6,6,212.96,229.44,1569,2025-07-05,paid_off
1968,906,26,pay_in_4,4,584.85,584.85,0,2025-02-13,paid_off
1969,906,49,pay_in_4,4,218.20,218.20,0,2025-02-16,paid_off
1970,906,29,pay_in_3,3,285.41,285.41,0,2025-08-26,paid_off
1971,906,47,pay_in_4,4,687.81,687.81,0,2025-11-28,paid_off
1972,906,46,pay_in_4,4,235.59,235.59,0,2026-02-23,paid_off
1973,909,19,pay_in_4,4,1438.10,1438.10,0,2026-04-11,paid_off
1974,910,36,pay_in_3,3,120.69,120.69,0,2026-05-14,active
1975,910,7,pay_in_4,4,334.05,334.05,0,2026-04-19,paid_off
1976,912,30,pay_in_3,3,796.25,796.25,0,2026-02-18,paid_off
1977,912,56,pay_in_4,4,57.49,57.49,0,2026-01-17,delinquent
1978,912,51,pay_in_4,4,188.50,188.50,0,2026-03-22,paid_off
1979,912,32,pay_monthly_6,6,297.75,333.78,2454,2026-03-23,active
1980,913,9,pay_in_4,4,529.19,529.19,0,2026-01-17,paid_off
1981,914,2,pay_in_4,4,284.38,284.38,0,2026-05-18,active
1982,915,15,pay_monthly_12,12,579.73,707.24,2230,2026-02-17,active
1983,915,10,pay_in_4,4,1327.73,1327.73,0,2026-01-08,paid_off
1984,916,45,pay_in_3,3,188.35,188.35,0,2025-09-12,paid_off
1985,916,4,pay_monthly_6,6,431.84,470.13,1798,2026-03-19,active
1986,916,39,pay_monthly_12,12,166.90,216.55,3016,2025-06-15,paid_off
1987,916,47,pay_monthly_6,6,598.06,643.72,1548,2026-03-28,active
1988,917,25,pay_in_4,4,1145.76,1145.76,0,2026-06-08,active
1989,917,44,pay_in_4,4,165.53,165.53,0,2026-03-09,paid_off
1990,917,47,pay_in_4,4,182.59,182.59,0,2026-02-21,defaulted
1991,917,23,pay_in_4,4,1081.86,1081.86,0,2025-07-26,paid_off
1992,917,37,pay_in_4,4,183.18,183.18,0,2025-06-25,paid_off
1993,917,53,pay_in_4,4,77.64,77.64,0,2025-09-04,defaulted
1994,918,36,pay_in_4,4,134.53,134.53,0,2026-04-24,paid_off
1995,918,39,pay_in_3,3,199.52,199.52,0,2025-11-06,paid_off
1996,918,7,pay_in_4,4,473.31,473.31,0,2026-06-10,delinquent
1997,919,2,pay_monthly_12,12,105.12,136.55,3031,2026-03-01,delinquent
1998,919,6,pay_in_4,4,456.02,456.02,0,2026-03-05,paid_off
1999,920,3,pay_monthly_6,6,313.91,337.49,1523,2025-07-14,paid_off
2000,920,6,pay_in_4,4,163.19,163.19,0,2026-03-28,paid_off
2001,920,43,pay_in_4,4,549.63,549.63,0,2025-05-29,paid_off
2002,920,42,pay_in_4,4,135.82,135.82,0,2025-05-29,paid_off
2003,921,54,pay_monthly_12,12,149.34,185.21,2435,2026-05-04,active
2004,922,18,pay_monthly_6,6,1037.97,1165.22,2486,2026-06-11,active
2005,922,18,pay_monthly_12,12,617.21,821.02,3348,2025-10-10,active
2006,922,2,pay_in_4,4,939.10,939.10,0,2026-04-12,paid_off
2007,922,21,pay_in_3,3,1372.17,1372.17,0,2026-03-02,paid_off
2008,923,30,pay_in_4,4,575.63,575.63,0,2025-09-15,paid_off
2009,923,56,pay_in_4,4,119.73,119.73,0,2026-01-20,paid_off
2010,924,43,pay_in_4,4,658.37,658.37,0,2025-11-10,paid_off
2011,924,1,pay_in_4,4,225.80,225.80,0,2025-08-23,paid_off
2012,924,21,pay_monthly_6,6,743.00,838.27,2600,2025-11-25,paid_off
2013,924,42,pay_in_4,4,66.27,66.27,0,2026-01-24,paid_off
2014,924,26,pay_in_3,3,679.55,679.55,0,2025-05-08,paid_off
2015,924,19,pay_in_4,4,821.52,821.52,0,2025-04-06,paid_off
2016,925,50,pay_in_3,3,111.65,111.65,0,2026-02-27,paid_off
2017,925,55,pay_in_4,4,93.07,93.07,0,2026-05-15,active
2018,925,22,pay_monthly_12,12,1326.18,1595.11,2056,2025-07-28,active
2019,926,9,pay_in_3,3,509.08,509.08,0,2025-09-18,paid_off
2020,926,10,pay_in_3,3,555.15,555.15,0,2026-02-01,delinquent
2021,926,36,pay_monthly_6,6,211.26,237.56,2524,2026-06-03,active
2022,927,14,pay_in_4,4,996.56,996.56,0,2026-04-05,paid_off
2023,927,32,pay_monthly_6,6,567.82,623.46,1987,2026-05-01,defaulted
2024,927,46,pay_in_4,4,228.89,228.89,0,2025-10-16,paid_off
2025,928,27,pay_in_3,3,792.55,792.55,0,2026-03-17,paid_off
2026,928,51,pay_in_3,3,32.15,32.15,0,2026-04-23,active
2027,930,36,pay_in_4,4,76.34,76.34,0,2026-02-15,paid_off
2028,930,23,pay_in_4,4,939.85,939.85,0,2026-05-09,active
2029,930,51,pay_in_4,4,210.04,210.04,0,2026-03-05,delinquent
2030,930,48,pay_monthly_12,12,151.68,199.66,3207,2025-10-03,active
2031,931,44,pay_monthly_6,6,590.04,639.24,1691,2025-08-12,paid_off
2032,934,9,pay_in_3,3,923.59,923.59,0,2026-05-03,active
2033,934,55,pay_monthly_6,6,72.74,79.26,1818,2026-04-10,active
2034,934,45,pay_in_4,4,396.04,396.04,0,2025-10-19,paid_off
2035,934,35,pay_in_4,4,151.47,151.47,0,2025-09-15,paid_off
2036,935,28,pay_in_3,3,623.84,623.84,0,2025-09-22,paid_off
2037,935,14,pay_monthly_6,6,477.09,514.12,1574,2025-02-09,paid_off
2038,935,50,pay_in_4,4,79.34,79.34,0,2026-03-15,paid_off
2039,935,4,pay_in_4,4,751.27,751.27,0,2026-06-10,active
2040,937,4,pay_in_4,4,483.71,483.71,0,2026-02-28,paid_off
2041,938,20,pay_monthly_12,12,585.56,723.48,2388,2026-03-21,defaulted
2042,938,3,pay_monthly_6,6,545.72,601.75,2082,2025-10-27,paid_off
2043,938,39,pay_in_4,4,100.94,100.94,0,2026-03-25,paid_off
2044,938,56,pay_in_4,4,36.53,36.53,0,2026-05-28,active
2045,940,4,pay_monthly_6,6,417.67,448.81,1512,2026-01-01,active
2046,940,25,pay_in_4,4,2034.64,2034.64,0,2025-11-26,paid_off
2047,940,5,pay_in_4,4,146.94,146.94,0,2026-03-25,paid_off
2048,940,29,pay_in_3,3,233.14,233.14,0,2025-12-06,paid_off
2049,942,9,pay_monthly_6,6,437.82,470.23,1501,2026-03-26,delinquent
2050,942,18,pay_in_4,4,728.48,728.48,0,2026-04-22,paid_off
2051,942,33,pay_in_4,4,357.72,357.72,0,2026-05-17,active
2052,942,48,pay_in_4,4,96.17,96.17,0,2025-02-26,paid_off
2053,942,52,pay_in_4,4,123.19,123.19,0,2025-06-08,paid_off
2054,943,24,pay_in_3,3,1002.76,1002.76,0,2026-02-03,paid_off
2055,945,10,pay_monthly_6,6,766.95,858.78,2428,2025-07-28,paid_off
2056,945,53,pay_in_4,4,147.35,147.35,0,2026-03-21,paid_off
2057,946,33,pay_monthly_6,6,1161.28,1268.66,1875,2026-01-30,active
2058,946,2,pay_in_4,4,188.59,188.59,0,2026-05-07,active
2059,946,5,pay_in_4,4,113.53,113.53,0,2026-01-30,paid_off
2060,946,18,pay_in_3,3,335.39,335.39,0,2026-01-30,paid_off
2061,950,38,pay_in_4,4,172.77,172.77,0,2026-01-21,paid_off
2062,950,38,pay_in_4,4,173.86,173.86,0,2026-06-10,defaulted
2063,950,26,pay_monthly_12,12,840.40,1025.08,2228,2026-05-02,delinquent
2064,951,11,pay_monthly_6,6,1050.00,1178.83,2488,2026-04-20,active
2065,951,39,pay_in_4,4,258.78,258.78,0,2025-12-03,paid_off
2066,952,40,pay_monthly_12,12,75.80,92.66,2255,2025-09-27,active
2067,952,56,pay_in_4,4,164.29,164.29,0,2026-03-19,paid_off
2068,952,23,pay_in_4,4,1172.45,1172.45,0,2026-04-16,paid_off
2069,953,49,pay_monthly_6,6,236.78,262.43,2197,2025-10-24,paid_off
2070,953,1,pay_in_4,4,433.28,433.28,0,2026-04-02,paid_off
2071,953,4,pay_in_4,4,289.24,289.24,0,2025-04-16,paid_off
2072,953,50,pay_monthly_6,6,102.75,115.84,2584,2026-01-09,active
2073,953,48,pay_monthly_6,6,306.68,345.31,2554,2025-09-07,paid_off
2074,954,41,pay_in_3,3,185.34,185.34,0,2025-10-26,paid_off
2075,955,53,pay_monthly_6,6,86.92,95.96,2108,2025-04-23,paid_off
2076,956,18,pay_in_4,4,534.74,534.74,0,2026-03-23,paid_off
2077,956,54,pay_monthly_6,6,220.76,248.72,2568,2025-05-15,paid_off
2078,956,6,pay_in_4,4,242.69,242.69,0,2025-06-12,paid_off
2079,956,32,pay_in_4,4,721.81,721.81,0,2026-02-22,paid_off
2080,957,48,pay_monthly_6,6,341.03,374.38,1983,2026-03-19,active
2081,957,47,pay_monthly_6,6,125.57,139.97,2325,2026-02-11,active
2082,957,34,pay_in_4,4,572.40,572.40,0,2026-01-12,paid_off
2083,957,40,pay_monthly_6,6,109.04,120.29,2092,2025-12-25,active
2084,959,20,pay_in_3,3,515.50,515.50,0,2026-05-16,delinquent
2085,960,34,pay_in_4,4,364.00,364.00,0,2026-02-22,paid_off
2086,960,56,pay_monthly_6,6,83.81,90.29,1568,2025-10-10,paid_off
2087,960,8,pay_monthly_6,6,336.71,377.59,2462,2025-05-23,paid_off
2088,960,9,pay_monthly_12,12,500.00,634.19,2721,2026-02-17,active
2089,960,44,pay_in_4,4,245.48,245.48,0,2026-03-28,paid_off
2090,960,1,pay_in_3,3,500.00,500.00,0,2025-04-17,paid_off
2091,961,54,pay_in_4,4,75.36,75.36,0,2025-10-15,delinquent
2092,961,15,pay_in_3,3,802.64,802.64,0,2025-12-21,delinquent
2093,961,2,pay_in_4,4,400.73,400.73,0,2025-10-04,paid_off
2094,961,29,pay_monthly_12,12,492.13,619.69,2628,2026-04-22,active
2095,962,56,pay_monthly_12,12,56.43,75.26,3383,2025-04-15,paid_off
2096,962,40,pay_in_4,4,197.47,197.47,0,2026-03-22,paid_off
2097,962,4,pay_in_4,4,547.39,547.39,0,2026-04-08,paid_off
2098,962,37,pay_monthly_12,12,394.75,521.60,3258,2025-05-28,paid_off
2099,963,36,pay_monthly_6,6,167.34,182.61,1850,2026-01-26,delinquent
2100,963,14,pay_in_3,3,365.00,365.00,0,2026-02-04,defaulted
2101,963,38,pay_in_4,4,248.98,248.98,0,2026-05-15,delinquent
2102,963,47,pay_monthly_6,6,228.81,255.32,2349,2025-06-03,paid_off
2103,964,39,pay_monthly_12,12,429.86,540.26,2604,2026-04-09,active
2104,964,49,pay_in_4,4,218.04,218.04,0,2026-02-13,paid_off
2105,964,51,pay_in_4,4,98.04,98.04,0,2026-04-24,paid_off
2106,965,52,pay_in_4,4,54.17,54.17,0,2026-04-22,paid_off
2107,965,35,pay_in_4,4,271.32,271.32,0,2026-01-26,paid_off
2108,965,27,pay_in_3,3,550.48,550.48,0,2026-02-20,paid_off
2109,966,9,pay_in_4,4,679.58,679.58,0,2026-03-01,paid_off
2110,969,46,pay_in_4,4,192.32,192.32,0,2026-05-20,active
2111,969,44,pay_in_4,4,130.85,130.85,0,2026-06-03,active
2112,970,51,pay_monthly_6,6,46.72,52.04,2307,2025-10-27,paid_off
2113,970,41,pay_in_4,4,118.12,118.12,0,2025-09-24,paid_off
2114,972,4,pay_monthly_6,6,329.41,369.05,2440,2026-02-25,active
2115,973,40,pay_monthly_12,12,387.90,510.21,3197,2026-03-09,active
2116,974,37,pay_in_3,3,113.66,113.66,0,2026-06-15,active
2117,974,38,pay_in_4,4,303.78,303.78,0,2026-04-18,defaulted
2118,975,47,pay_monthly_6,6,355.43,396.50,2343,2026-04-24,active
2119,975,3,pay_monthly_12,12,265.25,322.60,2192,2025-09-12,active
2120,975,55,pay_in_4,4,40.57,40.57,0,2026-04-12,paid_off
2121,975,2,pay_in_4,4,313.97,313.97,0,2026-02-23,defaulted
2122,975,39,pay_in_4,4,62.87,62.87,0,2026-02-13,delinquent
2123,976,46,pay_monthly_6,6,183.73,199.60,1751,2025-08-07,paid_off
2124,976,29,pay_in_3,3,700.65,700.65,0,2026-04-28,active
2125,976,39,pay_in_4,4,97.38,97.38,0,2026-01-04,paid_off
2126,976,45,pay_monthly_12,12,203.16,253.78,2526,2026-06-11,active
2127,976,30,pay_in_4,4,137.71,137.71,0,2026-04-18,paid_off
2128,977,44,pay_in_4,4,401.86,401.86,0,2025-12-12,paid_off
2129,977,9,pay_monthly_12,12,600.83,790.34,3198,2026-05-27,active
2130,979,26,pay_monthly_6,6,877.33,974.07,2236,2026-05-20,active
2131,979,37,pay_in_4,4,89.80,89.80,0,2026-02-19,paid_off
2132,979,15,pay_monthly_12,12,583.39,731.21,2569,2026-02-28,active
2133,979,34,pay_in_4,4,395.47,395.47,0,2026-02-09,paid_off
2134,979,47,pay_in_4,4,390.95,390.95,0,2025-08-17,paid_off
2135,980,34,pay_in_4,4,576.16,576.16,0,2026-02-10,paid_off
2136,981,20,pay_monthly_12,12,1336.72,1779.57,3359,2025-07-17,active
2137,981,7,pay_in_4,4,276.29,276.29,0,2026-05-25,active
2138,983,19,pay_monthly_12,12,1111.65,1348.59,2161,2026-05-23,active
2139,984,25,pay_in_4,4,797.96,797.96,0,2026-02-02,paid_off
2140,984,40,pay_monthly_12,12,61.10,78.10,2821,2025-11-16,defaulted
2141,984,26,pay_in_4,4,338.30,338.30,0,2025-07-13,delinquent
2142,984,56,pay_monthly_12,12,102.75,129.56,2645,2026-02-22,active
2143,984,37,pay_in_4,4,280.55,280.55,0,2025-12-14,paid_off
2144,985,23,pay_in_4,4,1107.16,1107.16,0,2026-04-15,paid_off
2145,985,54,pay_monthly_12,12,78.59,101.77,2991,2026-02-25,active
2146,986,39,pay_monthly_12,12,121.28,151.04,2488,2026-01-20,delinquent
2147,986,24,pay_in_4,4,810.51,810.51,0,2026-01-24,defaulted
2148,990,55,pay_monthly_6,6,102.39,110.00,1508,2026-05-09,delinquent
2149,990,36,pay_in_4,4,231.02,231.02,0,2026-01-03,delinquent
2150,991,32,pay_monthly_6,6,993.52,1090.04,1970,2026-02-26,active
2151,991,27,pay_in_3,3,530.11,530.11,0,2026-04-26,active
2152,993,26,pay_in_3,3,623.69,623.69,0,2026-04-16,active
2153,993,6,pay_in_4,4,290.25,290.25,0,2025-04-23,paid_off
2154,994,37,pay_in_4,4,110.93,110.93,0,2025-12-22,delinquent
2155,994,11,pay_in_4,4,869.10,869.10,0,2025-09-19,paid_off
2156,994,11,pay_in_4,4,665.14,665.14,0,2026-05-24,active
2157,994,3,pay_in_4,4,510.22,510.22,0,2026-05-25,active
2158,994,6,pay_in_4,4,500.49,500.49,0,2025-07-09,paid_off
2159,994,1,pay_in_3,3,237.90,237.90,0,2026-05-10,active
2160,995,22,pay_in_4,4,800.00,800.00,0,2026-03-04,paid_off
2161,995,41,pay_monthly_12,12,310.58,388.57,2546,2026-04-23,active
2162,996,6,pay_in_4,4,236.43,236.43,0,2026-04-13,paid_off
2163,996,34,pay_in_3,3,469.87,469.87,0,2026-04-19,active
2164,997,11,pay_in_4,4,424.46,424.46,0,2026-04-18,paid_off
2165,997,50,pay_monthly_6,6,65.17,71.12,1851,2025-10-01,paid_off
2166,997,22,pay_monthly_12,12,501.15,616.37,2331,2025-08-06,active
2167,998,53,pay_in_3,3,76.02,76.02,0,2026-04-13,active
2168,999,54,pay_in_4,4,83.94,83.94,0,2025-10-11,paid_off
2169,999,24,pay_in_4,4,1450.00,1450.00,0,2026-03-06,paid_off
2170,999,41,pay_in_4,4,122.88,122.88,0,2025-10-11,paid_off
2171,1001,48,pay_in_4,4,271.23,271.23,0,2026-05-07,active
2172,1002,34,pay_in_4,4,458.93,458.93,0,2026-06-02,active
2173,1003,46,pay_in_4,4,177.40,177.40,0,2026-01-06,paid_off
2174,1003,32,pay_in_4,4,312.51,312.51,0,2026-03-07,paid_off
2175,1004,4,pay_in_4,4,662.89,662.89,0,2025-08-10,defaulted
2176,1005,17,pay_monthly_6,6,1865.06,2043.31,1938,2026-04-11,active
2177,1006,28,pay_in_4,4,605.93,605.93,0,2025-02-24,paid_off
2178,1006,6,pay_in_4,4,556.69,556.69,0,2025-05-11,paid_off
2179,1007,10,pay_in_4,4,848.68,848.68,0,2025-04-22,paid_off
2180,1007,25,pay_monthly_6,6,1141.03,1267.98,2256,2026-01-20,defaulted
2181,1007,15,pay_in_4,4,500.86,500.86,0,2025-10-03,paid_off
2182,1007,9,pay_in_4,4,423.62,423.62,0,2025-12-09,paid_off
2183,1009,40,pay_in_4,4,161.25,161.25,0,2026-04-22,paid_off
2184,1009,20,pay_in_3,3,594.89,594.89,0,2026-02-07,paid_off
2185,1010,33,pay_in_4,4,498.53,498.53,0,2025-10-03,paid_off
2186,1010,15,pay_monthly_6,6,267.98,299.23,2365,2026-06-01,active
2187,1010,39,pay_in_4,4,231.26,231.26,0,2025-11-21,paid_off
2188,1010,27,pay_in_4,4,409.37,409.37,0,2025-05-26,paid_off
2189,1010,6,pay_in_4,4,341.28,341.28,0,2025-01-24,paid_off
2190,1011,53,pay_monthly_6,6,61.02,65.83,1598,2026-02-21,active
2191,1011,56,pay_in_3,3,86.95,86.95,0,2026-04-23,active
2192,1011,31,pay_in_4,4,621.71,621.71,0,2026-03-10,paid_off
2193,1012,16,pay_monthly_6,6,478.33,525.51,2000,2026-04-02,active
2194,1012,51,pay_in_4,4,69.85,69.85,0,2025-07-22,paid_off
2195,1012,46,pay_in_4,4,338.33,338.33,0,2026-01-14,paid_off
2196,1012,23,pay_in_4,4,386.77,386.77,0,2025-03-22,paid_off
2197,1012,8,pay_in_4,4,200.03,200.03,0,2026-02-06,paid_off
2198,1012,38,pay_monthly_6,6,135.89,150.73,2215,2026-01-18,active
2199,1012,51,pay_in_3,3,159.52,159.52,0,2026-03-16,paid_off
2200,1013,50,pay_in_4,4,79.75,79.75,0,2025-05-18,paid_off
2201,1013,46,pay_in_4,4,338.73,338.73,0,2026-05-06,active
2202,1013,24,pay_monthly_12,12,720.49,901.84,2552,2026-02-19,active
2203,1014,43,pay_monthly_12,12,404.02,515.84,2806,2025-09-05,active
2204,1014,31,pay_monthly_6,6,452.40,493.09,1824,2026-06-01,active
2205,1014,49,pay_in_3,3,364.96,364.96,0,2026-05-16,active
2206,1014,46,pay_in_4,4,546.72,546.72,0,2026-04-07,paid_off
2207,1015,50,pay_monthly_6,6,166.89,185.49,2260,2025-01-29,paid_off
2208,1015,7,pay_monthly_6,6,316.71,340.89,1548,2025-10-14,defaulted
2209,1015,20,pay_monthly_12,12,650.00,810.08,2497,2025-04-13,defaulted
2210,1016,6,pay_in_4,4,121.66,121.66,0,2026-05-24,active
2211,1017,37,pay_in_4,4,141.64,141.64,0,2026-01-25,paid_off
2212,1017,36,pay_monthly_6,6,195.16,212.58,1810,2025-12-25,active
2213,1018,51,pay_in_3,3,78.73,78.73,0,2025-10-11,paid_off
2214,1018,36,pay_in_3,3,163.21,163.21,0,2026-02-08,paid_off
2215,1018,51,pay_in_4,4,79.59,79.59,0,2026-05-02,active
2216,1018,5,pay_in_4,4,696.44,696.44,0,2025-05-08,paid_off
2217,1019,50,pay_in_3,3,111.19,111.19,0,2025-12-03,paid_off
2218,1019,8,pay_monthly_12,12,459.10,587.15,2828,2026-04-25,active
2219,1019,11,pay_monthly_6,6,592.37,639.43,1611,2026-04-07,delinquent
2220,1021,23,pay_in_3,3,2138.71,2138.71,0,2026-02-16,paid_off
2221,1021,56,pay_monthly_6,6,217.48,239.08,2014,2026-01-26,active
2222,1022,19,pay_in_4,4,1209.17,1209.17,0,2025-06-21,paid_off
2223,1022,1,pay_in_3,3,346.24,346.24,0,2025-09-22,paid_off
2224,1022,23,pay_monthly_6,6,440.85,496.31,2551,2025-04-26,paid_off
2225,1022,15,pay_in_3,3,1667.74,1667.74,0,2026-03-19,paid_off
2226,1023,45,pay_in_4,4,262.75,262.75,0,2026-05-09,active
2227,1023,8,pay_in_4,4,783.35,783.35,0,2025-12-01,paid_off
2228,1025,19,pay_in_4,4,850.00,850.00,0,2026-02-02,paid_off
2229,1025,46,pay_monthly_12,12,213.22,274.88,2932,2025-03-26,paid_off
2230,1025,15,pay_monthly_6,6,786.58,870.06,2152,2025-07-22,paid_off
2231,1025,33,pay_monthly_12,12,387.96,475.51,2288,2026-01-07,active
2232,1027,45,pay_monthly_6,6,201.77,223.22,2156,2026-03-18,active
2233,1027,34,pay_in_4,4,1604.35,1604.35,0,2026-04-25,paid_off
2234,1027,33,pay_monthly_6,6,582.99,643.14,2092,2025-05-23,paid_off
2235,1027,33,pay_in_4,4,426.02,426.02,0,2025-03-04,paid_off
2236,1027,5,pay_monthly_6,6,261.82,292.27,2358,2025-12-15,paid_off
2237,1028,14,pay_in_4,4,671.08,671.08,0,2025-09-22,defaulted
2238,1028,4,pay_in_4,4,474.43,474.43,0,2026-01-03,paid_off
2239,1028,27,pay_in_3,3,302.58,302.58,0,2026-05-07,active
2240,1028,27,pay_in_4,4,402.33,402.33,0,2026-03-21,paid_off
2241,1029,51,pay_in_3,3,65.81,65.81,0,2025-12-11,paid_off
2242,1029,18,pay_in_4,4,1086.73,1086.73,0,2025-05-12,paid_off
2243,1029,52,pay_monthly_6,6,109.92,121.24,2088,2025-05-28,paid_off
2244,1030,31,pay_in_3,3,899.01,899.01,0,2026-02-04,paid_off
2245,1031,21,pay_in_4,4,900.00,900.00,0,2026-06-14,active
2246,1032,42,pay_monthly_6,6,140.29,152.55,1772,2025-09-01,paid_off
2247,1032,22,pay_monthly_6,6,481.36,542.20,2563,2026-02-18,active
2248,1032,11,pay_in_4,4,482.62,482.62,0,2026-06-14,active
2249,1032,46,pay_monthly_6,6,352.47,390.88,2210,2025-11-19,paid_off
2250,1033,9,pay_monthly_6,6,915.63,1024.45,2410,2025-09-28,paid_off
2251,1033,43,pay_monthly_6,6,306.59,334.76,1863,2025-12-13,paid_off
2252,1033,13,pay_in_4,4,223.40,223.40,0,2026-04-11,paid_off
2253,1034,54,pay_monthly_6,6,80.76,90.19,2367,2025-11-10,paid_off
2254,1034,32,pay_monthly_6,6,415.95,446.84,1506,2026-01-21,active
2255,1034,38,pay_in_4,4,191.71,191.71,0,2025-05-01,paid_off
2256,1035,50,pay_in_4,4,156.86,156.86,0,2026-06-12,defaulted
2257,1035,48,pay_in_3,3,249.94,249.94,0,2026-02-09,paid_off
2258,1036,15,pay_in_4,4,462.01,462.01,0,2025-10-25,paid_off
2259,1036,30,pay_monthly_12,12,359.27,479.75,3400,2026-01-25,active
2260,1036,49,pay_in_4,4,273.96,273.96,0,2025-07-16,paid_off
2261,1036,4,pay_in_4,4,379.05,379.05,0,2026-06-02,active
2262,1037,11,pay_in_4,4,677.62,677.62,0,2026-02-11,paid_off
2263,1037,31,pay_in_4,4,1054.58,1054.58,0,2026-05-27,active
2264,1037,26,pay_monthly_6,6,403.15,439.51,1829,2025-09-10,delinquent
2265,1038,3,pay_monthly_6,6,174.67,188.83,1644,2025-08-05,paid_off
2266,1038,12,pay_monthly_12,12,517.10,666.64,2932,2026-01-05,active
2267,1038,18,pay_in_3,3,804.37,804.37,0,2025-07-08,paid_off
2268,1038,17,pay_monthly_6,6,1264.55,1371.94,1722,2025-08-02,delinquent
2269,1039,11,pay_monthly_6,6,644.43,694.04,1561,2026-05-23,delinquent
2270,1040,5,pay_in_3,3,221.72,221.72,0,2026-01-20,paid_off
2271,1042,6,pay_monthly_12,12,478.26,601.47,2612,2025-07-02,active
2272,1042,47,pay_in_4,4,243.93,243.93,0,2026-02-10,paid_off
2273,1042,48,pay_in_4,4,427.92,427.92,0,2026-06-06,active
2274,1043,9,pay_in_4,4,703.73,703.73,0,2026-05-01,active
2275,1046,8,pay_in_4,4,159.53,159.53,0,2025-10-28,paid_off
2276,1046,14,pay_in_4,4,319.90,319.90,0,2025-09-19,defaulted
2277,1046,47,pay_in_3,3,548.57,548.57,0,2025-06-27,paid_off
2278,1046,35,pay_monthly_6,6,163.27,178.74,1921,2025-05-23,paid_off
2279,1046,16,pay_in_4,4,582.45,582.45,0,2025-04-22,paid_off
2280,1047,49,pay_monthly_12,12,281.44,339.57,2094,2025-09-24,active
2281,1047,5,pay_in_3,3,190.42,190.42,0,2025-05-20,paid_off
2282,1047,50,pay_monthly_6,6,139.33,152.66,1940,2026-01-13,active
2283,1047,55,pay_monthly_12,12,125.71,166.80,3314,2026-04-08,active
2284,1047,52,pay_in_4,4,100.18,100.18,0,2025-12-24,paid_off
2285,1048,30,pay_in_4,4,406.18,406.18,0,2025-11-25,paid_off
2286,1048,16,pay_in_4,4,680.16,680.16,0,2025-06-24,paid_off
2287,1050,18,pay_in_4,4,755.34,755.34,0,2026-06-05,active
2288,1050,41,pay_in_4,4,166.36,166.36,0,2025-10-25,paid_off
2289,1050,28,pay_monthly_12,12,421.72,556.07,3230,2025-12-15,active
2290,1050,13,pay_in_3,3,407.56,407.56,0,2025-12-19,paid_off
2291,1050,49,pay_monthly_6,6,216.85,236.57,1844,2025-11-12,paid_off
2292,1051,31,pay_monthly_6,6,680.08,745.45,1949,2026-05-18,defaulted
2293,1051,9,pay_monthly_6,6,1528.82,1656.99,1700,2025-11-09,paid_off
2294,1053,46,pay_in_4,4,423.87,423.87,0,2025-11-10,paid_off
2295,1053,22,pay_in_3,3,632.17,632.17,0,2025-06-20,paid_off
2296,1053,48,pay_in_4,4,210.08,210.08,0,2025-09-06,paid_off
2297,1054,48,pay_in_3,3,428.90,428.90,0,2026-01-28,paid_off
2298,1055,35,pay_in_4,4,98.66,98.66,0,2026-03-03,paid_off
2299,1055,23,pay_in_4,4,423.21,423.21,0,2026-05-04,active
2300,1055,2,pay_monthly_6,6,571.12,631.36,2139,2026-02-15,delinquent
2301,1055,47,pay_in_4,4,153.22,153.22,0,2026-06-06,defaulted
2302,1056,8,pay_monthly_6,6,281.89,317.52,2563,2026-01-21,active
2303,1056,1,pay_in_4,4,315.61,315.61,0,2025-10-24,paid_off
2304,1056,27,pay_in_4,4,577.40,577.40,0,2026-04-11,paid_off
2305,1056,5,pay_monthly_6,6,382.90,431.45,2571,2026-06-10,defaulted
2306,1058,17,pay_in_4,4,840.85,840.85,0,2026-01-30,paid_off
2307,1059,24,pay_monthly_12,12,1436.03,1893.09,3227,2025-09-19,active
2308,1059,24,pay_in_4,4,750.91,750.91,0,2026-01-10,paid_off
2309,1059,38,pay_in_4,4,531.69,531.69,0,2025-11-04,paid_off
2310,1061,16,pay_in_4,4,667.13,667.13,0,2025-08-18,paid_off
2311,1061,44,pay_monthly_12,12,129.34,163.77,2699,2026-02-28,active
2312,1061,50,pay_in_4,4,34.28,34.28,0,2025-12-01,paid_off
2313,1061,22,pay_in_4,4,544.59,544.59,0,2025-12-22,paid_off
2314,1062,30,pay_in_4,4,251.44,251.44,0,2026-03-22,paid_off
2315,1064,30,pay_monthly_12,12,314.69,410.75,3095,2025-12-15,active
2316,1064,37,pay_in_4,4,234.80,234.80,0,2026-02-02,paid_off
2317,1064,46,pay_monthly_12,12,196.62,255.13,3017,2026-06-04,active
2318,1065,5,pay_monthly_12,12,587.62,720.63,2295,2026-05-17,active
2319,1065,43,pay_monthly_6,6,152.56,165.49,1718,2026-03-03,active
2320,1065,23,pay_in_3,3,755.14,755.14,0,2026-01-05,paid_off
2321,1065,10,pay_monthly_6,6,2100.00,2316.86,2094,2026-03-27,active
2322,1066,5,pay_in_4,4,185.00,185.00,0,2026-03-24,paid_off
2323,1066,50,pay_monthly_6,6,78.90,87.21,2136,2025-11-07,paid_off
2324,1066,40,pay_monthly_12,12,88.68,116.07,3132,2025-10-20,defaulted
2325,1067,43,pay_in_3,3,369.56,369.56,0,2026-01-19,paid_off
2326,1067,6,pay_in_4,4,157.84,157.84,0,2026-02-22,paid_off
2327,1067,33,pay_in_4,4,139.64,139.64,0,2025-12-27,paid_off
2328,1067,36,pay_in_3,3,55.01,55.01,0,2026-03-26,active
2329,1067,16,pay_in_4,4,492.70,492.70,0,2026-05-13,active
2330,1067,55,pay_monthly_6,6,78.36,87.36,2329,2025-07-25,paid_off
2331,1067,31,pay_in_4,4,404.45,404.45,0,2025-02-12,paid_off
2332,1069,37,pay_in_3,3,106.34,106.34,0,2026-04-13,active
2333,1069,8,pay_in_4,4,837.32,837.32,0,2026-02-20,paid_off
2334,1069,50,pay_monthly_6,6,43.19,47.64,2087,2026-04-06,active
2335,1070,33,pay_monthly_6,6,725.42,783.70,1629,2026-02-11,active
2336,1070,11,pay_in_4,4,465.20,465.20,0,2026-04-14,paid_off
2337,1070,43,pay_in_4,4,316.36,316.36,0,2026-04-27,paid_off
2338,1072,27,pay_monthly_6,6,1155.69,1301.53,2559,2025-06-09,paid_off
2339,1072,7,pay_in_4,4,357.11,357.11,0,2025-11-03,paid_off
2340,1072,2,pay_in_4,4,241.04,241.04,0,2025-08-08,defaulted
2341,1072,43,pay_in_3,3,267.61,267.61,0,2026-05-26,active
2342,1073,20,pay_monthly_6,6,680.35,749.40,2058,2026-06-11,active
2343,1073,36,pay_monthly_6,6,142.41,157.85,2198,2025-03-21,paid_off
2344,1073,32,pay_in_4,4,481.98,481.98,0,2026-04-17,paid_off
2345,1073,2,pay_in_4,4,411.85,411.85,0,2025-07-06,paid_off
2346,1073,51,pay_monthly_6,6,62.02,69.22,2354,2025-12-05,defaulted
2347,1075,38,pay_in_4,4,235.08,235.08,0,2025-08-16,paid_off
2348,1075,21,pay_monthly_6,6,828.62,933.88,2576,2025-08-27,paid_off
2349,1075,8,pay_in_4,4,314.70,314.70,0,2025-06-15,delinquent
2350,1075,47,pay_in_4,4,161.31,161.31,0,2025-03-27,paid_off
2351,1076,44,pay_monthly_6,6,428.89,470.98,1990,2026-05-23,active
2352,1077,36,pay_in_4,4,146.13,146.13,0,2025-03-24,paid_off
2353,1077,39,pay_monthly_12,12,378.54,500.03,3254,2025-12-01,active
2354,1077,38,pay_in_3,3,205.97,205.97,0,2025-05-21,defaulted
2355,1077,53,pay_in_4,4,25.00,25.00,0,2026-03-06,paid_off
2356,1079,46,pay_monthly_6,6,189.33,206.60,1850,2026-05-01,active
2357,1079,26,pay_in_4,4,633.87,633.87,0,2025-11-21,paid_off
2358,1080,32,pay_monthly_6,6,617.32,669.29,1707,2025-04-30,paid_off
2359,1080,51,pay_in_4,4,125.36,125.36,0,2025-09-14,paid_off
2360,1080,33,pay_monthly_6,6,816.03,882.15,1643,2025-08-11,paid_off
2361,1080,34,pay_in_4,4,435.71,435.71,0,2026-04-20,delinquent
2362,1080,42,pay_in_3,3,177.51,177.51,0,2025-06-23,paid_off
2363,1080,22,pay_in_4,4,1400.00,1400.00,0,2026-01-02,paid_off
2364,1080,39,pay_in_4,4,106.49,106.49,0,2025-08-14,paid_off
2365,1081,48,pay_monthly_6,6,203.67,223.75,1999,2026-02-15,active
2366,1081,51,pay_monthly_6,6,202.57,224.68,2213,2026-04-03,active
2367,1081,22,pay_in_3,3,593.88,593.88,0,2025-10-22,paid_off
2368,1082,37,pay_monthly_6,6,84.88,91.88,1673,2026-05-21,delinquent
2369,1083,52,pay_monthly_6,6,41.57,45.84,2084,2026-03-04,active
2370,1083,27,pay_in_3,3,719.82,719.82,0,2026-04-28,active
2371,1084,35,pay_monthly_6,6,178.99,200.49,2436,2026-01-10,active
2372,1084,47,pay_monthly_6,6,270.32,299.85,2215,2025-06-17,paid_off
2373,1084,26,pay_in_3,3,611.06,611.06,0,2025-11-24,paid_off
2374,1084,3,pay_in_3,3,169.66,169.66,0,2025-07-27,paid_off
2375,1084,43,pay_in_3,3,562.78,562.78,0,2025-06-28,paid_off
2376,1084,14,pay_in_4,4,640.43,640.43,0,2026-01-11,paid_off
2377,1087,34,pay_in_4,4,363.41,363.41,0,2025-06-28,paid_off
2378,1087,1,pay_monthly_6,6,132.27,142.60,1584,2026-03-02,defaulted
2379,1087,41,pay_monthly_6,6,125.68,135.86,1642,2026-01-23,delinquent
2380,1087,6,pay_monthly_6,6,189.14,211.05,2349,2025-04-24,paid_off
2381,1087,43,pay_in_3,3,140.04,140.04,0,2025-07-16,delinquent
2382,1088,17,pay_monthly_6,6,650.00,706.99,1778,2026-04-05,active
2383,1088,36,pay_in_4,4,70.33,70.33,0,2026-03-13,defaulted
2384,1089,12,pay_in_4,4,722.89,722.89,0,2026-06-06,active
2385,1089,13,pay_in_4,4,734.17,734.17,0,2026-05-16,delinquent
2386,1089,53,pay_in_4,4,101.77,101.77,0,2026-04-15,delinquent
2387,1089,24,pay_in_4,4,750.00,750.00,0,2026-06-08,active
2388,1089,9,pay_in_4,4,750.00,750.00,0,2026-05-04,delinquent
2389,1090,27,pay_in_4,4,475.89,475.89,0,2026-02-10,paid_off
2390,1090,25,pay_in_4,4,2711.42,2711.42,0,2026-04-14,paid_off
2391,1090,49,pay_in_4,4,447.08,447.08,0,2026-01-01,paid_off
2392,1090,51,pay_in_4,4,125.58,125.58,0,2026-04-18,paid_off
2393,1091,18,pay_in_4,4,550.00,550.00,0,2025-06-07,paid_off
2394,1091,20,pay_in_3,3,550.00,550.00,0,2026-05-02,active
2395,1091,20,pay_in_3,3,550.00,550.00,0,2025-10-02,delinquent
2396,1092,18,pay_in_4,4,761.29,761.29,0,2025-11-05,paid_off
2397,1092,31,pay_in_4,4,998.84,998.84,0,2025-11-14,defaulted
2398,1093,48,pay_in_4,4,189.95,189.95,0,2025-08-14,paid_off
2399,1093,35,pay_in_4,4,397.47,397.47,0,2026-06-07,active
2400,1093,34,pay_monthly_6,6,399.68,430.47,1562,2025-07-30,paid_off
2401,1094,15,pay_monthly_6,6,569.88,613.72,1560,2026-03-02,active
2402,1094,8,pay_in_3,3,377.84,377.84,0,2026-03-27,active
2403,1094,4,pay_in_3,3,454.27,454.27,0,2025-03-19,delinquent
2404,1094,31,pay_monthly_12,12,364.53,445.25,2245,2026-03-19,defaulted
2405,1095,29,pay_in_4,4,1039.40,1039.40,0,2026-04-15,paid_off
2406,1095,6,pay_monthly_6,6,436.44,475.16,1799,2026-05-20,active
2407,1095,22,pay_in_4,4,786.33,786.33,0,2025-10-20,delinquent
2408,1095,19,pay_monthly_6,6,1050.00,1145.54,1845,2025-08-02,paid_off
2409,1095,4,pay_in_3,3,605.04,605.04,0,2026-04-01,active
2410,1095,43,pay_monthly_12,12,152.47,203.36,3384,2025-10-16,active
2411,1095,42,pay_in_4,4,114.92,114.92,0,2025-08-03,paid_off
2412,1096,1,pay_in_4,4,173.85,173.85,0,2026-02-28,paid_off
2413,1096,39,pay_in_4,4,202.09,202.09,0,2026-05-01,active
2414,1097,40,pay_in_4,4,259.18,259.18,0,2026-01-13,delinquent
2415,1097,28,pay_in_4,4,1278.08,1278.08,0,2025-12-12,paid_off
2416,1097,44,pay_monthly_12,12,451.51,583.68,2968,2025-08-23,active
2417,1098,34,pay_in_4,4,526.36,526.36,0,2026-02-20,paid_off
2418,1098,16,pay_in_3,3,881.59,881.59,0,2026-02-02,paid_off
2419,1098,18,pay_monthly_12,12,1514.08,2005.99,3294,2026-02-07,active
2420,1099,1,pay_monthly_6,6,406.95,451.72,2231,2025-04-10,delinquent
2421,1099,26,pay_in_4,4,704.15,704.15,0,2025-11-10,paid_off
2422,1099,48,pay_monthly_6,6,158.01,177.66,2522,2025-12-07,defaulted
2423,1100,28,pay_in_4,4,600.00,600.00,0,2026-04-02,delinquent
2424,1100,52,pay_in_4,4,42.02,42.02,0,2026-03-12,defaulted
2425,1100,48,pay_in_3,3,420.14,420.14,0,2026-02-01,paid_off
2426,1101,41,pay_in_4,4,102.91,102.91,0,2026-05-16,active
2427,1101,32,pay_monthly_6,6,418.22,470.26,2523,2026-05-07,active
2428,1102,49,pay_in_3,3,179.07,179.07,0,2025-11-09,paid_off
2429,1102,19,pay_in_4,4,1451.49,1451.49,0,2025-12-11,paid_off
2430,1102,24,pay_monthly_12,12,1596.35,2003.67,2587,2026-02-25,delinquent
2431,1103,18,pay_in_3,3,809.27,809.27,0,2026-01-19,paid_off
2432,1104,13,pay_in_3,3,542.76,542.76,0,2026-02-13,delinquent
2433,1105,56,pay_monthly_6,6,41.62,45.33,1809,2026-03-22,delinquent
2434,1105,44,pay_in_4,4,150.71,150.71,0,2025-11-18,defaulted
2435,1106,15,pay_in_4,4,432.82,432.82,0,2026-05-24,active
2436,1106,13,pay_in_4,4,859.49,859.49,0,2026-01-04,paid_off
2437,1106,29,pay_in_3,3,845.75,845.75,0,2026-04-15,active
2438,1106,25,pay_in_4,4,798.23,798.23,0,2025-11-15,paid_off
2439,1107,12,pay_in_4,4,422.45,422.45,0,2025-11-14,paid_off
2440,1107,41,pay_in_3,3,97.59,97.59,0,2026-05-23,active
2441,1107,19,pay_in_3,3,1095.21,1095.21,0,2026-02-25,paid_off
2442,1107,2,pay_in_4,4,313.80,313.80,0,2026-03-03,paid_off
2443,1108,45,pay_in_4,4,432.56,432.56,0,2026-02-09,paid_off
2444,1108,39,pay_in_4,4,203.34,203.34,0,2025-11-25,paid_off
2445,1108,56,pay_monthly_6,6,191.01,205.55,1544,2026-01-26,active
2446,1109,30,pay_in_4,4,733.16,733.16,0,2026-04-26,paid_off
2447,1109,51,pay_in_3,3,95.52,95.52,0,2026-03-15,paid_off
2448,1110,4,pay_in_3,3,585.17,585.17,0,2025-09-10,paid_off
2449,1110,43,pay_in_4,4,486.50,486.50,0,2025-09-07,paid_off
2450,1110,56,pay_monthly_6,6,45.09,49.55,2004,2025-07-14,defaulted
2451,1110,45,pay_in_4,4,432.14,432.14,0,2026-04-22,paid_off
2452,1110,37,pay_in_3,3,121.78,121.78,0,2025-06-12,paid_off
2453,1111,16,pay_in_4,4,1858.93,1858.93,0,2026-01-21,paid_off
2454,1111,17,pay_monthly_6,6,1223.06,1367.21,2390,2025-10-17,paid_off
2455,1111,13,pay_monthly_12,12,616.40,817.88,3314,2025-07-17,active
2456,1111,28,pay_monthly_12,12,580.93,710.65,2264,2026-06-14,active
2457,1111,8,pay_in_4,4,41.22,41.22,0,2025-12-23,paid_off
2458,1111,19,pay_in_3,3,1264.23,1264.23,0,2025-07-15,paid_off
2459,1111,56,pay_in_4,4,41.57,41.57,0,2025-01-19,paid_off
2460,1112,25,pay_monthly_12,12,780.51,971.12,2476,2026-06-02,active
2461,1113,19,pay_in_3,3,1094.36,1094.36,0,2026-06-11,delinquent
2462,1115,32,pay_in_4,4,622.07,622.07,0,2026-03-21,paid_off
2463,1115,5,pay_monthly_6,6,383.75,423.87,2120,2025-12-08,delinquent
2464,1115,3,pay_in_4,4,698.36,698.36,0,2025-09-15,paid_off
2465,1115,19,pay_monthly_12,12,1153.76,1505.73,3093,2025-11-01,active
2466,1116,55,pay_monthly_6,6,68.68,76.18,2214,2025-11-27,paid_off
2467,1116,50,pay_in_4,4,87.65,87.65,0,2026-01-02,paid_off
2468,1116,2,pay_monthly_12,12,304.79,405.32,3344,2026-01-17,active
2469,1116,18,pay_in_4,4,406.22,406.22,0,2026-05-16,active
2470,1118,55,pay_in_4,4,141.18,141.18,0,2026-01-07,defaulted
2471,1118,54,pay_monthly_12,12,101.68,125.21,2346,2026-04-27,active
2472,1118,8,pay_monthly_12,12,411.65,504.55,2288,2025-11-11,delinquent
2473,1119,14,pay_in_4,4,598.93,598.93,0,2026-03-28,paid_off
2474,1120,18,pay_in_3,3,401.11,401.11,0,2025-10-06,paid_off
2475,1120,50,pay_monthly_6,6,132.08,144.41,1893,2026-01-25,active
2476,1120,49,pay_in_3,3,163.36,163.36,0,2026-03-15,paid_off
2477,1120,56,pay_in_4,4,141.42,141.42,0,2026-03-08,paid_off
2478,1120,24,pay_monthly_6,6,1209.47,1345.70,2284,2025-07-19,paid_off
2479,1121,22,pay_in_4,4,850.00,850.00,0,2025-11-09,defaulted
2480,1121,54,pay_monthly_6,6,108.07,117.74,1815,2025-10-17,defaulted
2481,1121,23,pay_monthly_6,6,850.00,948.21,2343,2025-08-27,delinquent
2482,1121,28,pay_in_3,3,388.45,388.45,0,2026-06-04,active
2483,1121,31,pay_monthly_6,6,588.31,642.33,1862,2026-06-04,defaulted
2484,1123,30,pay_in_4,4,561.20,561.20,0,2026-03-24,defaulted
2485,1123,45,pay_monthly_12,12,260.49,335.43,2917,2025-10-23,delinquent
2486,1123,18,pay_monthly_6,6,656.13,724.47,2112,2026-04-05,active
2487,1124,19,pay_in_4,4,364.38,364.38,0,2025-05-05,paid_off
2488,1124,11,pay_in_3,3,355.87,355.87,0,2026-06-10,delinquent
2489,1124,2,pay_monthly_6,6,341.61,382.43,2423,2026-04-17,defaulted
2490,1124,16,pay_in_4,4,1000.00,1000.00,0,2026-01-11,paid_off
2491,1125,19,pay_in_4,4,320.93,320.93,0,2026-04-28,active
2492,1126,7,pay_monthly_6,6,370.11,408.18,2086,2026-04-19,active
2493,1127,10,pay_in_3,3,324.03,324.03,0,2025-06-30,paid_off
2494,1127,14,pay_in_4,4,581.62,581.62,0,2026-06-09,active
2495,1127,27,pay_in_4,4,961.55,961.55,0,2026-04-28,active
2496,1127,12,pay_in_4,4,663.61,663.61,0,2025-11-23,paid_off
2497,1127,25,pay_in_4,4,1012.90,1012.90,0,2025-07-02,defaulted
2498,1129,8,pay_in_4,4,559.79,559.79,0,2026-05-01,active
2499,1129,39,pay_in_4,4,153.23,153.23,0,2026-06-05,active
2500,1129,26,pay_in_4,4,708.97,708.97,0,2026-04-16,paid_off
2501,1130,9,pay_monthly_12,12,734.68,971.92,3274,2026-04-11,active
2502,1130,47,pay_in_4,4,1037.74,1037.74,0,2026-06-14,active
2503,1130,50,pay_in_4,4,115.30,115.30,0,2025-08-23,defaulted
2504,1130,8,pay_in_4,4,192.74,192.74,0,2026-04-02,paid_off
2505,1130,25,pay_monthly_6,6,519.09,584.19,2543,2025-11-03,paid_off
2506,1130,7,pay_monthly_12,12,323.01,387.84,2035,2026-06-05,active
2507,1130,41,pay_in_3,3,166.18,166.18,0,2026-01-12,paid_off
2508,1131,36,pay_in_4,4,94.60,94.60,0,2025-06-12,paid_off
2509,1131,19,pay_in_4,4,1036.54,1036.54,0,2025-12-17,paid_off
2510,1131,23,pay_in_4,4,686.47,686.47,0,2025-09-08,paid_off
2511,1131,32,pay_in_3,3,211.18,211.18,0,2025-08-10,paid_off
2512,1132,32,pay_monthly_12,12,688.87,884.28,2876,2025-11-11,active
2513,1134,13,pay_in_4,4,565.82,565.82,0,2025-08-04,paid_off
2514,1134,25,pay_in_3,3,1375.69,1375.69,0,2025-12-06,paid_off
2515,1134,34,pay_in_3,3,569.07,569.07,0,2026-02-26,paid_off
2516,1134,14,pay_monthly_12,12,318.24,383.84,2090,2025-11-06,active
2517,1135,37,pay_in_4,4,356.20,356.20,0,2025-10-22,paid_off
2518,1135,47,pay_in_4,4,225.36,225.36,0,2026-02-01,paid_off
2519,1135,2,pay_in_4,4,333.59,333.59,0,2026-02-05,paid_off
2520,1135,23,pay_monthly_12,12,1511.64,1891.38,2547,2025-11-16,active
2521,1135,5,pay_in_4,4,464.25,464.25,0,2026-02-21,paid_off
2522,1138,40,pay_in_4,4,142.45,142.45,0,2026-03-08,delinquent
2523,1140,51,pay_monthly_6,6,37.67,41.22,1913,2025-10-22,paid_off
2524,1140,32,pay_in_3,3,600.35,600.35,0,2025-12-04,paid_off
2525,1140,41,pay_in_4,4,99.10,99.10,0,2025-07-24,paid_off
2526,1143,16,pay_in_4,4,712.54,712.54,0,2026-05-24,active
2527,1145,32,pay_in_3,3,195.02,195.02,0,2026-01-14,paid_off
2528,1145,19,pay_in_3,3,802.36,802.36,0,2025-12-25,paid_off
2529,1147,56,pay_in_3,3,60.19,60.19,0,2026-03-16,paid_off
2530,1149,11,pay_monthly_6,6,715.04,800.16,2414,2026-05-01,active
2531,1150,17,pay_in_3,3,1150.00,1150.00,0,2026-06-09,active
2532,1151,36,pay_in_4,4,166.20,166.20,0,2025-07-28,paid_off
2533,1151,38,pay_in_4,4,139.55,139.55,0,2026-04-10,paid_off
2534,1153,34,pay_in_4,4,506.95,506.95,0,2026-05-22,active
2535,1153,26,pay_in_4,4,463.60,463.60,0,2025-10-06,delinquent
2536,1154,45,pay_in_4,4,316.59,316.59,0,2025-08-23,delinquent
2537,1154,41,pay_monthly_6,6,139.80,153.99,2058,2025-07-19,delinquent
2538,1155,41,pay_in_3,3,179.68,179.68,0,2026-06-08,active
2539,1155,39,pay_in_3,3,186.72,186.72,0,2026-05-06,active
2540,1156,49,pay_in_4,4,399.48,399.48,0,2026-02-26,paid_off
2541,1156,13,pay_in_4,4,851.87,851.87,0,2025-01-01,paid_off
2542,1156,47,pay_in_4,4,316.70,316.70,0,2026-01-12,paid_off
2543,1156,9,pay_in_3,3,428.04,428.04,0,2025-06-12,paid_off
2544,1156,54,pay_in_4,4,89.94,89.94,0,2025-11-10,paid_off
2545,1159,27,pay_in_3,3,260.58,260.58,0,2026-04-06,defaulted
2546,1159,1,pay_in_4,4,211.72,211.72,0,2026-04-23,paid_off
2547,1160,15,pay_monthly_6,6,442.13,494.87,2419,2026-01-12,active
2548,1160,8,pay_monthly_12,12,212.52,264.21,2466,2026-05-09,active
2549,1161,24,pay_in_4,4,500.00,500.00,0,2025-10-15,defaulted
2550,1161,50,pay_in_4,4,154.43,154.43,0,2026-04-18,paid_off
2551,1161,42,pay_in_4,4,127.28,127.28,0,2025-12-18,paid_off
2552,1161,21,pay_in_4,4,500.00,500.00,0,2025-06-24,paid_off
2553,1161,23,pay_in_4,4,500.00,500.00,0,2025-04-04,defaulted
2554,1162,24,pay_in_4,4,611.24,611.24,0,2025-05-17,paid_off
2555,1162,52,pay_monthly_6,6,52.94,59.50,2513,2026-01-08,active
2556,1162,5,pay_in_4,4,579.69,579.69,0,2026-03-08,paid_off
2557,1162,3,pay_monthly_6,6,211.61,229.72,1735,2026-04-03,active
2558,1164,2,pay_in_4,4,832.66,832.66,0,2026-05-06,active
2559,1164,43,pay_in_3,3,331.60,331.60,0,2026-03-15,paid_off
2560,1165,6,pay_in_4,4,193.64,193.64,0,2026-04-06,paid_off
2561,1165,32,pay_monthly_12,12,464.55,557.65,2032,2025-09-06,delinquent
2562,1165,45,pay_in_4,4,252.12,252.12,0,2026-04-13,defaulted
2563,1165,30,pay_in_4,4,253.35,253.35,0,2026-03-11,paid_off
2564,1166,43,pay_monthly_6,6,121.73,131.83,1683,2026-04-26,active
2565,1167,27,pay_in_4,4,1081.33,1081.33,0,2026-03-28,paid_off
2566,1168,42,pay_monthly_6,6,390.22,433.04,2225,2026-05-03,active
2567,1168,5,pay_in_4,4,167.79,167.79,0,2026-05-17,active
2568,1168,25,pay_in_4,4,671.79,671.79,0,2025-09-03,paid_off
2569,1169,5,pay_in_4,4,230.75,230.75,0,2026-02-05,paid_off
2570,1169,15,pay_monthly_6,6,553.09,619.94,2451,2025-11-28,paid_off
2571,1169,41,pay_monthly_12,12,133.29,162.82,2246,2026-05-07,active
2572,1169,41,pay_in_3,3,134.61,134.61,0,2025-11-28,paid_off
2573,1170,25,pay_monthly_12,12,1172.59,1521.40,3016,2026-04-16,active
2574,1170,8,pay_in_4,4,262.96,262.96,0,2026-04-16,paid_off
2575,1171,22,pay_in_3,3,1604.29,1604.29,0,2025-08-03,paid_off
2576,1171,4,pay_in_4,4,439.10,439.10,0,2025-05-14,paid_off
2577,1171,38,pay_in_3,3,80.22,80.22,0,2025-03-25,paid_off
2578,1171,25,pay_in_4,4,637.37,637.37,0,2026-04-26,paid_off
2579,1171,17,pay_in_4,4,920.25,920.25,0,2026-01-12,paid_off
2580,1171,45,pay_in_3,3,174.97,174.97,0,2026-02-03,paid_off
2581,1172,49,pay_monthly_12,12,264.26,344.09,3063,2026-06-12,active
2582,1172,21,pay_monthly_6,6,951.03,1067.95,2493,2026-04-24,active
2583,1172,56,pay_monthly_6,6,152.75,167.95,2018,2026-02-26,active
2584,1172,26,pay_monthly_6,6,1815.79,2042.61,2533,2026-03-12,active
2585,1173,12,pay_in_4,4,346.28,346.28,0,2025-04-26,paid_off
2586,1173,25,pay_monthly_12,12,870.21,1073.11,2364,2026-02-05,active
2587,1173,25,pay_in_4,4,988.85,988.85,0,2026-03-21,paid_off
2588,1173,31,pay_in_4,4,440.20,440.20,0,2025-10-27,paid_off
2589,1176,6,pay_monthly_6,6,164.86,181.66,2066,2026-01-25,active
2590,1176,47,pay_in_4,4,469.85,469.85,0,2026-05-25,active
2591,1177,29,pay_in_3,3,480.04,480.04,0,2025-12-17,paid_off
2592,1177,1,pay_in_4,4,282.30,282.30,0,2025-09-23,paid_off
2593,1177,22,pay_monthly_6,6,731.68,785.98,1505,2026-03-10,active
2594,1177,12,pay_monthly_12,12,315.20,419.56,3357,2026-01-22,defaulted
2595,1177,36,pay_monthly_6,6,80.84,87.46,1660,2026-02-09,active
2596,1179,11,pay_in_3,3,512.16,512.16,0,2026-05-29,active
2597,1179,52,pay_in_4,4,96.59,96.59,0,2026-05-29,delinquent
2598,1179,33,pay_in_4,4,1071.98,1071.98,0,2026-05-29,active
2599,1181,21,pay_monthly_6,6,480.04,533.47,2257,2025-08-25,paid_off
2600,1181,18,pay_in_4,4,845.83,845.83,0,2026-01-05,paid_off
2601,1181,28,pay_in_4,4,399.39,399.39,0,2026-05-03,active
2602,1181,34,pay_in_4,4,858.96,858.96,0,2025-09-01,paid_off
2603,1181,9,pay_monthly_6,6,678.01,750.93,2181,2025-11-23,paid_off
2604,1182,18,pay_in_3,3,680.71,680.71,0,2025-09-03,paid_off
2605,1182,21,pay_in_4,4,655.86,655.86,0,2026-04-01,paid_off
2606,1183,20,pay_in_4,4,1434.17,1434.17,0,2025-02-04,paid_off
2607,1183,48,pay_in_4,4,191.35,191.35,0,2026-03-21,paid_off
2608,1183,30,pay_in_4,4,335.48,335.48,0,2026-03-17,paid_off
2609,1183,41,pay_in_4,4,157.58,157.58,0,2026-05-22,active
2610,1186,7,pay_in_4,4,655.16,655.16,0,2025-07-11,paid_off
2611,1186,42,pay_monthly_12,12,183.16,221.96,2148,2025-10-24,active
2612,1186,43,pay_in_3,3,198.63,198.63,0,2025-12-28,paid_off
2613,1186,3,pay_monthly_6,6,103.81,115.50,2284,2025-12-02,paid_off
2614,1186,17,pay_in_4,4,1432.31,1432.31,0,2025-08-11,paid_off
2615,1187,49,pay_monthly_6,6,241.11,271.92,2591,2025-10-01,paid_off
2616,1187,14,pay_in_3,3,1364.73,1364.73,0,2026-03-28,active
2617,1187,35,pay_in_4,4,243.85,243.85,0,2026-05-21,active
2618,1187,38,pay_in_4,4,149.32,149.32,0,2025-11-16,paid_off
2619,1187,17,pay_in_3,3,1865.97,1865.97,0,2026-02-04,paid_off
2620,1187,53,pay_in_4,4,93.26,93.26,0,2025-02-17,paid_off
2621,1190,23,pay_in_4,4,2350.00,2350.00,0,2026-05-12,active
2622,1191,2,pay_in_3,3,336.60,336.60,0,2025-03-04,delinquent
2623,1191,16,pay_in_4,4,351.91,351.91,0,2025-12-12,paid_off
2624,1191,5,pay_monthly_6,6,515.01,573.68,2310,2025-01-04,paid_off
2625,1191,54,pay_in_3,3,81.69,81.69,0,2025-02-16,paid_off
2626,1191,49,pay_monthly_6,6,566.31,638.78,2595,2025-03-28,paid_off
2627,1192,2,pay_in_4,4,195.58,195.58,0,2025-02-24,paid_off
2628,1192,23,pay_in_3,3,1913.42,1913.42,0,2026-05-23,active
2629,1192,14,pay_monthly_6,6,515.77,566.92,2011,2025-04-11,paid_off
2630,1192,46,pay_monthly_12,12,394.38,499.21,2695,2025-11-22,active
2631,1192,40,pay_in_4,4,105.84,105.84,0,2025-09-14,paid_off
2632,1192,56,pay_in_4,4,122.55,122.55,0,2026-03-05,paid_off
2633,1193,56,pay_monthly_6,6,39.93,44.12,2126,2025-07-03,paid_off
2634,1193,21,pay_monthly_6,6,445.30,488.65,1974,2025-11-03,paid_off
2635,1194,22,pay_in_4,4,573.84,573.84,0,2026-02-12,delinquent
2636,1194,14,pay_in_3,3,301.09,301.09,0,2025-04-26,paid_off
2637,1195,10,pay_in_4,4,832.49,832.49,0,2025-09-23,paid_off
2638,1195,45,pay_in_3,3,211.38,211.38,0,2026-03-24,delinquent
2639,1198,28,pay_in_4,4,578.02,578.02,0,2026-04-01,delinquent
2640,1198,11,pay_in_3,3,698.67,698.67,0,2025-06-19,paid_off
2641,1199,4,pay_monthly_6,6,216.21,241.67,2388,2026-05-14,active
2642,1200,52,pay_in_4,4,85.44,85.44,0,2026-03-24,paid_off
2643,1200,34,pay_monthly_12,12,235.81,299.63,2744,2026-04-26,delinquent
2644,1201,53,pay_in_4,4,126.60,126.60,0,2026-06-08,active
2645,1201,43,pay_in_4,4,202.51,202.51,0,2025-11-24,paid_off
2646,1202,44,pay_monthly_6,6,152.51,171.41,2513,2026-03-03,active
2647,1203,54,pay_monthly_12,12,161.81,213.37,3231,2026-06-15,active
2648,1203,14,pay_in_4,4,850.00,850.00,0,2026-04-27,defaulted
2649,1203,23,pay_in_3,3,850.00,850.00,0,2026-02-10,delinquent
2650,1204,40,pay_in_4,4,173.04,173.04,0,2026-01-15,paid_off
2651,1204,2,pay_in_4,4,305.65,305.65,0,2026-02-12,paid_off
2652,1204,41,pay_monthly_6,6,294.62,324.42,2051,2025-11-14,paid_off
2653,1205,10,pay_monthly_6,6,1234.97,1367.80,2181,2025-02-15,paid_off
2654,1205,32,pay_in_4,4,1019.54,1019.54,0,2026-02-01,paid_off
2655,1205,25,pay_in_4,4,1250.79,1250.79,0,2026-04-19,paid_off
2656,1206,8,pay_in_4,4,515.69,515.69,0,2025-11-16,paid_off
2657,1206,14,pay_in_4,4,1611.00,1611.00,0,2026-04-03,paid_off
2658,1207,24,pay_monthly_6,6,2492.11,2714.06,1806,2026-05-27,active
2659,1207,49,pay_in_4,4,373.50,373.50,0,2026-01-14,paid_off
2660,1207,25,pay_in_4,4,622.31,622.31,0,2026-06-01,active
2661,1210,41,pay_monthly_6,6,90.04,96.91,1548,2025-05-24,paid_off
2662,1210,18,pay_in_4,4,1052.90,1052.90,0,2025-09-13,paid_off
2663,1210,8,pay_in_4,4,498.15,498.15,0,2025-07-24,paid_off
2664,1212,47,pay_in_4,4,834.29,834.29,0,2025-04-19,paid_off
2665,1212,17,pay_monthly_6,6,583.61,655.76,2507,2025-04-18,paid_off
2666,1212,24,pay_monthly_12,12,1178.48,1441.98,2267,2026-02-21,defaulted
2667,1212,24,pay_monthly_6,6,1014.95,1110.65,1912,2025-10-22,paid_off
2668,1212,34,pay_monthly_6,6,254.29,274.63,1622,2025-05-25,paid_off
2669,1212,14,pay_in_4,4,829.39,829.39,0,2025-11-21,paid_off
2670,1213,50,pay_in_3,3,34.09,34.09,0,2026-05-09,defaulted
2671,1213,13,pay_in_4,4,442.04,442.04,0,2026-05-04,defaulted
2672,1215,3,pay_in_3,3,134.17,134.17,0,2026-04-27,active
2673,1215,33,pay_in_3,3,580.71,580.71,0,2026-06-08,active
2674,1215,56,pay_in_4,4,202.88,202.88,0,2025-07-27,paid_off
2675,1216,34,pay_in_3,3,474.70,474.70,0,2026-05-14,active
2676,1217,25,pay_in_3,3,968.29,968.29,0,2025-12-28,paid_off
2677,1217,13,pay_in_4,4,782.51,782.51,0,2026-04-12,paid_off
2678,1217,28,pay_in_4,4,769.80,769.80,0,2025-12-20,paid_off
2679,1218,7,pay_in_4,4,621.93,621.93,0,2026-01-05,paid_off
2680,1218,7,pay_in_3,3,230.48,230.48,0,2026-04-28,active
2681,1218,28,pay_monthly_12,12,265.63,348.29,3155,2026-03-15,active
2682,1218,46,pay_in_3,3,247.10,247.10,0,2026-01-14,delinquent
2683,1219,29,pay_monthly_6,6,489.15,539.49,2087,2025-08-23,delinquent
2684,1219,1,pay_in_4,4,339.82,339.82,0,2026-05-16,active
2685,1219,44,pay_in_4,4,272.20,272.20,0,2025-08-12,delinquent
2686,1220,38,pay_in_3,3,172.79,172.79,0,2025-06-20,paid_off
2687,1220,5,pay_monthly_6,6,417.16,460.75,2119,2025-04-06,paid_off
2688,1220,40,pay_in_4,4,181.78,181.78,0,2026-04-18,paid_off
2689,1220,26,pay_in_4,4,481.24,481.24,0,2026-01-09,paid_off
2690,1220,56,pay_in_3,3,104.85,104.85,0,2025-09-06,paid_off
2691,1220,40,pay_in_4,4,65.48,65.48,0,2026-05-26,active
2692,1221,5,pay_monthly_6,6,171.12,191.27,2388,2026-05-05,defaulted
2693,1221,28,pay_in_4,4,605.60,605.60,0,2026-04-21,paid_off
2694,1221,28,pay_monthly_6,6,511.52,556.75,1793,2025-12-28,active
2695,1223,16,pay_monthly_6,6,658.55,729.93,2198,2026-05-31,active
2696,1224,26,pay_monthly_6,6,318.12,347.27,1858,2025-07-25,paid_off
2697,1224,16,pay_in_4,4,445.54,445.54,0,2026-02-23,paid_off
2698,1224,24,pay_in_4,4,520.96,520.96,0,2025-08-01,delinquent
2699,1225,6,pay_in_4,4,1065.09,1065.09,0,2025-11-28,paid_off
2700,1225,9,pay_in_4,4,295.07,295.07,0,2025-03-03,paid_off
2701,1225,23,pay_monthly_6,6,680.56,749.63,2058,2025-04-05,paid_off
2702,1225,47,pay_in_4,4,239.15,239.15,0,2026-01-18,paid_off
2703,1225,51,pay_in_3,3,71.74,71.74,0,2026-04-17,active
2704,1226,10,pay_in_4,4,384.92,384.92,0,2026-02-09,paid_off
2705,1226,42,pay_in_3,3,282.46,282.46,0,2026-06-04,active
2706,1228,5,pay_monthly_6,6,247.37,277.72,2488,2026-01-15,active
2707,1228,15,pay_in_4,4,716.89,716.89,0,2026-05-05,active
2708,1229,35,pay_monthly_6,6,298.41,330.26,2164,2026-04-12,delinquent
2709,1231,55,pay_in_4,4,37.73,37.73,0,2026-06-11,active
2710,1231,20,pay_in_3,3,1599.35,1599.35,0,2025-03-22,paid_off
2711,1231,48,pay_monthly_6,6,118.89,128.03,1559,2026-06-15,active
2712,1231,14,pay_monthly_6,6,298.49,326.97,1935,2025-03-22,paid_off
2713,1231,2,pay_in_4,4,142.56,142.56,0,2025-03-22,paid_off
2714,1233,27,pay_monthly_6,6,524.83,567.15,1635,2025-06-07,defaulted
2715,1233,19,pay_in_3,3,800.00,800.00,0,2026-02-24,paid_off
2716,1233,49,pay_in_4,4,381.98,381.98,0,2026-06-07,active
2717,1234,19,pay_monthly_6,6,620.96,672.62,1687,2025-09-17,delinquent
2718,1234,49,pay_monthly_6,6,314.51,349.97,2286,2026-01-04,active
2719,1234,54,pay_monthly_6,6,87.91,97.55,2224,2025-09-07,delinquent
2720,1234,54,pay_in_4,4,85.78,85.78,0,2026-04-21,paid_off
2721,1234,49,pay_in_3,3,288.76,288.76,0,2025-10-11,paid_off
2722,1235,56,pay_in_4,4,179.18,179.18,0,2026-04-26,paid_off
2723,1235,25,pay_in_4,4,1057.88,1057.88,0,2025-10-06,paid_off
2724,1235,26,pay_in_4,4,368.88,368.88,0,2025-12-04,paid_off
2725,1235,17,pay_in_4,4,1169.13,1169.13,0,2026-03-06,paid_off
2726,1235,10,pay_in_3,3,664.22,664.22,0,2025-10-12,paid_off
2727,1236,26,pay_in_4,4,387.47,387.47,0,2026-01-27,paid_off
2728,1236,49,pay_in_4,4,394.83,394.83,0,2026-02-24,paid_off
2729,1237,35,pay_in_4,4,47.97,47.97,0,2026-03-21,paid_off
2730,1237,13,pay_in_4,4,1082.77,1082.77,0,2025-12-28,defaulted
2731,1237,25,pay_in_3,3,726.88,726.88,0,2026-02-25,paid_off
2732,1238,39,pay_in_3,3,259.76,259.76,0,2025-12-06,paid_off
2733,1240,28,pay_in_4,4,1295.45,1295.45,0,2026-01-14,defaulted
2734,1241,33,pay_in_4,4,257.09,257.09,0,2026-03-10,paid_off
2735,1241,11,pay_monthly_12,12,257.44,328.03,2780,2026-05-10,active
2736,1242,13,pay_in_4,4,392.16,392.16,0,2026-02-23,paid_off
2737,1242,15,pay_in_4,4,455.51,455.51,0,2025-03-09,paid_off
2738,1242,30,pay_in_3,3,506.65,506.65,0,2025-02-18,paid_off
2739,1242,16,pay_in_3,3,611.62,611.62,0,2026-05-23,active
2740,1243,17,pay_in_4,4,736.05,736.05,0,2026-03-27,delinquent
2741,1244,10,pay_in_4,4,852.11,852.11,0,2026-04-12,paid_off
2742,1244,30,pay_in_3,3,468.97,468.97,0,2026-05-09,active
2743,1244,42,pay_in_3,3,448.00,448.00,0,2026-05-01,active
2744,1246,40,pay_in_4,4,80.09,80.09,0,2026-04-19,paid_off
2745,1246,19,pay_in_4,4,586.11,586.11,0,2026-02-01,paid_off
2746,1246,55,pay_in_4,4,117.19,117.19,0,2025-12-25,paid_off
2747,1247,46,pay_in_4,4,234.58,234.58,0,2025-03-27,paid_off
2748,1247,54,pay_monthly_6,6,72.60,78.61,1679,2026-02-19,active
2749,1247,46,pay_in_4,4,414.58,414.58,0,2025-03-12,paid_off
2750,1247,36,pay_monthly_12,12,92.06,120.63,3147,2025-02-22,paid_off
2751,1247,49,pay_in_4,4,96.79,96.79,0,2025-11-21,paid_off
2752,1247,6,pay_in_4,4,103.62,103.62,0,2026-05-15,active
2753,1248,45,pay_in_4,4,157.29,157.29,0,2026-05-09,active
2754,1249,53,pay_monthly_6,6,50.36,54.18,1539,2025-07-15,paid_off
2755,1249,49,pay_in_4,4,340.85,340.85,0,2025-07-27,paid_off
2756,1249,51,pay_in_3,3,141.25,141.25,0,2025-11-13,paid_off
2757,1249,45,pay_monthly_12,12,235.58,292.55,2452,2025-07-01,active
2758,1249,50,pay_in_4,4,164.00,164.00,0,2026-03-10,paid_off
2759,1250,30,pay_monthly_12,12,208.34,260.06,2517,2026-04-02,active
2760,1252,28,pay_in_4,4,673.72,673.72,0,2026-05-27,active
2761,1252,6,pay_monthly_6,6,420.47,472.64,2516,2026-04-07,active
2762,1253,15,pay_monthly_6,6,999.05,1092.27,1892,2025-10-24,paid_off
2763,1253,2,pay_in_4,4,469.08,469.08,0,2026-03-26,paid_off
2764,1253,12,pay_in_4,4,344.40,344.40,0,2025-10-06,paid_off
2765,1253,1,pay_in_4,4,774.01,774.01,0,2026-05-04,active
2766,1253,34,pay_in_4,4,839.44,839.44,0,2026-02-11,paid_off
2767,1253,33,pay_in_3,3,486.92,486.92,0,2026-06-04,active
2768,1254,43,pay_monthly_6,6,312.79,347.05,2221,2026-03-26,active
2769,1254,27,pay_in_4,4,428.00,428.00,0,2025-10-28,paid_off
2770,1254,23,pay_monthly_6,6,911.58,980.23,1527,2026-02-15,active
2771,1255,20,pay_monthly_12,12,1092.25,1370.84,2586,2026-04-27,active
2772,1255,39,pay_in_4,4,94.62,94.62,0,2025-12-09,paid_off
2773,1255,54,pay_monthly_6,6,181.28,194.85,1518,2026-01-06,active
2774,1256,28,pay_in_4,4,170.11,170.11,0,2026-04-18,paid_off
2775,1256,27,pay_monthly_6,6,1125.21,1263.27,2488,2026-03-20,active
2776,1257,23,pay_monthly_6,6,723.36,808.65,2391,2025-07-09,paid_off
2777,1257,30,pay_in_4,4,402.17,402.17,0,2025-09-28,paid_off
2778,1258,48,pay_in_4,4,175.65,175.65,0,2026-05-09,active
2779,1258,13,pay_monthly_6,6,733.11,808.56,2087,2025-06-23,paid_off
2780,1258,3,pay_in_4,4,192.34,192.34,0,2025-05-23,paid_off
2781,1258,22,pay_in_4,4,837.52,837.52,0,2026-05-05,active
2782,1260,6,pay_monthly_6,6,681.53,751.24,2074,2025-10-03,paid_off
2783,1260,47,pay_monthly_6,6,200.69,222.14,2167,2026-04-14,active
2784,1260,52,pay_monthly_6,6,49.88,56.17,2558,2026-01-02,active
2785,1260,53,pay_monthly_6,6,111.18,121.48,1878,2025-10-24,paid_off
2786,1260,39,pay_monthly_6,6,50.52,55.98,2193,2025-04-25,paid_off
2787,1261,52,pay_in_3,3,71.29,71.29,0,2025-12-21,paid_off
2788,1261,17,pay_monthly_6,6,1078.69,1181.46,1932,2026-03-25,active
2789,1261,50,pay_in_4,4,91.45,91.45,0,2026-02-03,paid_off
2790,1263,13,pay_monthly_6,6,677.91,733.34,1658,2026-02-12,delinquent
2791,1265,43,pay_in_3,3,111.23,111.23,0,2026-06-10,active
2792,1265,48,pay_in_4,4,395.69,395.69,0,2025-11-08,paid_off
2793,1265,46,pay_in_4,4,417.94,417.94,0,2026-03-10,paid_off
2794,1265,27,pay_monthly_6,6,289.40,318.43,2034,2025-11-18,paid_off
2795,1266,39,pay_in_3,3,144.73,144.73,0,2026-04-06,active
2796,1266,2,pay_in_4,4,174.22,174.22,0,2026-05-28,active
2797,1266,3,pay_in_4,4,238.61,238.61,0,2026-04-23,paid_off
2798,1268,3,pay_in_4,4,362.91,362.91,0,2026-02-03,paid_off
2799,1268,50,pay_in_4,4,263.67,263.67,0,2026-04-15,delinquent
2800,1268,22,pay_monthly_6,6,577.45,635.69,2045,2025-12-15,paid_off
2801,1269,39,pay_in_3,3,135.48,135.48,0,2026-01-27,paid_off
2802,1269,41,pay_in_4,4,111.74,111.74,0,2025-09-08,delinquent
2803,1269,6,pay_in_3,3,269.36,269.36,0,2026-06-04,active
2804,1269,47,pay_in_4,4,141.23,141.23,0,2025-04-17,paid_off
2805,1269,15,pay_in_4,4,655.53,655.53,0,2026-05-19,active
2806,1273,5,pay_monthly_6,6,165.02,185.80,2553,2025-05-24,paid_off
2807,1273,9,pay_in_4,4,559.22,559.22,0,2025-06-02,paid_off
2808,1273,55,pay_monthly_6,6,55.86,61.00,1866,2025-08-09,paid_off
2809,1274,30,pay_in_4,4,416.60,416.60,0,2025-07-09,delinquent
2810,1274,48,pay_in_4,4,99.53,99.53,0,2026-06-10,active
2811,1274,30,pay_monthly_12,12,1700.00,2255.66,3314,2026-01-12,defaulted
2812,1274,32,pay_in_3,3,233.44,233.44,0,2025-09-22,paid_off
2813,1274,35,pay_in_3,3,120.79,120.79,0,2026-05-10,active
2814,1276,31,pay_in_3,3,343.94,343.94,0,2025-12-07,paid_off
2815,1276,29,pay_in_3,3,274.10,274.10,0,2026-04-02,active
2816,1276,18,pay_monthly_12,12,842.21,1092.82,3017,2025-10-17,active
2817,1276,38,pay_monthly_12,12,154.54,196.43,2748,2025-09-27,active
2818,1277,34,pay_in_3,3,866.34,866.34,0,2026-05-07,defaulted
2819,1278,55,pay_in_4,4,226.81,226.81,0,2025-03-03,paid_off
2820,1278,25,pay_monthly_12,12,497.07,620.22,2512,2025-03-28,paid_off
2821,1279,50,pay_in_3,3,187.14,187.14,0,2026-06-08,active
2822,1279,44,pay_monthly_12,12,185.87,231.72,2501,2026-05-02,active
2823,1281,25,pay_in_3,3,829.88,829.88,0,2026-01-12,paid_off
2824,1282,7,pay_in_4,4,426.14,426.14,0,2025-07-20,delinquent
2825,1282,26,pay_in_4,4,347.90,347.90,0,2025-11-23,paid_off
2826,1282,19,pay_in_4,4,3923.07,3923.07,0,2025-06-19,paid_off
2827,1282,35,pay_monthly_12,12,170.37,205.20,2073,2026-02-11,delinquent
2828,1284,36,pay_in_4,4,150.37,150.37,0,2026-03-03,paid_off
2829,1286,4,pay_monthly_6,6,569.48,625.76,2004,2025-10-06,paid_off
2830,1286,34,pay_in_4,4,548.19,548.19,0,2025-10-21,paid_off
2831,1286,12,pay_in_3,3,1423.04,1423.04,0,2025-03-11,paid_off
2832,1291,45,pay_monthly_12,12,565.77,738.70,3099,2026-01-14,active
2833,1291,27,pay_monthly_12,12,355.25,463.97,3103,2026-04-07,active
2834,1291,22,pay_in_4,4,302.39,302.39,0,2025-10-28,paid_off
2835,1292,34,pay_in_3,3,648.73,648.73,0,2026-05-21,defaulted
2836,1292,44,pay_monthly_6,6,691.63,760.56,2021,2026-02-20,active
2837,1293,12,pay_monthly_6,6,518.49,584.08,2565,2026-04-03,active
2838,1293,23,pay_in_3,3,1476.95,1476.95,0,2025-02-12,paid_off
2839,1294,27,pay_in_3,3,681.55,681.55,0,2025-07-23,paid_off
2840,1295,16,pay_monthly_6,6,705.17,779.17,2128,2026-01-09,active
2841,1295,53,pay_monthly_6,6,67.73,75.82,2422,2026-05-09,active
2842,1297,14,pay_monthly_6,6,757.43,828.10,1892,2026-06-10,active
2843,1298,23,pay_in_3,3,1099.61,1099.61,0,2026-01-13,paid_off
2844,1299,46,pay_in_4,4,336.08,336.08,0,2025-11-24,paid_off
2845,1299,24,pay_in_4,4,549.71,549.71,0,2026-05-09,delinquent
2846,1299,36,pay_monthly_12,12,56.94,70.68,2446,2026-05-09,active
2847,1299,11,pay_in_4,4,1189.23,1189.23,0,2026-05-25,delinquent
2848,1299,15,pay_in_4,4,872.73,872.73,0,2025-11-09,paid_off
2849,1300,17,pay_in_4,4,589.38,589.38,0,2025-02-27,paid_off
2850,1300,51,pay_in_3,3,115.87,115.87,0,2025-07-21,defaulted
2851,1300,33,pay_in_3,3,286.83,286.83,0,2026-03-12,paid_off
2852,1300,50,pay_in_4,4,161.03,161.03,0,2025-09-23,paid_off
2853,1301,8,pay_in_4,4,437.34,437.34,0,2026-06-03,active
2854,1301,30,pay_monthly_6,6,263.26,285.24,1693,2026-05-13,active
2855,1301,50,pay_in_4,4,76.81,76.81,0,2025-12-23,paid_off
2856,1303,53,pay_in_4,4,157.19,157.19,0,2026-05-02,active
2857,1303,17,pay_monthly_12,12,384.11,511.48,3362,2026-04-10,active
2858,1303,30,pay_in_4,4,385.01,385.01,0,2026-05-02,active
2859,1304,20,pay_in_3,3,589.04,589.04,0,2026-06-07,active
2860,1304,2,pay_in_4,4,171.06,171.06,0,2025-11-02,paid_off
2861,1304,6,pay_in_4,4,177.17,177.17,0,2026-04-23,paid_off
2862,1306,30,pay_monthly_12,12,1000.00,1197.36,2001,2026-01-07,active
2863,1306,35,pay_monthly_12,12,150.93,181.25,2037,2025-12-27,active
2864,1307,26,pay_in_4,4,1059.55,1059.55,0,2026-03-08,paid_off
2865,1307,37,pay_in_3,3,134.17,134.17,0,2026-04-06,active
2866,1307,4,pay_in_4,4,245.45,245.45,0,2025-12-20,paid_off
2867,1307,48,pay_in_4,4,167.72,167.72,0,2025-09-24,paid_off
2868,1308,34,pay_in_3,3,314.70,314.70,0,2026-05-15,active
2869,1309,25,pay_in_3,3,1411.41,1411.41,0,2026-04-25,active
2870,1309,5,pay_in_4,4,103.91,103.91,0,2025-11-07,paid_off
2871,1309,32,pay_in_3,3,195.23,195.23,0,2026-05-18,active
2872,1309,1,pay_in_3,3,192.46,192.46,0,2025-08-22,paid_off
2873,1312,35,pay_monthly_12,12,128.02,156.80,2279,2026-05-14,active
2874,1312,18,pay_in_4,4,832.72,832.72,0,2026-01-23,paid_off
2875,1312,55,pay_monthly_12,12,76.80,95.52,2471,2026-03-01,active
2876,1313,54,pay_in_4,4,74.22,74.22,0,2026-03-15,paid_off
2877,1314,26,pay_in_4,4,698.31,698.31,0,2026-05-25,active
2878,1314,16,pay_in_3,3,862.77,862.77,0,2026-05-14,active
2879,1316,1,pay_in_4,4,327.60,327.60,0,2026-06-14,active
2880,1316,16,pay_in_4,4,576.70,576.70,0,2026-04-11,paid_off
2881,1316,7,pay_monthly_6,6,236.57,256.51,1709,2025-08-12,paid_off
2882,1320,10,pay_monthly_6,6,555.24,609.78,1992,2025-11-24,paid_off
2883,1320,40,pay_in_4,4,93.90,93.90,0,2026-05-09,active
2884,1322,42,pay_monthly_12,12,384.90,497.19,2958,2026-04-27,active
2885,1324,49,pay_in_4,4,255.34,255.34,0,2026-03-06,paid_off
2886,1324,46,pay_monthly_6,6,240.13,270.35,2552,2026-02-13,active
2887,1325,43,pay_in_4,4,403.11,403.11,0,2026-03-05,paid_off
2888,1326,29,pay_in_4,4,369.23,369.23,0,2025-07-23,paid_off
2889,1326,35,pay_in_4,4,83.40,83.40,0,2025-12-19,paid_off
2890,1327,50,pay_in_4,4,228.34,228.34,0,2025-08-11,delinquent
2891,1328,45,pay_in_3,3,114.57,114.57,0,2025-08-26,paid_off
2892,1328,4,pay_in_4,4,342.04,342.04,0,2025-09-27,paid_off
2893,1328,12,pay_monthly_6,6,474.16,517.09,1836,2026-05-22,active
2894,1329,41,pay_monthly_12,12,215.38,270.40,2590,2026-05-14,active
2895,1330,20,pay_in_4,4,268.74,268.74,0,2025-11-06,paid_off
2896,1330,16,pay_in_4,4,455.33,455.33,0,2026-01-24,paid_off
2897,1330,35,pay_monthly_6,6,151.10,163.24,1629,2025-07-02,paid_off
2898,1330,47,pay_in_3,3,352.06,352.06,0,2025-09-27,paid_off
2899,1331,26,pay_in_4,4,576.36,576.36,0,2025-12-05,paid_off
2900,1331,12,pay_in_3,3,609.92,609.92,0,2025-08-11,paid_off
2901,1331,37,pay_monthly_12,12,130.08,167.04,2881,2025-05-28,paid_off
2902,1331,9,pay_monthly_6,6,810.09,898.58,2215,2025-11-17,paid_off
2903,1332,13,pay_in_4,4,183.89,183.89,0,2026-05-17,active
2904,1332,35,pay_monthly_6,6,112.71,125.12,2232,2026-05-03,active
2905,1333,39,pay_monthly_6,6,59.49,65.63,2094,2026-01-18,active
2906,1333,37,pay_in_4,4,205.09,205.09,0,2025-12-12,paid_off
2907,1333,14,pay_in_4,4,586.61,586.61,0,2026-05-04,active
2908,1334,20,pay_in_4,4,2434.02,2434.02,0,2025-10-12,paid_off
2909,1335,22,pay_monthly_6,6,1781.03,1952.65,1954,2025-09-14,paid_off
2910,1335,42,pay_monthly_12,12,116.77,140.96,2100,2025-10-14,active
2911,1335,28,pay_in_4,4,685.78,685.78,0,2025-10-13,paid_off
2912,1336,45,pay_in_4,4,350.78,350.78,0,2025-10-10,paid_off
2913,1338,31,pay_in_4,4,1651.80,1651.80,0,2025-06-02,delinquent
2914,1338,35,pay_in_4,4,432.96,432.96,0,2025-09-17,defaulted
2915,1339,50,pay_in_4,4,40.49,40.49,0,2026-03-21,paid_off
2916,1339,13,pay_monthly_6,6,998.80,1094.21,1937,2025-12-27,active
2917,1339,24,pay_in_4,4,1886.11,1886.11,0,2025-06-15,paid_off
2918,1339,11,pay_in_4,4,2100.00,2100.00,0,2026-05-20,delinquent
2919,1339,9,pay_monthly_6,6,164.47,177.30,1582,2025-06-18,paid_off
2920,1340,38,pay_in_3,3,392.59,392.59,0,2026-01-16,paid_off
2921,1340,50,pay_in_4,4,79.86,79.86,0,2025-08-22,paid_off
2922,1340,54,pay_in_4,4,125.66,125.66,0,2026-01-04,delinquent
2923,1340,16,pay_in_4,4,988.13,988.13,0,2026-05-18,active
2924,1341,34,pay_in_4,4,851.24,851.24,0,2026-04-17,paid_off
2925,1341,50,pay_in_4,4,103.64,103.64,0,2026-01-05,paid_off
2926,1341,42,pay_monthly_6,6,61.80,67.30,1806,2025-08-22,paid_off
2927,1342,24,pay_in_4,4,1162.05,1162.05,0,2026-05-19,active
2928,1342,25,pay_monthly_12,12,1141.99,1417.04,2442,2025-03-20,paid_off
2929,1342,8,pay_in_4,4,309.99,309.99,0,2025-03-20,paid_off
2930,1343,16,pay_monthly_6,6,402.45,433.63,1571,2025-12-21,paid_off
2931,1343,39,pay_in_4,4,119.05,119.05,0,2026-04-24,paid_off
2932,1343,49,pay_monthly_6,6,267.27,299.55,2449,2025-08-24,paid_off
2933,1343,28,pay_monthly_12,12,419.11,516.29,2351,2026-04-07,active
2934,1343,37,pay_in_4,4,74.42,74.42,0,2025-09-14,paid_off
2935,1343,31,pay_in_3,3,1181.89,1181.89,0,2026-05-18,active
2936,1343,16,pay_in_4,4,914.81,914.81,0,2025-12-08,paid_off
2937,1344,22,pay_in_4,4,747.66,747.66,0,2025-11-03,paid_off
2938,1344,21,pay_monthly_6,6,800.00,878.94,2001,2025-09-06,paid_off
2939,1344,20,pay_in_4,4,800.00,800.00,0,2025-10-21,paid_off
2940,1346,3,pay_monthly_6,6,180.04,193.90,1561,2026-04-20,active
2941,1346,37,pay_monthly_12,12,179.00,235.58,3205,2026-03-16,active
2942,1349,40,pay_in_4,4,108.94,108.94,0,2025-10-19,paid_off
2943,1349,51,pay_in_3,3,170.83,170.83,0,2026-02-24,paid_off
2944,1349,11,pay_in_4,4,760.43,760.43,0,2025-08-27,paid_off
2945,1350,52,pay_in_4,4,185.20,185.20,0,2026-02-18,paid_off
2946,1350,26,pay_in_4,4,369.17,369.17,0,2026-03-25,paid_off
2947,1351,4,pay_in_4,4,402.98,402.98,0,2025-02-23,paid_off
2948,1351,46,pay_monthly_6,6,531.28,579.93,1857,2025-10-21,paid_off
2949,1352,4,pay_monthly_6,6,460.24,515.33,2427,2025-09-17,paid_off
2950,1353,6,pay_monthly_6,6,369.27,414.29,2472,2026-04-27,active
2951,1356,22,pay_in_3,3,1416.85,1416.85,0,2026-02-01,paid_off
2952,1356,1,pay_monthly_6,6,109.23,118.55,1730,2026-05-24,active
2953,1357,55,pay_monthly_12,12,74.49,93.46,2582,2026-01-04,active
2954,1357,15,pay_monthly_6,6,877.25,944.05,1544,2026-01-25,active
2955,1358,3,pay_in_4,4,882.09,882.09,0,2026-06-12,active
2956,1359,21,pay_in_4,4,824.89,824.89,0,2025-01-17,delinquent
2957,1359,46,pay_monthly_12,12,135.93,175.17,2927,2025-06-24,paid_off
2958,1359,10,pay_in_4,4,946.80,946.80,0,2025-08-14,paid_off
2959,1360,5,pay_in_4,4,175.12,175.12,0,2026-05-27,active
2960,1361,49,pay_in_4,4,419.50,419.50,0,2025-05-15,delinquent
2961,1362,24,pay_in_4,4,1574.04,1574.04,0,2025-12-04,paid_off
2962,1362,12,pay_monthly_12,12,1045.54,1379.35,3237,2025-07-03,active
2963,1362,54,pay_monthly_6,6,45.19,50.96,2591,2026-01-23,active
2964,1362,53,pay_monthly_6,6,109.02,118.35,1735,2025-09-21,paid_off
2965,1363,15,pay_in_3,3,1036.31,1036.31,0,2026-05-16,active
2966,1363,25,pay_in_4,4,850.54,850.54,0,2026-06-02,active
2967,1363,18,pay_in_3,3,649.22,649.22,0,2026-05-24,active
2968,1364,32,pay_in_4,4,601.42,601.42,0,2025-09-26,paid_off
2969,1364,54,pay_monthly_6,6,108.64,122.44,2575,2026-04-24,active
2970,1364,27,pay_in_3,3,1161.88,1161.88,0,2026-05-25,active
2971,1367,17,pay_in_4,4,1172.77,1172.77,0,2025-07-23,paid_off
2972,1367,3,pay_in_3,3,570.97,570.97,0,2025-12-28,paid_off
2973,1367,13,pay_in_4,4,510.93,510.93,0,2026-02-28,paid_off
2974,1367,17,pay_in_4,4,594.25,594.25,0,2025-06-06,paid_off
2975,1368,47,pay_monthly_6,6,230.80,259.61,2531,2026-02-12,active
2976,1368,22,pay_monthly_6,6,1185.74,1317.89,2260,2026-06-01,delinquent
2977,1370,41,pay_in_4,4,145.52,145.52,0,2025-06-12,paid_off
2978,1370,40,pay_monthly_6,6,116.28,126.51,1784,2025-04-25,paid_off
2979,1370,45,pay_monthly_6,6,317.35,357.92,2592,2026-05-22,active
2980,1372,37,pay_in_3,3,303.62,303.62,0,2025-12-09,paid_off
2981,1372,35,pay_in_4,4,308.92,308.92,0,2025-08-22,paid_off
2982,1372,17,pay_in_4,4,850.11,850.11,0,2026-01-13,paid_off
2983,1373,1,pay_in_4,4,219.68,219.68,0,2025-05-20,paid_off
2984,1373,21,pay_monthly_6,6,726.76,789.16,1741,2025-05-13,paid_off
2985,1374,43,pay_in_3,3,169.71,169.71,0,2025-11-02,delinquent
2986,1374,7,pay_in_4,4,407.76,407.76,0,2025-04-17,paid_off
2987,1374,40,pay_in_4,4,132.59,132.59,0,2026-02-20,paid_off
2988,1374,42,pay_in_4,4,153.06,153.06,0,2026-04-04,paid_off
2989,1375,14,pay_monthly_12,12,840.06,1027.56,2263,2026-05-25,active
2990,1375,44,pay_monthly_12,12,151.81,186.28,2302,2026-03-05,active
2991,1375,29,pay_monthly_6,6,379.83,415.53,1906,2026-05-04,active
2992,1376,39,pay_in_4,4,59.10,59.10,0,2026-05-25,active
2993,1376,42,pay_monthly_6,6,236.21,263.91,2378,2026-04-04,active
2994,1378,50,pay_in_4,4,54.61,54.61,0,2026-04-24,paid_off
2995,1378,33,pay_in_4,4,469.88,469.88,0,2026-01-18,paid_off
2996,1378,11,pay_in_4,4,954.55,954.55,0,2026-02-20,paid_off
2997,1378,44,pay_in_4,4,689.91,689.91,0,2026-04-06,paid_off
2998,1379,32,pay_in_3,3,600.00,600.00,0,2026-05-04,delinquent
2999,1381,9,pay_in_4,4,564.35,564.35,0,2026-06-02,active
3000,1382,41,pay_in_4,4,207.72,207.72,0,2025-10-12,paid_off
3001,1383,46,pay_in_4,4,364.70,364.70,0,2026-03-05,paid_off
3002,1384,1,pay_in_4,4,117.63,117.63,0,2025-10-17,paid_off
3003,1384,8,pay_monthly_6,6,116.74,129.22,2167,2026-01-26,active
3004,1384,28,pay_in_4,4,257.04,257.04,0,2026-02-18,paid_off
3005,1384,19,pay_in_4,4,1209.99,1209.99,0,2026-04-04,paid_off
3006,1385,30,pay_monthly_6,6,607.65,661.32,1791,2026-02-27,active
3007,1386,43,pay_in_3,3,146.43,146.43,0,2026-01-15,paid_off
3008,1386,53,pay_in_4,4,39.03,39.03,0,2025-03-16,paid_off
3009,1386,18,pay_monthly_6,6,338.22,372.05,2028,2025-05-04,paid_off
3010,1386,4,pay_in_4,4,480.20,480.20,0,2026-01-23,paid_off
3011,1388,1,pay_monthly_6,6,769.92,860.29,2380,2025-12-03,paid_off
3012,1388,26,pay_in_4,4,779.25,779.25,0,2025-10-10,paid_off
3013,1388,15,pay_in_3,3,676.75,676.75,0,2026-05-24,active
3014,1388,43,pay_in_3,3,176.42,176.42,0,2026-04-04,active
3015,1388,56,pay_in_4,4,113.87,113.87,0,2026-03-13,paid_off
3016,1389,19,pay_in_4,4,1188.76,1188.76,0,2026-05-13,active
3017,1389,31,pay_in_4,4,1174.23,1174.23,0,2026-04-23,paid_off
3018,1389,47,pay_in_4,4,207.35,207.35,0,2025-12-14,paid_off
3019,1389,7,pay_monthly_6,6,518.83,577.50,2293,2026-01-15,active
3020,1389,9,pay_in_3,3,841.57,841.57,0,2026-02-26,paid_off
3021,1391,47,pay_monthly_6,6,341.25,380.66,2342,2026-03-12,active
3022,1393,11,pay_in_4,4,611.55,611.55,0,2025-08-14,paid_off
3023,1393,18,pay_monthly_6,6,1744.15,1967.61,2598,2025-12-28,active
3024,1393,39,pay_monthly_12,12,96.29,124.05,2923,2025-09-15,active
3025,1393,16,pay_monthly_6,6,608.06,674.96,2231,2026-03-22,active
3026,1395,8,pay_in_4,4,381.99,381.99,0,2026-01-23,paid_off
3027,1397,40,pay_monthly_6,6,81.61,89.32,1915,2025-12-17,paid_off
3028,1397,9,pay_in_4,4,2029.16,2029.16,0,2026-06-05,active
3029,1397,22,pay_in_4,4,663.15,663.15,0,2026-01-09,paid_off
3030,1397,17,pay_in_4,4,1486.83,1486.83,0,2026-03-21,paid_off
3031,1400,53,pay_monthly_6,6,95.27,104.05,1868,2025-06-08,paid_off
3032,1400,43,pay_in_4,4,509.65,509.65,0,2026-06-04,active
3033,1400,37,pay_in_3,3,47.94,47.94,0,2026-02-04,paid_off
3034,1400,20,pay_in_3,3,1194.24,1194.24,0,2026-05-05,active
3035,1401,13,pay_in_4,4,1036.16,1036.16,0,2026-03-10,paid_off
3036,1401,40,pay_in_4,4,184.65,184.65,0,2025-06-20,paid_off
3037,1401,34,pay_in_4,4,592.99,592.99,0,2025-03-26,paid_off
3038,1403,33,pay_monthly_12,12,618.87,807.54,3091,2025-06-03,paid_off
3039,1403,54,pay_in_4,4,111.12,111.12,0,2026-04-19,paid_off
3040,1403,55,pay_in_3,3,117.30,117.30,0,2026-06-08,active
3041,1404,16,pay_in_3,3,850.00,850.00,0,2026-06-01,defaulted
3042,1406,47,pay_monthly_12,12,137.50,176.84,2901,2026-05-22,active
3043,1406,3,pay_monthly_6,6,596.73,649.79,1803,2026-02-02,active
3044,1407,53,pay_monthly_6,6,30.06,33.54,2345,2025-04-17,defaulted
3045,1407,17,pay_in_3,3,1288.11,1288.11,0,2025-07-20,paid_off
3046,1407,32,pay_in_4,4,258.87,258.87,0,2025-04-13,defaulted
3047,1407,29,pay_monthly_6,6,510.20,570.76,2407,2026-02-08,active
3048,1408,41,pay_in_4,4,140.53,140.53,0,2025-07-01,delinquent
3049,1408,16,pay_monthly_6,6,1600.00,1791.11,2422,2026-01-05,active
3050,1408,34,pay_in_4,4,365.64,365.64,0,2025-08-10,paid_off
3051,1408,11,pay_in_4,4,723.38,723.38,0,2026-05-25,defaulted
3052,1409,33,pay_in_4,4,372.74,372.74,0,2026-05-01,active
3053,1410,17,pay_in_4,4,709.49,709.49,0,2025-09-13,paid_off
3054,1410,11,pay_in_4,4,417.20,417.20,0,2025-08-23,defaulted
3055,1411,53,pay_monthly_12,12,78.89,104.89,3342,2026-05-10,active
3056,1411,3,pay_in_4,4,360.76,360.76,0,2026-05-13,active
3057,1412,22,pay_monthly_6,6,1546.12,1703.11,2059,2026-02-05,active
3058,1412,18,pay_in_4,4,929.33,929.33,0,2026-05-28,active
3059,1412,47,pay_in_3,3,202.77,202.77,0,2026-03-13,paid_off
3060,1413,10,pay_monthly_6,6,407.10,440.83,1680,2026-04-20,active
3061,1413,50,pay_in_4,4,139.29,139.29,0,2026-02-10,paid_off
3062,1413,22,pay_in_3,3,1204.24,1204.24,0,2025-09-28,paid_off
3063,1416,3,pay_in_4,4,347.86,347.86,0,2025-11-27,paid_off
3064,1416,15,pay_monthly_6,6,313.69,347.06,2157,2026-03-16,active
3065,1416,55,pay_in_4,4,55.33,55.33,0,2025-08-02,paid_off
3066,1416,50,pay_in_4,4,228.45,228.45,0,2026-04-23,paid_off
3067,1416,52,pay_in_4,4,133.77,133.77,0,2025-06-02,delinquent
3068,1419,35,pay_monthly_12,12,245.28,302.03,2346,2026-04-01,active
3069,1419,27,pay_monthly_6,6,1714.50,1914.21,2362,2026-05-08,active
3070,1419,53,pay_monthly_6,6,81.02,87.46,1613,2026-02-08,active
3071,1419,18,pay_in_4,4,744.18,744.18,0,2026-04-08,paid_off
3072,1420,54,pay_in_3,3,80.87,80.87,0,2025-10-07,paid_off
3073,1420,38,pay_in_3,3,113.88,113.88,0,2026-06-13,delinquent
3074,1421,10,pay_in_4,4,602.51,602.51,0,2026-03-04,paid_off
3075,1421,36,pay_in_4,4,51.91,51.91,0,2025-10-20,paid_off
3076,1421,19,pay_in_4,4,1188.52,1188.52,0,2025-12-20,paid_off
3077,1422,26,pay_monthly_6,6,760.04,838.68,2098,2026-02-27,active
3078,1422,7,pay_in_3,3,199.41,199.41,0,2026-02-14,paid_off
3079,1422,54,pay_monthly_12,12,45.77,59.54,3050,2026-06-13,active
3080,1423,28,pay_in_4,4,758.14,758.14,0,2025-11-09,paid_off
3081,1424,12,pay_in_3,3,270.20,270.20,0,2026-05-23,active
3082,1424,41,pay_in_4,4,271.83,271.83,0,2026-04-04,paid_off
3083,1424,46,pay_in_4,4,689.89,689.89,0,2026-04-17,paid_off
3084,1424,28,pay_in_4,4,363.48,363.48,0,2026-01-15,paid_off
3085,1425,20,pay_in_4,4,1504.48,1504.48,0,2025-10-27,paid_off
3086,1425,27,pay_monthly_6,6,1120.33,1226.52,1922,2025-10-10,paid_off
3087,1425,31,pay_monthly_12,12,445.84,572.57,2882,2026-01-12,active
3088,1426,37,pay_in_3,3,116.42,116.42,0,2026-02-23,paid_off
3089,1426,20,pay_in_3,3,1033.13,1033.13,0,2026-02-27,paid_off
3090,1427,47,pay_monthly_12,12,171.25,222.60,3040,2025-10-16,active
3091,1427,37,pay_monthly_12,12,102.75,127.58,2450,2026-01-16,active
3092,1428,26,pay_monthly_6,6,611.90,686.59,2475,2025-12-10,paid_off
3093,1428,43,pay_monthly_6,6,345.19,377.36,1890,2026-03-22,active
3094,1428,19,pay_in_3,3,455.21,455.21,0,2026-06-04,active
3095,1429,44,pay_in_4,4,372.50,372.50,0,2026-03-25,paid_off
3096,1430,52,pay_monthly_12,12,95.64,116.95,2259,2026-01-16,active
3097,1430,20,pay_monthly_6,6,2148.92,2358.54,1978,2026-06-15,delinquent
3098,1430,51,pay_in_4,4,106.68,106.68,0,2025-12-02,delinquent
3099,1432,40,pay_monthly_12,12,172.31,214.73,2496,2026-05-15,defaulted
3100,1432,7,pay_in_4,4,147.64,147.64,0,2025-12-23,paid_off
3101,1432,50,pay_in_3,3,57.67,57.67,0,2026-04-05,active
3102,1433,42,pay_in_4,4,213.33,213.33,0,2025-06-11,paid_off
3103,1433,4,pay_monthly_6,6,144.52,158.58,1973,2025-06-14,paid_off
3104,1433,35,pay_in_4,4,102.46,102.46,0,2025-06-11,paid_off
3105,1433,23,pay_monthly_6,6,1485.99,1598.04,1529,2026-03-06,delinquent
3106,1434,38,pay_in_4,4,102.34,102.34,0,2026-01-27,paid_off
3107,1435,24,pay_monthly_12,12,641.83,854.34,3357,2026-05-09,active
3108,1436,11,pay_in_3,3,1170.87,1170.87,0,2026-01-26,paid_off
3109,1436,8,pay_in_4,4,554.09,554.09,0,2026-02-03,paid_off
3110,1439,47,pay_in_4,4,392.32,392.32,0,2026-02-19,paid_off
3111,1439,48,pay_monthly_6,6,461.13,512.91,2277,2026-06-09,active
3112,1439,44,pay_in_4,4,160.46,160.46,0,2025-08-15,paid_off
3113,1439,1,pay_monthly_12,12,1093.73,1323.29,2128,2026-05-10,defaulted
3114,1439,35,pay_in_3,3,114.28,114.28,0,2025-07-09,paid_off
3115,1441,38,pay_in_4,4,118.45,118.45,0,2026-03-09,delinquent
3116,1441,51,pay_in_4,4,93.73,93.73,0,2026-05-17,active
3117,1441,38,pay_in_4,4,124.97,124.97,0,2026-03-13,defaulted
3118,1444,51,pay_in_3,3,97.40,97.40,0,2026-05-07,active
3119,1444,17,pay_in_4,4,2042.44,2042.44,0,2026-05-11,active
3120,1446,7,pay_in_4,4,248.09,248.09,0,2026-06-02,active
3121,1446,41,pay_monthly_6,6,217.83,241.18,2174,2025-04-21,paid_off
3122,1446,10,pay_in_4,4,425.84,425.84,0,2026-04-19,paid_off
3123,1446,49,pay_in_4,4,310.53,310.53,0,2025-12-09,paid_off
3124,1448,53,pay_monthly_6,6,141.97,155.28,1901,2026-06-05,active
3125,1448,21,pay_in_4,4,981.84,981.84,0,2026-01-14,paid_off
3126,1448,17,pay_in_3,3,917.37,917.37,0,2026-06-12,active
3127,1449,52,pay_in_4,4,76.88,76.88,0,2026-06-01,active
3128,1449,6,pay_in_4,4,321.56,321.56,0,2026-05-01,active
3129,1449,18,pay_in_4,4,1031.51,1031.51,0,2025-11-26,paid_off
3130,1449,1,pay_in_3,3,164.57,164.57,0,2026-01-01,paid_off
3131,1450,20,pay_in_4,4,1213.64,1213.64,0,2026-05-27,active
3132,1450,5,pay_monthly_6,6,320.59,344.45,1509,2025-08-06,paid_off
3133,1450,34,pay_in_4,4,880.72,880.72,0,2025-11-01,paid_off
3134,1450,3,pay_in_4,4,141.34,141.34,0,2026-04-26,paid_off
3135,1450,35,pay_monthly_6,6,54.63,59.98,1985,2025-09-16,paid_off
3136,1451,30,pay_in_4,4,926.07,926.07,0,2026-06-04,active
3137,1453,14,pay_in_4,4,347.54,347.54,0,2026-02-23,paid_off
3138,1453,8,pay_in_4,4,391.17,391.17,0,2026-06-08,active
3139,1453,26,pay_in_4,4,562.30,562.30,0,2026-05-02,active
3140,1453,23,pay_monthly_6,6,187.89,206.61,2020,2026-01-15,active
3141,1453,11,pay_in_4,4,285.16,285.16,0,2026-03-01,paid_off
3142,1454,34,pay_in_3,3,530.76,530.76,0,2026-06-14,active
3143,1454,15,pay_in_4,4,1231.71,1231.71,0,2026-05-25,active
3144,1454,44,pay_monthly_12,12,329.09,439.09,3389,2026-02-04,active
3145,1454,42,pay_in_4,4,227.68,227.68,0,2026-03-01,paid_off
3146,1457,15,pay_in_3,3,345.48,345.48,0,2025-11-28,paid_off
3147,1457,56,pay_monthly_6,6,81.49,87.52,1500,2025-08-04,paid_off
3148,1457,14,pay_in_4,4,1150.51,1150.51,0,2025-03-21,paid_off
3149,1457,15,pay_in_4,4,1008.73,1008.73,0,2025-10-06,paid_off
3150,1458,13,pay_in_3,3,1258.42,1258.42,0,2026-01-23,paid_off
3151,1458,16,pay_in_4,4,807.89,807.89,0,2026-04-05,paid_off
3152,1459,24,pay_in_4,4,1050.77,1050.77,0,2026-05-22,active
3153,1459,18,pay_monthly_12,12,714.40,902.67,2672,2026-02-02,active
3154,1461,8,pay_in_4,4,656.80,656.80,0,2025-10-02,paid_off
3155,1461,20,pay_in_4,4,536.13,536.13,0,2026-03-10,paid_off
3156,1461,47,pay_in_4,4,189.64,189.64,0,2026-04-17,paid_off
3157,1462,14,pay_monthly_12,12,505.50,606.71,2030,2025-10-10,active
3158,1462,27,pay_in_3,3,455.80,455.80,0,2025-05-05,paid_off
3159,1462,22,pay_monthly_12,12,2092.86,2723.26,3054,2025-12-19,active
3160,1462,50,pay_monthly_6,6,57.03,61.91,1734,2025-10-06,paid_off
3161,1462,45,pay_monthly_12,12,424.33,517.03,2215,2026-02-07,active
3162,1462,56,pay_in_4,4,169.93,169.93,0,2026-05-04,active
3163,1463,20,pay_in_4,4,755.90,755.90,0,2026-04-27,defaulted
3164,1463,13,pay_in_4,4,1350.00,1350.00,0,2026-01-16,delinquent
3165,1463,24,pay_in_3,3,1212.02,1212.02,0,2025-09-09,defaulted
3166,1464,8,pay_in_4,4,296.59,296.59,0,2025-08-16,paid_off
3167,1464,36,pay_in_4,4,117.36,117.36,0,2025-11-17,delinquent
3168,1465,51,pay_in_3,3,52.25,52.25,0,2026-05-05,active
3169,1465,31,pay_monthly_6,6,506.99,565.77,2351,2025-07-21,defaulted
3170,1465,55,pay_monthly_6,6,189.85,208.81,2025,2026-04-10,active
3171,1466,13,pay_in_4,4,610.34,610.34,0,2025-08-22,paid_off
3172,1466,47,pay_monthly_6,6,643.61,712.45,2169,2026-03-18,active
3173,1466,43,pay_monthly_6,6,467.50,503.33,1554,2026-03-14,active
3174,1466,8,pay_monthly_6,6,186.17,202.48,1777,2025-12-24,paid_off
3175,1467,50,pay_monthly_6,6,108.42,122.26,2589,2026-05-16,active
3176,1467,24,pay_monthly_6,6,880.81,970.29,2060,2025-10-26,paid_off
3177,1468,5,pay_in_4,4,389.62,389.62,0,2026-03-24,paid_off
3178,1468,54,pay_in_4,4,222.04,222.04,0,2026-03-13,paid_off
3179,1470,9,pay_in_4,4,537.46,537.46,0,2026-06-14,defaulted
3180,1470,15,pay_in_4,4,641.23,641.23,0,2026-05-21,active
3181,1471,1,pay_in_4,4,113.90,113.90,0,2026-05-07,defaulted
3182,1472,23,pay_in_4,4,2161.71,2161.71,0,2026-06-08,active
3183,1473,42,pay_in_4,4,101.10,101.10,0,2025-06-27,paid_off
3184,1473,22,pay_monthly_6,6,1830.58,2039.48,2314,2025-02-16,paid_off
3185,1473,6,pay_monthly_12,12,292.90,375.09,2845,2025-08-22,active
3186,1474,1,pay_monthly_6,6,624.91,679.03,1756,2025-06-01,paid_off
3187,1474,17,pay_monthly_6,6,349.01,378.84,1733,2026-04-19,defaulted
3188,1474,31,pay_monthly_6,6,1092.65,1221.49,2391,2026-05-10,active
3189,1474,49,pay_in_4,4,595.41,595.41,0,2025-04-22,paid_off
3190,1474,17,pay_in_4,4,935.93,935.93,0,2025-01-15,paid_off
3191,1476,25,pay_monthly_6,6,1043.31,1176.67,2592,2025-11-16,paid_off
3192,1476,30,pay_in_4,4,326.51,326.51,0,2026-01-14,paid_off
3193,1477,27,pay_monthly_12,12,157.19,197.33,2589,2025-08-25,defaulted
3194,1477,46,pay_in_3,3,408.66,408.66,0,2026-03-14,paid_off
3195,1478,3,pay_monthly_6,6,183.08,206.52,2596,2026-01-02,active
3196,1480,44,pay_monthly_12,12,128.25,167.34,3090,2026-05-17,active
3197,1481,41,pay_in_4,4,114.97,114.97,0,2026-03-23,delinquent
3198,1481,3,pay_in_3,3,210.37,210.37,0,2026-02-23,paid_off
3199,1482,9,pay_in_4,4,413.60,413.60,0,2026-02-06,paid_off
3200,1482,53,pay_in_4,4,116.33,116.33,0,2025-03-09,paid_off
3201,1482,49,pay_in_3,3,503.39,503.39,0,2026-01-28,delinquent
3202,1482,4,pay_in_4,4,436.42,436.42,0,2026-01-22,paid_off
3203,1482,3,pay_in_3,3,227.91,227.91,0,2025-12-12,paid_off
3204,1484,1,pay_monthly_6,6,338.06,379.41,2480,2025-08-23,paid_off
3205,1484,47,pay_monthly_6,6,325.36,363.84,2398,2025-05-18,paid_off
3206,1486,19,pay_monthly_6,6,2550.00,2745.92,1558,2026-04-14,active
3207,1486,23,pay_in_4,4,966.98,966.98,0,2026-01-05,paid_off
3208,1486,40,pay_in_4,4,84.45,84.45,0,2026-02-07,paid_off
3209,1487,34,pay_in_4,4,300.51,300.51,0,2026-05-10,active
3210,1489,1,pay_monthly_12,12,426.35,541.28,2733,2026-01-08,active
3211,1490,32,pay_monthly_6,6,535.82,585.39,1876,2025-09-01,paid_off
3212,1490,37,pay_in_4,4,99.48,99.48,0,2026-05-01,active
3213,1491,44,pay_in_4,4,341.86,341.86,0,2026-04-26,paid_off
3214,1491,55,pay_monthly_12,12,106.96,130.02,2186,2025-06-28,active
3215,1491,36,pay_in_4,4,66.96,66.96,0,2026-03-23,paid_off
3216,1491,50,pay_in_4,4,120.96,120.96,0,2025-05-16,paid_off
3217,1493,26,pay_in_3,3,638.06,638.06,0,2026-06-09,active
3218,1493,23,pay_monthly_6,6,785.25,864.75,2053,2026-05-16,active
3219,1494,4,pay_in_4,4,166.54,166.54,0,2026-03-21,paid_off
3220,1494,16,pay_in_4,4,530.62,530.62,0,2025-06-22,paid_off
3221,1494,20,pay_in_4,4,1376.77,1376.77,0,2025-09-25,paid_off
3222,1494,54,pay_in_4,4,83.06,83.06,0,2025-06-22,paid_off
3223,1494,25,pay_monthly_6,6,665.17,722.44,1746,2026-05-18,active
3224,1494,2,pay_monthly_6,6,345.47,387.59,2472,2025-11-25,paid_off
3225,1495,38,pay_monthly_6,6,138.17,153.54,2255,2026-02-16,active
3226,1495,42,pay_monthly_6,6,263.45,291.32,2145,2026-05-22,defaulted
3227,1496,20,pay_in_4,4,1125.07,1125.07,0,2025-07-02,paid_off
3228,1496,42,pay_in_4,4,110.70,110.70,0,2025-03-08,paid_off
3229,1496,28,pay_in_4,4,887.07,887.07,0,2025-07-06,paid_off
3230,1496,40,pay_monthly_6,6,204.92,226.90,2175,2025-05-25,paid_off
3231,1498,35,pay_in_4,4,108.28,108.28,0,2026-03-14,paid_off
3232,1498,38,pay_in_3,3,217.99,217.99,0,2025-09-09,paid_off
3233,1498,41,pay_in_4,4,212.17,212.17,0,2025-08-09,paid_off
3234,1498,10,pay_in_4,4,584.68,584.68,0,2026-01-27,paid_off
3235,1499,54,pay_in_4,4,119.96,119.96,0,2026-04-16,paid_off
3236,1500,53,pay_in_4,4,129.32,129.32,0,2026-05-03,defaulted
3237,1500,31,pay_monthly_12,12,477.06,607.44,2771,2026-05-16,active
3238,1501,28,pay_in_4,4,515.10,515.10,0,2026-06-04,active
3239,1501,44,pay_in_3,3,83.61,83.61,0,2025-11-25,paid_off
3240,1501,9,pay_in_4,4,917.61,917.61,0,2025-11-16,paid_off
3241,1502,21,pay_in_4,4,842.99,842.99,0,2026-05-21,active
3242,1503,6,pay_in_4,4,549.05,549.05,0,2025-10-28,paid_off
3243,1504,35,pay_in_3,3,155.37,155.37,0,2026-02-25,paid_off
3244,1504,45,pay_in_4,4,408.74,408.74,0,2025-12-19,paid_off
3245,1504,30,pay_in_4,4,320.53,320.53,0,2026-06-12,active
3246,1504,37,pay_in_4,4,125.80,125.80,0,2025-08-09,paid_off
3247,1504,25,pay_monthly_12,12,758.57,1000.16,3229,2026-04-07,active
3248,1504,8,pay_in_4,4,214.58,214.58,0,2026-05-15,active
3249,1505,48,pay_in_4,4,326.20,326.20,0,2025-10-20,paid_off
3250,1505,23,pay_in_4,4,666.47,666.47,0,2025-12-01,paid_off
3251,1507,30,pay_monthly_12,12,435.62,548.96,2638,2026-06-03,defaulted
3252,1508,31,pay_in_4,4,693.96,693.96,0,2026-01-17,paid_off
3253,1508,30,pay_monthly_12,12,677.04,890.99,3204,2025-06-27,paid_off
3254,1508,16,pay_in_3,3,360.90,360.90,0,2026-01-06,paid_off
3255,1508,38,pay_in_4,4,183.96,183.96,0,2025-12-27,paid_off
3256,1508,2,pay_monthly_12,12,342.62,439.00,2852,2026-05-19,active
3257,1509,47,pay_monthly_6,6,474.27,523.76,2116,2026-01-25,active
3258,1510,49,pay_monthly_6,6,457.62,513.95,2496,2026-06-06,active
3259,1511,4,pay_in_4,4,198.49,198.49,0,2026-04-26,paid_off
3260,1511,4,pay_monthly_6,6,135.60,147.49,1778,2025-12-03,paid_off
3261,1512,8,pay_monthly_12,12,232.74,283.86,2227,2025-08-22,active
3262,1512,46,pay_in_3,3,329.54,329.54,0,2026-02-22,paid_off
3263,1512,32,pay_in_4,4,1664.04,1664.04,0,2025-08-15,paid_off
3264,1512,23,pay_in_3,3,1119.03,1119.03,0,2025-06-06,paid_off
3265,1513,29,pay_monthly_12,12,888.56,1103.71,2455,2025-02-12,paid_off
3266,1513,29,pay_in_3,3,697.28,697.28,0,2026-02-23,paid_off
3267,1513,30,pay_in_3,3,497.30,497.30,0,2025-02-22,paid_off
3268,1513,22,pay_in_3,3,925.48,925.48,0,2026-03-25,active
3269,1513,8,pay_in_4,4,542.91,542.91,0,2026-05-19,active
3270,1513,22,pay_in_4,4,461.08,461.08,0,2026-05-18,active
3271,1514,34,pay_in_4,4,563.48,563.48,0,2025-06-06,paid_off
3272,1514,37,pay_monthly_6,6,116.96,128.26,1959,2025-05-06,paid_off
3273,1514,56,pay_in_3,3,159.70,159.70,0,2026-05-04,active
3274,1515,42,pay_monthly_6,6,312.99,349.08,2338,2025-11-06,paid_off
3275,1515,19,pay_monthly_6,6,937.57,1052.47,2485,2025-11-12,paid_off
3276,1515,31,pay_monthly_6,6,193.64,216.21,2363,2026-01-19,active
3277,1516,9,pay_in_3,3,490.51,490.51,0,2025-07-16,defaulted
3278,1516,21,pay_in_4,4,1276.63,1276.63,0,2025-10-28,paid_off
3279,1517,35,pay_in_4,4,155.49,155.49,0,2025-08-16,defaulted
3280,1517,10,pay_monthly_6,6,793.03,857.56,1650,2026-03-10,delinquent
3281,1518,41,pay_monthly_6,6,83.61,91.28,1861,2026-06-04,active
3282,1518,11,pay_monthly_12,12,259.67,338.22,3067,2025-07-25,active
3283,1519,20,pay_monthly_6,6,750.00,829.89,2160,2025-10-22,paid_off
3284,1520,42,pay_monthly_6,6,50.23,55.55,2146,2025-12-03,paid_off
3285,1520,51,pay_in_4,4,35.45,35.45,0,2026-01-21,paid_off
3286,1520,7,pay_monthly_6,6,275.28,299.29,1769,2026-01-12,active
3287,1520,56,pay_in_4,4,80.68,80.68,0,2025-06-16,paid_off
3288,1522,9,pay_monthly_6,6,466.10,510.23,1920,2025-01-21,paid_off
3289,1522,47,pay_in_3,3,209.50,209.50,0,2026-03-22,paid_off
3290,1522,40,pay_in_4,4,128.90,128.90,0,2025-12-25,paid_off
3291,1522,32,pay_in_4,4,555.93,555.93,0,2025-09-06,paid_off
3292,1522,40,pay_in_4,4,165.10,165.10,0,2026-03-06,paid_off
3293,1522,18,pay_in_3,3,700.76,700.76,0,2025-06-20,paid_off
3294,1523,27,pay_monthly_6,6,348.73,388.80,2330,2025-02-24,paid_off
3295,1523,33,pay_in_4,4,192.32,192.32,0,2025-10-26,paid_off
3296,1523,4,pay_in_4,4,232.30,232.30,0,2025-11-11,paid_off
3297,1523,43,pay_monthly_12,12,238.54,297.29,2497,2026-04-04,active
3298,1523,4,pay_in_4,4,254.65,254.65,0,2025-12-21,paid_off
3299,1524,47,pay_monthly_12,12,181.53,232.20,2830,2025-06-15,defaulted
3300,1525,9,pay_in_4,4,914.27,914.27,0,2026-06-02,active
3301,1526,47,pay_in_4,4,277.88,277.88,0,2025-12-11,paid_off
3302,1526,48,pay_monthly_12,12,455.68,548.08,2056,2026-03-13,active
3303,1527,8,pay_in_4,4,576.49,576.49,0,2026-03-18,paid_off
3304,1527,19,pay_monthly_12,12,532.13,664.39,2520,2026-05-11,active
3305,1529,11,pay_in_3,3,1023.39,1023.39,0,2025-09-12,paid_off
3306,1529,44,pay_in_4,4,114.55,114.55,0,2025-11-20,paid_off
3307,1530,11,pay_monthly_6,6,494.90,535.93,1681,2026-04-28,active
3308,1531,21,pay_in_3,3,1397.65,1397.65,0,2025-11-19,paid_off
3309,1532,54,pay_in_4,4,48.12,48.12,0,2025-06-27,paid_off
3310,1532,39,pay_in_4,4,218.88,218.88,0,2026-06-05,active
3311,1532,39,pay_monthly_6,6,243.69,269.97,2187,2025-07-09,paid_off
3312,1532,15,pay_monthly_12,12,561.17,731.70,3081,2026-03-07,active
3313,1537,27,pay_in_4,4,473.21,473.21,0,2025-06-13,paid_off
3314,1537,7,pay_in_3,3,208.11,208.11,0,2026-03-22,paid_off
3315,1538,8,pay_monthly_6,6,356.22,385.14,1646,2026-05-12,active
3316,1539,2,pay_in_3,3,206.78,206.78,0,2026-03-27,delinquent
3317,1541,46,pay_in_4,4,182.38,182.38,0,2026-04-07,paid_off
3318,1541,6,pay_in_4,4,520.48,520.48,0,2026-01-17,paid_off
3319,1541,42,pay_in_3,3,75.83,75.83,0,2026-06-01,active
3320,1541,54,pay_monthly_12,12,160.65,193.05,2045,2025-07-26,active
3321,1542,34,pay_in_4,4,317.19,317.19,0,2026-02-13,paid_off
3322,1542,37,pay_in_4,4,103.30,103.30,0,2026-02-20,paid_off
3323,1543,38,pay_in_4,4,369.61,369.61,0,2026-03-06,paid_off
3324,1543,33,pay_monthly_6,6,980.24,1060.00,1650,2026-01-06,active
3325,1543,10,pay_monthly_12,12,1273.40,1638.13,2904,2026-02-26,active
3326,1544,50,pay_monthly_6,6,154.04,168.93,1960,2025-04-17,paid_off
3327,1544,48,pay_in_3,3,175.23,175.23,0,2026-03-10,paid_off
3328,1546,54,pay_in_3,3,156.31,156.31,0,2025-09-25,paid_off
3329,1547,11,pay_monthly_6,6,421.02,454.34,1605,2026-04-11,active
3330,1547,39,pay_in_3,3,111.26,111.26,0,2026-02-20,paid_off
3331,1548,3,pay_in_4,4,413.94,413.94,0,2025-08-05,paid_off
3332,1548,16,pay_in_3,3,603.71,603.71,0,2025-07-13,paid_off
3333,1548,2,pay_monthly_6,6,636.66,716.25,2535,2025-09-17,paid_off
3334,1548,5,pay_in_3,3,570.16,570.16,0,2025-06-13,paid_off
3335,1549,50,pay_in_3,3,30.78,30.78,0,2026-02-06,paid_off
3336,1549,5,pay_in_4,4,364.48,364.48,0,2025-06-09,paid_off
3337,1549,49,pay_in_4,4,266.86,266.86,0,2025-09-08,paid_off
3338,1549,30,pay_monthly_6,6,466.65,506.83,1746,2026-01-07,active
3339,1549,10,pay_monthly_6,6,1099.06,1181.55,1522,2025-09-22,paid_off
3340,1550,45,pay_in_4,4,162.01,162.01,0,2025-11-23,paid_off
3341,1550,32,pay_monthly_6,6,140.74,155.42,2115,2026-01-22,active
3342,1550,50,pay_in_3,3,114.28,114.28,0,2025-11-23,paid_off
3343,1551,8,pay_monthly_12,12,178.47,235.31,3229,2026-04-02,active
3344,1551,32,pay_in_4,4,131.09,131.09,0,2026-01-03,paid_off
3345,1552,13,pay_in_4,4,535.24,535.24,0,2025-12-20,paid_off
3346,1552,23,pay_monthly_6,6,1083.15,1218.29,2530,2025-09-01,paid_off
3347,1553,44,pay_monthly_6,6,113.36,124.44,1982,2026-05-09,active
3348,1554,36,pay_monthly_12,12,128.93,172.05,3391,2025-03-10,paid_off
3349,1554,21,pay_in_4,4,244.28,244.28,0,2026-04-09,paid_off
3350,1554,2,pay_monthly_12,12,414.72,552.28,3363,2026-05-20,active
3351,1554,19,pay_monthly_6,6,1293.81,1458.36,2579,2026-03-03,active
3352,1554,52,pay_in_4,4,92.06,92.06,0,2026-05-19,active
3353,1556,56,pay_monthly_6,6,43.89,49.17,2438,2026-04-24,active
3354,1556,18,pay_monthly_6,6,1516.51,1700.04,2454,2026-01-23,active
3355,1556,16,pay_monthly_6,6,484.94,539.06,2263,2025-09-08,paid_off
3356,1557,15,pay_in_4,4,1155.13,1155.13,0,2026-01-13,defaulted
3357,1557,7,pay_monthly_6,6,112.95,126.74,2475,2026-05-23,active
3358,1559,31,pay_in_3,3,594.82,594.82,0,2026-05-28,delinquent
3359,1559,5,pay_in_4,4,448.39,448.39,0,2026-03-11,paid_off
3360,1560,10,pay_in_4,4,196.40,196.40,0,2026-05-20,active
3361,1561,52,pay_in_3,3,32.44,32.44,0,2025-06-18,paid_off
3362,1561,16,pay_in_4,4,451.49,451.49,0,2025-06-18,paid_off
3363,1561,55,pay_in_3,3,258.85,258.85,0,2025-06-18,paid_off
3364,1561,29,pay_in_3,3,482.63,482.63,0,2026-03-21,paid_off
3365,1562,45,pay_monthly_12,12,270.63,351.03,3012,2026-01-07,defaulted
3366,1564,16,pay_in_4,4,536.85,536.85,0,2025-10-23,paid_off
3367,1564,14,pay_in_4,4,1085.51,1085.51,0,2025-08-20,paid_off
3368,1565,9,pay_in_4,4,900.00,900.00,0,2025-07-25,paid_off
3369,1565,7,pay_in_4,4,365.91,365.91,0,2025-06-06,defaulted
3370,1565,21,pay_monthly_6,6,900.00,976.83,1731,2025-05-21,paid_off
3371,1566,48,pay_monthly_6,6,186.21,209.13,2496,2026-03-18,active
3372,1566,31,pay_monthly_6,6,642.17,720.07,2460,2025-12-27,active
3373,1566,32,pay_in_4,4,226.99,226.99,0,2025-11-03,paid_off
3374,1566,28,pay_monthly_6,6,235.74,253.84,1557,2026-01-04,active
3375,1566,31,pay_in_4,4,555.67,555.67,0,2026-04-15,paid_off
3376,1567,39,pay_in_3,3,150.84,150.84,0,2026-04-15,active
3377,1567,53,pay_in_4,4,58.16,58.16,0,2026-03-15,paid_off
3378,1568,35,pay_in_4,4,112.57,112.57,0,2025-01-11,paid_off
3379,1568,56,pay_in_4,4,65.76,65.76,0,2026-03-15,defaulted
3380,1569,7,pay_in_4,4,153.08,153.08,0,2025-10-21,paid_off
3381,1569,9,pay_in_3,3,439.60,439.60,0,2026-04-19,active
3382,1569,9,pay_in_3,3,697.78,697.78,0,2026-01-08,paid_off
3383,1569,36,pay_in_4,4,300.77,300.77,0,2025-09-20,defaulted
3384,1570,3,pay_in_3,3,311.53,311.53,0,2026-04-03,active
3385,1570,34,pay_in_4,4,882.35,882.35,0,2026-05-02,active
3386,1570,13,pay_in_4,4,1626.31,1626.31,0,2026-03-10,paid_off
3387,1571,3,pay_in_4,4,461.61,461.61,0,2025-10-04,paid_off
3388,1571,36,pay_monthly_6,6,164.33,176.53,1505,2026-04-03,active
3389,1571,20,pay_in_4,4,2021.43,2021.43,0,2026-05-13,active
3390,1571,52,pay_monthly_12,12,65.53,86.59,3258,2025-12-04,active
3391,1572,25,pay_in_4,4,462.13,462.13,0,2026-05-16,active
3392,1572,45,pay_in_4,4,91.12,91.12,0,2026-05-26,active
3393,1572,56,pay_in_4,4,33.45,33.45,0,2026-06-10,active
3394,1574,7,pay_in_4,4,395.58,395.58,0,2026-05-15,defaulted
3395,1574,46,pay_in_4,4,143.50,143.50,0,2026-04-08,paid_off
3396,1574,5,pay_in_3,3,186.43,186.43,0,2025-12-19,delinquent
3397,1574,15,pay_in_4,4,390.05,390.05,0,2025-12-09,paid_off
3398,1575,31,pay_in_4,4,967.90,967.90,0,2026-01-01,paid_off
3399,1575,9,pay_monthly_12,12,466.27,618.58,3312,2025-12-10,active
3400,1575,55,pay_in_4,4,71.58,71.58,0,2026-05-27,active
3401,1575,17,pay_monthly_12,12,711.56,927.93,3083,2025-12-10,active
3402,1576,53,pay_in_4,4,83.80,83.80,0,2025-10-02,paid_off
3403,1578,2,pay_in_4,4,268.77,268.77,0,2026-04-21,paid_off
3404,1578,7,pay_monthly_12,12,385.33,477.23,2418,2026-03-02,active
3405,1578,4,pay_monthly_6,6,229.75,256.32,2345,2026-04-09,active
3406,1578,20,pay_in_3,3,621.62,621.62,0,2026-02-26,paid_off
3407,1579,54,pay_in_4,4,173.97,173.97,0,2025-10-10,paid_off
3408,1579,53,pay_monthly_6,6,62.36,67.54,1683,2026-06-01,active
3409,1580,45,pay_in_4,4,317.16,317.16,0,2026-05-06,active
3410,1580,2,pay_monthly_12,12,752.10,979.91,3071,2025-05-27,defaulted
3411,1580,33,pay_in_4,4,754.52,754.52,0,2026-06-06,active
3412,1580,39,pay_in_3,3,184.67,184.67,0,2025-07-23,paid_off
3413,1580,33,pay_monthly_6,6,841.26,925.64,2034,2025-07-14,defaulted
3414,1580,7,pay_in_4,4,613.58,613.58,0,2025-12-07,paid_off
3415,1581,24,pay_in_4,4,750.00,750.00,0,2026-06-02,active
3416,1581,56,pay_monthly_6,6,156.26,173.79,2275,2025-11-25,paid_off
3417,1582,50,pay_in_4,4,83.62,83.62,0,2026-02-21,delinquent
3418,1583,29,pay_in_4,4,347.75,347.75,0,2026-01-17,paid_off
3419,1583,34,pay_in_4,4,328.95,328.95,0,2026-05-28,defaulted
3420,1585,38,pay_monthly_6,6,161.68,175.53,1737,2026-04-23,active
3421,1586,3,pay_monthly_6,6,788.74,849.65,1566,2025-12-25,defaulted
3422,1586,49,pay_in_4,4,234.72,234.72,0,2025-09-14,paid_off
3423,1586,20,pay_in_4,4,633.23,633.23,0,2025-04-15,paid_off
3424,1586,55,pay_monthly_12,12,117.53,152.83,3045,2026-06-07,active
3425,1587,24,pay_monthly_6,6,1250.00,1357.08,1737,2025-12-05,defaulted
3426,1587,20,pay_monthly_12,12,669.41,836.85,2536,2026-01-03,active
3427,1588,19,pay_in_4,4,1422.48,1422.48,0,2026-02-22,paid_off
3428,1588,36,pay_in_4,4,101.68,101.68,0,2026-04-14,paid_off
3429,1588,38,pay_monthly_12,12,167.91,224.15,3396,2025-10-25,active
3430,1588,16,pay_monthly_6,6,910.90,978.78,1511,2026-06-14,delinquent
3431,1589,9,pay_in_3,3,1087.92,1087.92,0,2025-12-04,paid_off
3432,1589,37,pay_in_3,3,288.82,288.82,0,2025-05-06,paid_off
3433,1589,28,pay_monthly_12,12,258.74,341.04,3225,2026-02-20,active
3434,1589,10,pay_in_4,4,749.05,749.05,0,2025-10-23,defaulted
3435,1591,31,pay_monthly_6,6,441.36,482.19,1876,2025-11-28,delinquent
3436,1591,41,pay_in_4,4,101.54,101.54,0,2025-11-09,paid_off
3437,1592,54,pay_in_3,3,37.73,37.73,0,2025-04-28,paid_off
3438,1592,26,pay_in_4,4,651.92,651.92,0,2025-09-07,paid_off
3439,1592,35,pay_in_3,3,126.85,126.85,0,2025-05-03,paid_off
3440,1592,3,pay_monthly_6,6,318.93,351.74,2086,2026-01-16,active
3441,1592,47,pay_in_4,4,422.12,422.12,0,2026-03-02,delinquent
3442,1593,47,pay_monthly_12,12,143.67,173.80,2126,2026-06-10,active
3443,1594,51,pay_monthly_6,6,129.70,140.89,1750,2025-08-04,paid_off
3444,1594,26,pay_monthly_6,6,761.92,846.57,2253,2025-08-04,delinquent
3445,1596,14,pay_monthly_6,6,893.34,1001.45,2454,2026-03-16,active
3446,1596,33,pay_in_3,3,344.10,344.10,0,2026-01-20,paid_off
3447,1596,43,pay_monthly_6,6,406.22,454.06,2388,2026-03-25,active
3448,1596,56,pay_in_3,3,58.24,58.24,0,2026-04-17,active
3449,1596,53,pay_in_4,4,96.41,96.41,0,2025-04-14,paid_off
3450,1596,53,pay_monthly_6,6,41.72,45.42,1796,2026-03-05,active
3451,1597,22,pay_in_4,4,457.92,457.92,0,2026-04-08,delinquent
3452,1597,22,pay_in_4,4,654.30,654.30,0,2026-06-15,delinquent
3453,1597,49,pay_monthly_12,12,512.73,636.58,2449,2026-05-12,active
3454,1598,25,pay_monthly_12,12,128.94,170.07,3234,2025-10-11,active
3455,1598,13,pay_in_4,4,1057.85,1057.85,0,2025-06-19,paid_off
3456,1598,16,pay_in_4,4,298.92,298.92,0,2026-03-15,paid_off
3457,1598,28,pay_in_3,3,493.92,493.92,0,2026-01-14,defaulted
3458,1598,42,pay_in_4,4,263.59,263.59,0,2026-05-21,active
3459,1599,37,pay_in_3,3,211.51,211.51,0,2025-07-22,paid_off
3460,1599,12,pay_in_4,4,263.11,263.11,0,2025-12-04,paid_off
3461,1599,5,pay_in_4,4,324.92,324.92,0,2026-06-11,active
3462,1599,46,pay_in_3,3,212.65,212.65,0,2025-04-19,paid_off
3463,1599,56,pay_monthly_6,6,48.42,54.00,2336,2025-08-13,paid_off
3464,1600,1,pay_in_4,4,287.27,287.27,0,2026-02-16,paid_off
3465,1600,48,pay_in_3,3,279.93,279.93,0,2025-11-15,delinquent
3466,1600,49,pay_in_4,4,265.72,265.72,0,2026-05-19,active
3467,1600,4,pay_in_4,4,512.80,512.80,0,2025-12-21,paid_off
3468,1601,19,pay_in_4,4,1125.92,1125.92,0,2025-12-08,paid_off
3469,1601,6,pay_in_4,4,91.30,91.30,0,2026-05-19,active
3470,1601,27,pay_in_4,4,602.36,602.36,0,2026-02-14,paid_off
3471,1601,7,pay_monthly_6,6,330.76,357.18,1620,2026-01-24,active
3472,1602,11,pay_monthly_6,6,1000.00,1124.72,2529,2026-03-11,active
3473,1602,34,pay_in_4,4,747.61,747.61,0,2026-04-19,paid_off
3474,1603,16,pay_in_4,4,560.29,560.29,0,2025-10-16,paid_off
3475,1603,3,pay_monthly_6,6,87.30,96.99,2251,2026-02-22,active
3476,1603,6,pay_monthly_6,6,247.54,267.30,1619,2025-12-11,paid_off
3477,1604,40,pay_monthly_6,6,93.42,101.70,1797,2026-05-28,active
3478,1604,17,pay_monthly_12,12,702.10,841.70,2016,2026-06-03,active
3479,1604,53,pay_in_4,4,88.45,88.45,0,2025-12-01,paid_off
3480,1606,13,pay_in_4,4,1685.37,1685.37,0,2025-06-07,paid_off
3481,1606,21,pay_in_4,4,901.78,901.78,0,2025-01-27,paid_off
3482,1606,36,pay_in_4,4,151.50,151.50,0,2025-11-04,paid_off
3483,1606,40,pay_in_4,4,131.63,131.63,0,2025-06-25,paid_off
3484,1606,37,pay_monthly_6,6,248.70,267.91,1566,2025-09-20,paid_off
3485,1606,55,pay_in_4,4,147.35,147.35,0,2025-01-04,paid_off
3486,1607,8,pay_in_4,4,252.59,252.59,0,2026-05-24,active
3487,1607,20,pay_in_4,4,431.36,431.36,0,2025-08-23,paid_off
3488,1607,6,pay_monthly_6,6,322.15,356.20,2143,2025-10-06,paid_off
3489,1607,40,pay_monthly_12,12,132.37,176.28,3363,2025-12-16,active
3490,1608,32,pay_in_4,4,629.04,629.04,0,2026-02-06,paid_off
3491,1608,42,pay_monthly_12,12,52.78,65.05,2357,2025-12-24,active
3492,1608,55,pay_in_4,4,59.01,59.01,0,2026-04-06,paid_off
3493,1610,10,pay_in_4,4,503.40,503.40,0,2026-03-16,paid_off
3494,1610,32,pay_in_3,3,679.94,679.94,0,2025-09-24,paid_off
3495,1610,42,pay_monthly_6,6,55.22,61.18,2187,2025-09-24,paid_off
3496,1611,32,pay_monthly_12,12,633.42,758.56,2003,2025-07-14,active
3497,1612,5,pay_in_4,4,329.99,329.99,0,2026-01-27,paid_off
3498,1612,30,pay_monthly_12,12,1116.02,1438.42,2929,2026-01-23,active
3499,1612,32,pay_in_4,4,354.12,354.12,0,2026-01-20,paid_off
3500,1612,22,pay_in_4,4,1895.29,1895.29,0,2026-03-12,paid_off
3501,1612,27,pay_in_4,4,240.68,240.68,0,2026-05-23,active
3502,1612,42,pay_in_3,3,75.98,75.98,0,2026-04-15,active
3503,1613,45,pay_in_4,4,622.73,622.73,0,2026-04-08,defaulted
3504,1613,21,pay_in_4,4,490.78,490.78,0,2025-05-08,paid_off
3505,1613,52,pay_monthly_12,12,70.73,90.21,2792,2025-12-07,active
3506,1613,47,pay_monthly_12,12,71.18,93.54,3185,2025-03-13,paid_off
3507,1613,16,pay_in_3,3,510.67,510.67,0,2026-05-24,active
3508,1613,11,pay_monthly_6,6,855.57,957.84,2424,2025-05-28,paid_off
3509,1613,43,pay_in_3,3,280.18,280.18,0,2026-05-01,active
3510,1614,7,pay_monthly_12,12,199.52,262.63,3207,2026-04-08,defaulted
3511,1614,16,pay_monthly_6,6,530.60,581.89,1960,2026-04-14,active
3512,1614,41,pay_in_4,4,269.90,269.90,0,2026-04-03,defaulted
3513,1615,20,pay_in_4,4,800.00,800.00,0,2025-11-06,defaulted
3514,1616,51,pay_in_3,3,134.48,134.48,0,2026-05-02,active
3515,1617,17,pay_in_3,3,614.85,614.85,0,2026-04-15,active
3516,1617,29,pay_in_4,4,843.39,843.39,0,2026-02-17,defaulted
3517,1617,10,pay_in_4,4,585.48,585.48,0,2026-06-09,defaulted
3518,1620,30,pay_in_3,3,527.22,527.22,0,2026-04-24,active
3519,1620,34,pay_monthly_12,12,583.08,738.59,2704,2025-06-19,paid_off
3520,1620,53,pay_monthly_12,12,44.51,57.91,3052,2026-03-12,active
3521,1620,30,pay_monthly_12,12,668.91,825.47,2373,2026-03-12,active
3522,1621,3,pay_in_3,3,398.61,398.61,0,2026-05-17,active
3523,1621,53,pay_in_4,4,55.91,55.91,0,2026-06-15,defaulted
3524,1623,17,pay_in_4,4,3088.21,3088.21,0,2026-03-19,paid_off
3525,1623,35,pay_in_3,3,116.63,116.63,0,2025-10-05,paid_off
3526,1623,38,pay_in_3,3,60.66,60.66,0,2026-06-15,active
3527,1623,17,pay_monthly_6,6,949.94,1039.70,1916,2026-01-09,active
3528,1624,18,pay_monthly_6,6,1550.00,1677.04,1662,2026-06-04,defaulted
3529,1624,24,pay_monthly_6,6,552.49,618.75,2432,2026-05-12,active
3530,1624,23,pay_in_4,4,771.12,771.12,0,2026-05-12,active
3531,1625,33,pay_in_4,4,512.54,512.54,0,2026-04-06,paid_off
3532,1625,11,pay_monthly_6,6,551.25,621.36,2579,2025-11-07,paid_off
3533,1625,4,pay_monthly_12,12,337.08,405.04,2044,2026-04-17,active
3534,1625,14,pay_in_4,4,654.81,654.81,0,2026-01-12,paid_off
3535,1625,55,pay_in_3,3,118.69,118.69,0,2025-03-14,paid_off
3536,1626,38,pay_in_4,4,204.27,204.27,0,2026-04-06,paid_off
3537,1626,9,pay_monthly_12,12,503.83,609.18,2120,2025-08-22,defaulted
3538,1626,10,pay_in_4,4,832.62,832.62,0,2026-05-16,delinquent
3539,1627,26,pay_in_4,4,470.72,470.72,0,2025-08-24,paid_off
3540,1627,2,pay_in_4,4,162.77,162.77,0,2025-08-27,paid_off
3541,1627,16,pay_monthly_6,6,622.92,672.75,1622,2025-11-20,paid_off
3542,1627,16,pay_monthly_12,12,949.45,1202.48,2702,2025-07-16,active
3543,1627,54,pay_monthly_12,12,51.76,62.22,2049,2025-12-08,active
3544,1628,45,pay_in_4,4,242.83,242.83,0,2026-06-08,active
3545,1629,42,pay_monthly_12,12,189.41,236.30,2510,2026-06-02,active
3546,1629,17,pay_in_4,4,882.06,882.06,0,2026-05-14,active
3547,1629,55,pay_monthly_6,6,127.79,139.45,1851,2026-04-28,active
3548,1630,51,pay_in_4,4,85.28,85.28,0,2025-12-10,paid_off
3549,1630,34,pay_in_4,4,318.02,318.02,0,2026-05-20,active
3550,1630,30,pay_in_4,4,318.53,318.53,0,2026-06-01,active
3551,1630,30,pay_monthly_6,6,450.68,505.07,2447,2025-07-22,paid_off
3552,1630,20,pay_in_4,4,1982.76,1982.76,0,2026-04-23,paid_off
3553,1631,44,pay_monthly_6,6,250.03,273.12,1873,2026-01-11,active
3554,1631,31,pay_in_4,4,635.44,635.44,0,2026-06-07,active
3555,1631,34,pay_in_4,4,474.41,474.41,0,2025-12-03,paid_off
3556,1634,5,pay_in_3,3,486.53,486.53,0,2025-11-05,paid_off
3557,1636,50,pay_in_4,4,57.85,57.85,0,2026-03-26,paid_off
3558,1636,53,pay_monthly_6,6,61.81,68.87,2315,2025-08-23,paid_off
3559,1636,46,pay_in_4,4,163.51,163.51,0,2025-11-21,paid_off
3560,1636,29,pay_monthly_12,12,528.84,675.56,2813,2026-01-05,active
3561,1637,1,pay_monthly_6,6,292.30,329.50,2581,2026-06-12,active
3562,1637,17,pay_in_3,3,1217.15,1217.15,0,2025-04-28,paid_off
3563,1637,46,pay_in_4,4,132.84,132.84,0,2026-01-25,paid_off
3564,1637,50,pay_in_4,4,187.35,187.35,0,2025-10-24,paid_off
3565,1638,34,pay_in_4,4,639.09,639.09,0,2025-09-26,paid_off
3566,1638,43,pay_monthly_6,6,117.37,127.23,1704,2025-12-04,paid_off
3567,1638,55,pay_monthly_6,6,334.39,365.54,1889,2026-01-05,active
3568,1639,47,pay_monthly_12,12,466.14,617.03,3282,2025-10-25,active
3569,1639,39,pay_in_4,4,246.58,246.58,0,2026-05-12,active
3570,1639,50,pay_in_4,4,158.46,158.46,0,2026-03-07,paid_off
3571,1639,51,pay_monthly_6,6,155.61,174.61,2476,2025-05-26,paid_off
3572,1640,49,pay_in_3,3,166.36,166.36,0,2025-08-22,paid_off
3573,1642,19,pay_in_3,3,1348.37,1348.37,0,2026-05-28,active
3574,1642,10,pay_in_4,4,726.67,726.67,0,2025-12-13,paid_off
3575,1642,4,pay_monthly_6,6,234.35,255.25,1808,2025-12-28,active
3576,1644,38,pay_in_4,4,120.82,120.82,0,2026-05-27,active
3577,1646,32,pay_in_3,3,625.05,625.05,0,2026-04-18,active
3578,1646,50,pay_in_4,4,133.57,133.57,0,2025-11-07,paid_off
3579,1646,41,pay_monthly_12,12,43.83,56.02,2820,2025-07-19,active
3580,1646,1,pay_in_3,3,212.36,212.36,0,2026-04-16,active
3581,1646,44,pay_in_3,3,275.33,275.33,0,2025-03-26,paid_off
3582,1647,46,pay_monthly_12,12,153.61,195.73,2780,2026-04-17,active
3583,1647,47,pay_in_4,4,249.70,249.70,0,2026-02-24,paid_off
3584,1647,43,pay_in_3,3,221.51,221.51,0,2025-12-28,paid_off
3585,1648,36,pay_in_3,3,123.80,123.80,0,2026-05-25,active
3586,1648,44,pay_in_4,4,159.30,159.30,0,2025-11-27,paid_off
3587,1648,46,pay_in_4,4,795.44,795.44,0,2025-10-13,paid_off
3588,1648,42,pay_in_4,4,246.06,246.06,0,2025-08-10,paid_off
3589,1648,34,pay_in_4,4,294.20,294.20,0,2026-01-11,paid_off
3590,1649,37,pay_monthly_6,6,156.66,171.08,1867,2025-04-23,paid_off
3591,1649,3,pay_in_3,3,694.68,694.68,0,2026-04-07,active
3592,1649,52,pay_in_3,3,72.31,72.31,0,2026-05-27,active
3593,1649,17,pay_in_4,4,750.03,750.03,0,2025-10-05,paid_off
3594,1650,48,pay_monthly_12,12,534.02,703.83,3224,2025-09-06,active
3595,1650,19,pay_monthly_6,6,1291.79,1453.85,2544,2026-01-26,active
3596,1651,3,pay_in_4,4,415.49,415.49,0,2025-11-27,paid_off
3597,1652,34,pay_in_4,4,744.21,744.21,0,2026-06-02,active
3598,1652,38,pay_in_4,4,172.41,172.41,0,2026-06-02,active
3599,1653,12,pay_monthly_12,12,738.26,975.64,3260,2025-10-25,active
3600,1653,17,pay_monthly_6,6,1345.66,1481.57,2048,2026-03-22,active
3601,1653,30,pay_monthly_12,12,228.28,285.47,2540,2025-07-03,active
3602,1653,28,pay_in_3,3,363.55,363.55,0,2025-09-05,paid_off
3603,1653,25,pay_monthly_6,6,1160.02,1257.27,1700,2026-02-22,active
3604,1653,27,pay_monthly_6,6,315.35,341.34,1671,2025-06-19,paid_off
3605,1654,42,pay_monthly_6,6,91.93,102.78,2393,2025-09-08,paid_off
3606,1655,24,pay_monthly_6,6,656.33,706.95,1564,2026-05-24,active
3607,1656,17,pay_monthly_6,6,1097.91,1201.49,1913,2025-11-25,paid_off
3608,1656,14,pay_monthly_12,12,1500.05,1926.00,2879,2026-04-04,active
3609,1656,17,pay_in_3,3,614.14,614.14,0,2025-10-12,paid_off
3610,1657,12,pay_in_4,4,1199.70,1199.70,0,2026-05-20,active
3611,1657,35,pay_in_3,3,193.86,193.86,0,2026-02-13,paid_off
3612,1657,25,pay_in_4,4,618.59,618.59,0,2026-05-26,active
3613,1658,9,pay_in_3,3,1298.91,1298.91,0,2026-06-11,active
3614,1658,7,pay_monthly_6,6,297.07,323.44,1800,2026-02-28,active
3615,1658,54,pay_in_4,4,58.77,58.77,0,2025-07-23,paid_off
3616,1658,45,pay_in_4,4,251.11,251.11,0,2025-09-14,delinquent
3617,1659,21,pay_monthly_6,6,1911.28,2080.37,1794,2026-03-19,active
3618,1660,49,pay_monthly_12,12,127.08,154.96,2224,2026-04-26,active
3619,1660,21,pay_monthly_6,6,1190.20,1315.10,2128,2026-02-14,active
3620,1660,47,pay_monthly_12,12,340.34,434.70,2811,2026-03-20,active
3621,1661,53,pay_monthly_6,6,127.03,137.28,1637,2026-03-18,active
3622,1662,5,pay_in_4,4,156.84,156.84,0,2026-04-25,paid_off
3623,1662,49,pay_in_4,4,338.74,338.74,0,2026-04-20,paid_off
3624,1664,45,pay_in_4,4,528.22,528.22,0,2026-03-21,paid_off
3625,1664,49,pay_in_4,4,185.40,185.40,0,2025-07-04,paid_off
3626,1666,31,pay_monthly_6,6,435.95,489.12,2473,2026-04-08,active
3627,1666,48,pay_in_4,4,306.16,306.16,0,2026-03-22,paid_off
3628,1667,23,pay_in_4,4,854.89,854.89,0,2026-01-28,paid_off
3629,1667,48,pay_monthly_6,6,168.20,189.24,2536,2026-01-23,active
3630,1667,42,pay_monthly_6,6,108.81,122.20,2496,2025-08-15,paid_off
3631,1668,39,pay_in_4,4,163.32,163.32,0,2026-02-19,paid_off
3632,1668,36,pay_in_4,4,84.72,84.72,0,2026-04-18,paid_off
3633,1669,36,pay_in_3,3,96.13,96.13,0,2026-05-11,active
3634,1669,55,pay_monthly_6,6,88.63,95.26,1517,2025-08-15,paid_off
3635,1669,47,pay_in_4,4,122.56,122.56,0,2025-05-28,paid_off
3636,1669,12,pay_monthly_12,12,903.85,1145.53,2711,2025-08-24,active
3637,1671,9,pay_in_3,3,860.20,860.20,0,2026-04-23,active
3638,1672,16,pay_in_4,4,563.59,563.59,0,2026-02-08,paid_off
3639,1673,26,pay_in_4,4,661.00,661.00,0,2025-10-25,paid_off
3640,1673,23,pay_in_4,4,1053.11,1053.11,0,2026-01-22,paid_off
3641,1673,29,pay_monthly_12,12,1205.56,1602.70,3340,2025-05-14,paid_off
3642,1673,11,pay_monthly_12,12,1650.00,2100.63,2769,2025-03-02,defaulted
3643,1673,1,pay_in_3,3,202.12,202.12,0,2025-12-06,paid_off
3644,1673,24,pay_in_4,4,1631.05,1631.05,0,2026-05-20,active
3645,1673,17,pay_monthly_12,12,1009.62,1344.70,3365,2026-04-20,active
3646,1674,7,pay_monthly_12,12,662.26,846.26,2817,2025-10-25,active
3647,1674,1,pay_monthly_6,6,121.49,135.25,2296,2026-02-08,active
3648,1674,45,pay_in_4,4,157.99,157.99,0,2026-04-02,paid_off
3649,1675,1,pay_monthly_6,6,244.70,267.02,1850,2026-06-03,active
3650,1676,18,pay_in_3,3,714.71,714.71,0,2025-12-08,paid_off
3651,1676,21,pay_monthly_12,12,750.00,967.70,2943,2026-04-15,active
3652,1676,5,pay_in_3,3,291.88,291.88,0,2025-06-08,paid_off
3653,1676,38,pay_in_4,4,80.05,80.05,0,2026-03-11,defaulted
3654,1676,40,pay_in_4,4,87.63,87.63,0,2026-03-03,delinquent
3655,1678,24,pay_in_4,4,1458.90,1458.90,0,2026-01-21,paid_off
3656,1678,29,pay_in_3,3,295.77,295.77,0,2025-05-02,paid_off
3657,1678,3,pay_in_4,4,344.67,344.67,0,2026-02-10,paid_off
3658,1678,52,pay_monthly_12,12,58.52,75.58,2955,2025-07-16,active
3659,1678,36,pay_in_4,4,147.13,147.13,0,2025-05-02,paid_off
3660,1679,1,pay_in_4,4,269.48,269.48,0,2026-03-06,paid_off
3661,1679,52,pay_in_4,4,111.02,111.02,0,2025-09-04,paid_off
3662,1679,40,pay_in_3,3,75.87,75.87,0,2025-05-07,paid_off
3663,1679,41,pay_in_3,3,93.95,93.95,0,2025-09-28,paid_off
3664,1679,35,pay_monthly_6,6,231.43,252.12,1813,2025-10-26,paid_off
3665,1681,51,pay_in_4,4,205.57,205.57,0,2026-03-03,paid_off
3666,1681,47,pay_in_3,3,300.52,300.52,0,2025-11-05,paid_off
3667,1681,53,pay_in_3,3,75.92,75.92,0,2026-03-13,paid_off
3668,1681,35,pay_in_3,3,253.59,253.59,0,2026-02-02,paid_off
3669,1682,55,pay_in_4,4,105.08,105.08,0,2025-02-18,delinquent
3670,1682,35,pay_monthly_6,6,279.71,306.37,1933,2025-10-24,paid_off
3671,1682,4,pay_in_4,4,575.11,575.11,0,2025-06-27,defaulted
3672,1683,33,pay_monthly_6,6,1550.00,1696.15,1912,2026-04-26,active
3673,1683,21,pay_in_4,4,1145.25,1145.25,0,2026-04-09,paid_off
3674,1684,27,pay_in_4,4,292.80,292.80,0,2026-03-02,paid_off
3675,1684,10,pay_in_3,3,1141.58,1141.58,0,2025-02-15,paid_off
3676,1684,35,pay_monthly_6,6,264.38,298.28,2600,2026-06-12,active
3677,1684,39,pay_in_4,4,168.62,168.62,0,2026-02-20,paid_off
3678,1684,30,pay_in_4,4,641.34,641.34,0,2025-12-10,paid_off
3679,1685,14,pay_in_4,4,397.38,397.38,0,2026-06-04,active
3680,1686,22,pay_in_4,4,859.99,859.99,0,2026-01-26,paid_off
3681,1686,19,pay_in_4,4,1415.66,1415.66,0,2025-07-24,paid_off
3682,1686,20,pay_monthly_6,6,1080.62,1179.53,1856,2026-05-14,active
3683,1686,49,pay_monthly_6,6,130.25,145.83,2426,2025-12-22,paid_off
3684,1686,48,pay_monthly_12,12,101.82,127.47,2554,2026-04-06,active
3685,1686,37,pay_monthly_12,12,53.64,66.33,2398,2025-11-03,active
3686,1687,36,pay_in_4,4,159.14,159.14,0,2026-04-17,defaulted
3687,1687,5,pay_in_3,3,258.85,258.85,0,2026-04-27,active
3688,1688,31,pay_in_3,3,912.81,912.81,0,2026-06-08,active
3689,1688,42,pay_in_4,4,71.41,71.41,0,2026-02-08,paid_off
3690,1688,34,pay_monthly_12,12,489.23,647.60,3282,2026-02-09,active
3691,1689,46,pay_in_4,4,119.90,119.90,0,2025-04-07,paid_off
3692,1689,38,pay_in_4,4,65.84,65.84,0,2025-04-07,paid_off
3693,1690,7,pay_monthly_6,6,120.43,131.20,1814,2025-10-08,paid_off
3694,1690,36,pay_monthly_6,6,62.30,67.19,1593,2026-03-20,active
3695,1690,42,pay_in_4,4,156.42,156.42,0,2025-08-28,paid_off
3696,1691,56,pay_in_4,4,97.88,97.88,0,2026-05-17,active
3697,1692,53,pay_in_3,3,45.17,45.17,0,2025-07-27,paid_off
3698,1692,40,pay_monthly_12,12,146.19,178.29,2226,2025-03-25,paid_off
3699,1692,54,pay_in_3,3,167.88,167.88,0,2025-08-23,paid_off
3700,1692,29,pay_in_4,4,305.88,305.88,0,2025-09-22,paid_off
3701,1693,1,pay_in_3,3,430.73,430.73,0,2026-05-22,active
3702,1693,24,pay_in_4,4,656.40,656.40,0,2026-06-07,active
3703,1694,49,pay_in_4,4,329.85,329.85,0,2025-12-28,paid_off
3704,1695,9,pay_in_3,3,1721.84,1721.84,0,2025-12-08,paid_off
3705,1695,15,pay_in_3,3,453.16,453.16,0,2025-12-21,paid_off
3706,1695,18,pay_in_4,4,418.32,418.32,0,2026-03-06,paid_off
3707,1696,17,pay_in_4,4,1007.29,1007.29,0,2025-06-26,defaulted
3708,1696,48,pay_monthly_6,6,432.87,466.94,1596,2025-10-17,paid_off
3709,1696,44,pay_in_4,4,301.67,301.67,0,2025-04-05,delinquent
3710,1696,3,pay_in_4,4,370.09,370.09,0,2026-04-16,paid_off
3711,1696,53,pay_in_3,3,115.11,115.11,0,2026-05-07,active
3712,1699,32,pay_monthly_6,6,425.81,477.22,2448,2026-04-10,active
3713,1699,3,pay_monthly_6,6,320.54,349.88,1856,2025-12-10,paid_off
3714,1699,35,pay_monthly_12,12,259.84,321.99,2425,2026-06-11,active
3715,1699,21,pay_in_4,4,1019.38,1019.38,0,2026-01-22,paid_off
3716,1699,8,pay_in_3,3,232.18,232.18,0,2025-08-02,paid_off
3717,1700,40,pay_in_4,4,94.66,94.66,0,2025-10-28,paid_off
3718,1700,17,pay_in_4,4,977.55,977.55,0,2026-03-04,paid_off
3719,1701,19,pay_monthly_6,6,984.16,1065.21,1670,2025-12-17,paid_off
3720,1701,7,pay_in_3,3,348.54,348.54,0,2025-06-16,paid_off
3721,1701,28,pay_monthly_6,6,338.71,380.32,2491,2025-04-19,paid_off
3722,1701,49,pay_monthly_12,12,204.84,256.96,2580,2026-04-04,active
3723,1701,18,pay_in_3,3,1016.02,1016.02,0,2025-10-08,paid_off
3724,1702,31,pay_monthly_6,6,338.67,370.29,1893,2026-05-06,active
3725,1702,56,pay_in_3,3,89.27,89.27,0,2025-08-20,paid_off
3726,1702,26,pay_monthly_12,12,598.26,760.65,2752,2025-12-09,active
3727,1703,40,pay_in_4,4,56.51,56.51,0,2026-05-16,active
3728,1703,23,pay_in_3,3,1252.45,1252.45,0,2026-01-30,paid_off
3729,1704,35,pay_in_4,4,67.51,67.51,0,2025-11-09,paid_off
3730,1704,6,pay_in_4,4,131.64,131.64,0,2026-03-14,paid_off
3731,1705,35,pay_in_4,4,119.02,119.02,0,2025-12-23,paid_off
3732,1705,50,pay_monthly_12,12,53.15,65.25,2308,2025-09-15,active
3733,1709,50,pay_monthly_6,6,155.23,167.84,1647,2026-04-25,active
3734,1710,53,pay_in_3,3,47.24,47.24,0,2025-08-05,paid_off
3735,1710,23,pay_in_3,3,820.81,820.81,0,2025-02-27,paid_off
3736,1710,18,pay_monthly_6,6,1294.34,1458.26,2568,2025-10-09,paid_off
3737,1710,21,pay_in_3,3,1512.34,1512.34,0,2025-07-25,paid_off
3738,1710,19,pay_in_3,3,1598.33,1598.33,0,2025-03-01,paid_off
3739,1712,27,pay_in_4,4,429.37,429.37,0,2026-05-13,active
3740,1712,24,pay_in_4,4,717.17,717.17,0,2026-02-20,defaulted
3741,1712,47,pay_in_4,4,407.99,407.99,0,2026-02-20,paid_off
3742,1713,39,pay_monthly_6,6,248.88,274.32,2073,2026-05-24,delinquent
3743,1714,40,pay_in_4,4,137.84,137.84,0,2026-05-08,active
3744,1714,20,pay_monthly_12,12,741.39,928.00,2552,2026-01-14,active
3745,1715,54,pay_in_3,3,126.62,126.62,0,2026-05-25,active
3746,1716,54,pay_in_3,3,63.58,63.58,0,2026-04-05,defaulted
3747,1716,25,pay_in_3,3,1445.85,1445.85,0,2026-06-09,active
3748,1716,51,pay_monthly_6,6,34.34,37.94,2127,2025-08-25,paid_off
3749,1719,51,pay_in_4,4,86.27,86.27,0,2025-07-07,paid_off
3750,1721,35,pay_in_4,4,176.14,176.14,0,2026-02-16,paid_off
3751,1721,52,pay_in_4,4,60.40,60.40,0,2026-05-16,active
3752,1721,49,pay_in_3,3,168.21,168.21,0,2026-04-10,active
3753,1722,16,pay_monthly_6,6,812.66,885.56,1819,2026-04-01,active
3754,1723,2,pay_in_4,4,133.73,133.73,0,2025-07-06,paid_off
3755,1723,55,pay_monthly_6,6,175.53,196.04,2369,2026-05-13,active
3756,1723,10,pay_in_4,4,765.95,765.95,0,2025-12-15,paid_off
3757,1724,21,pay_in_4,4,584.28,584.28,0,2026-06-09,active
3758,1725,30,pay_monthly_6,6,332.57,360.60,1709,2025-12-01,paid_off
3759,1725,10,pay_in_4,4,242.67,242.67,0,2026-03-01,delinquent
3760,1726,43,pay_in_3,3,409.22,409.22,0,2025-03-24,paid_off
3761,1726,30,pay_in_4,4,551.29,551.29,0,2026-04-23,paid_off
3762,1726,18,pay_in_4,4,2047.68,2047.68,0,2026-04-11,paid_off
3763,1726,52,pay_monthly_6,6,107.27,116.06,1661,2025-10-06,paid_off
3764,1726,4,pay_in_4,4,253.48,253.48,0,2025-04-01,paid_off
3765,1726,45,pay_in_4,4,231.76,231.76,0,2025-07-18,paid_off
3766,1728,31,pay_in_4,4,743.06,743.06,0,2026-04-04,paid_off
3767,1728,49,pay_in_4,4,160.74,160.74,0,2026-06-10,active
3768,1730,4,pay_in_4,4,565.80,565.80,0,2025-12-23,paid_off
3769,1730,26,pay_in_4,4,391.35,391.35,0,2026-04-28,active
3770,1731,16,pay_in_3,3,610.21,610.21,0,2025-10-04,paid_off
3771,1731,26,pay_monthly_12,12,311.28,381.00,2271,2026-01-12,delinquent
3772,1732,36,pay_in_4,4,204.08,204.08,0,2026-06-04,active
3773,1732,37,pay_monthly_12,12,265.21,333.19,2599,2026-03-05,delinquent
3774,1732,11,pay_monthly_6,6,1919.53,2124.38,2164,2025-11-15,paid_off
3775,1733,54,pay_in_4,4,102.73,102.73,0,2026-02-24,paid_off
3776,1733,49,pay_in_3,3,282.24,282.24,0,2026-05-12,active
3777,1734,7,pay_monthly_12,12,365.96,483.66,3261,2026-05-06,active
3778,1734,15,pay_in_4,4,728.10,728.10,0,2026-05-20,active
3779,1735,30,pay_in_4,4,461.49,461.49,0,2025-10-09,paid_off
3780,1736,26,pay_in_4,4,607.15,607.15,0,2026-01-19,paid_off
3781,1737,6,pay_in_4,4,184.27,184.27,0,2026-02-06,paid_off
3782,1737,7,pay_in_4,4,422.12,422.12,0,2025-06-11,paid_off
3783,1737,50,pay_monthly_6,6,215.47,231.69,1526,2026-02-09,active
3784,1737,43,pay_in_4,4,247.10,247.10,0,2025-10-01,paid_off
3785,1738,54,pay_monthly_12,12,84.74,110.01,3023,2025-05-14,paid_off
3786,1738,52,pay_monthly_12,12,63.05,77.91,2389,2026-01-17,active
3787,1738,16,pay_monthly_12,12,745.66,966.59,3004,2025-02-24,delinquent
3788,1739,13,pay_monthly_12,12,548.94,721.71,3191,2026-06-15,active
3789,1739,11,pay_monthly_6,6,761.61,823.17,1639,2025-06-12,paid_off
3790,1739,32,pay_in_4,4,367.44,367.44,0,2026-01-16,paid_off
3791,1742,40,pay_monthly_12,12,143.49,188.93,3211,2026-03-03,active
3792,1743,39,pay_in_4,4,136.72,136.72,0,2026-02-02,delinquent
3793,1744,51,pay_in_3,3,62.13,62.13,0,2025-08-21,paid_off
3794,1744,12,pay_monthly_6,6,870.62,970.23,2320,2026-03-11,active
3795,1744,40,pay_in_3,3,90.98,90.98,0,2026-05-07,delinquent
3796,1744,23,pay_in_3,3,1209.25,1209.25,0,2026-06-15,active
3797,1744,14,pay_monthly_12,12,1250.00,1605.81,2886,2026-03-21,active
3798,1744,39,pay_in_4,4,166.13,166.13,0,2026-01-05,paid_off
3799,1744,15,pay_in_4,4,623.68,623.68,0,2025-12-26,paid_off
3800,1745,3,pay_in_4,4,357.99,357.99,0,2025-10-30,paid_off
3801,1746,37,pay_monthly_6,6,88.48,96.49,1835,2026-02-28,active
3802,1746,43,pay_in_4,4,178.48,178.48,0,2026-05-14,active
3803,1747,3,pay_in_4,4,386.89,386.89,0,2026-04-14,paid_off
3804,1747,24,pay_in_4,4,750.00,750.00,0,2026-05-23,active
3805,1748,40,pay_in_4,4,56.25,56.25,0,2026-01-04,paid_off
3806,1748,36,pay_in_4,4,113.15,113.15,0,2026-01-17,paid_off
3807,1749,12,pay_monthly_6,6,641.85,702.05,1902,2025-01-25,paid_off
3808,1749,37,pay_in_4,4,166.15,166.15,0,2025-06-04,paid_off
3809,1749,18,pay_in_4,4,1106.83,1106.83,0,2026-05-03,active
3810,1749,44,pay_in_3,3,466.23,466.23,0,2025-11-22,paid_off
3811,1749,54,pay_in_3,3,76.33,76.33,0,2025-01-25,paid_off
3812,1750,43,pay_in_4,4,96.94,96.94,0,2026-01-24,paid_off
3813,1751,54,pay_monthly_6,6,61.23,68.91,2544,2025-01-04,paid_off
3814,1751,15,pay_monthly_6,6,718.98,789.40,1986,2025-08-15,defaulted
3815,1751,2,pay_monthly_12,12,591.00,779.92,3241,2025-11-20,active
3816,1751,23,pay_in_3,3,1287.10,1287.10,0,2025-09-27,paid_off
3817,1751,43,pay_monthly_12,12,132.72,168.89,2763,2025-11-01,active
3818,1753,41,pay_in_4,4,425.30,425.30,0,2025-12-21,paid_off
3819,1753,34,pay_in_4,4,756.30,756.30,0,2025-03-28,paid_off
3820,1753,48,pay_in_4,4,296.71,296.71,0,2026-04-17,paid_off
3821,1753,29,pay_in_4,4,675.85,675.85,0,2026-03-13,paid_off
3822,1753,44,pay_in_4,4,420.11,420.11,0,2025-12-05,paid_off
3823,1753,4,pay_in_3,3,387.76,387.76,0,2026-06-01,active
3824,1753,16,pay_in_3,3,1000.00,1000.00,0,2025-03-28,paid_off
3825,1754,7,pay_in_4,4,225.56,225.56,0,2026-02-28,paid_off
3826,1754,27,pay_in_4,4,806.49,806.49,0,2025-07-16,paid_off
3827,1754,2,pay_in_4,4,195.77,195.77,0,2025-10-04,defaulted
3828,1754,27,pay_monthly_6,6,879.51,985.77,2450,2026-02-19,active
3829,1754,24,pay_in_4,4,951.29,951.29,0,2026-04-18,paid_off
3830,1755,43,pay_monthly_6,6,190.43,204.92,1543,2026-02-11,active
3831,1755,52,pay_in_4,4,88.38,88.38,0,2025-11-23,paid_off
3832,1755,39,pay_in_4,4,515.24,515.24,0,2025-11-06,paid_off
3833,1755,38,pay_in_4,4,156.33,156.33,0,2025-04-11,paid_off
3834,1756,52,pay_in_4,4,68.58,68.58,0,2026-05-22,active
3835,1756,36,pay_monthly_12,12,104.57,134.92,2943,2025-11-05,active
3836,1756,32,pay_in_4,4,772.75,772.75,0,2026-03-09,paid_off
3837,1756,51,pay_in_3,3,155.81,155.81,0,2025-12-03,paid_off
3838,1756,40,pay_in_4,4,587.72,587.72,0,2025-11-10,paid_off
3839,1757,51,pay_in_4,4,59.95,59.95,0,2026-04-16,paid_off
3840,1758,46,pay_in_4,4,317.73,317.73,0,2026-05-13,delinquent
3841,1758,18,pay_monthly_6,6,469.59,529.59,2591,2026-06-14,active
3842,1759,8,pay_in_4,4,249.61,249.61,0,2025-02-22,paid_off
3843,1759,24,pay_in_3,3,896.05,896.05,0,2025-07-25,defaulted
3844,1759,3,pay_monthly_6,6,141.82,153.75,1706,2026-05-02,active
3845,1759,36,pay_in_4,4,76.46,76.46,0,2026-04-19,paid_off
3846,1759,43,pay_in_4,4,195.38,195.38,0,2025-04-24,paid_off
3847,1759,42,pay_monthly_6,6,148.73,165.20,2246,2025-05-14,paid_off
3848,1760,46,pay_in_4,4,106.74,106.74,0,2025-12-28,paid_off
3849,1762,41,pay_monthly_6,6,95.22,106.22,2342,2026-05-01,active
3850,1765,10,pay_in_4,4,2177.76,2177.76,0,2025-09-14,paid_off
3851,1765,31,pay_in_4,4,711.58,711.58,0,2025-12-09,paid_off
3852,1765,55,pay_in_3,3,32.46,32.46,0,2025-02-15,paid_off
3853,1765,31,pay_in_4,4,507.63,507.63,0,2026-02-11,paid_off
3854,1765,26,pay_in_3,3,444.86,444.86,0,2026-02-26,paid_off
3855,1766,18,pay_in_4,4,1110.94,1110.94,0,2026-04-20,paid_off
3856,1767,53,pay_monthly_6,6,114.64,128.51,2453,2026-05-25,defaulted
3857,1770,51,pay_monthly_12,12,158.86,193.94,2239,2026-02-07,active
3858,1770,43,pay_monthly_6,6,318.13,355.09,2356,2025-11-18,paid_off
3859,1770,38,pay_in_4,4,71.33,71.33,0,2025-09-19,paid_off
3860,1770,48,pay_in_4,4,131.86,131.86,0,2025-08-18,paid_off
3861,1772,44,pay_monthly_12,12,295.27,376.52,2790,2026-04-11,defaulted
3862,1773,37,pay_in_3,3,138.97,138.97,0,2026-05-01,active
3863,1774,20,pay_in_3,3,1081.94,1081.94,0,2026-06-09,active
3864,1774,4,pay_monthly_6,6,282.11,316.01,2437,2025-12-11,paid_off
3865,1774,28,pay_in_4,4,706.45,706.45,0,2025-04-03,paid_off
3866,1774,22,pay_in_3,3,589.17,589.17,0,2026-02-12,paid_off
3867,1774,50,pay_in_4,4,49.00,49.00,0,2026-04-21,defaulted
3868,1774,7,pay_monthly_12,12,167.08,211.75,2711,2026-02-07,active
3869,1776,56,pay_monthly_6,6,78.01,84.78,1759,2025-04-10,paid_off
3870,1776,49,pay_in_4,4,266.94,266.94,0,2025-12-22,paid_off
3871,1776,20,pay_monthly_6,6,742.97,808.41,1786,2026-05-27,active
3872,1777,5,pay_in_4,4,290.91,290.91,0,2026-04-18,paid_off
3873,1777,28,pay_monthly_12,12,408.38,525.35,2904,2025-11-08,active
3874,1778,21,pay_in_3,3,1469.83,1469.83,0,2025-07-24,paid_off
3875,1779,40,pay_in_4,4,136.64,136.64,0,2025-11-05,paid_off
3876,1779,54,pay_in_4,4,131.52,131.52,0,2025-04-13,paid_off
3877,1779,11,pay_in_3,3,711.05,711.05,0,2026-04-24,active
3878,1780,21,pay_monthly_12,12,448.08,583.49,3064,2026-05-23,active
3879,1780,14,pay_monthly_6,6,771.20,863.66,2431,2026-05-22,active
3880,1780,3,pay_in_4,4,324.05,324.05,0,2026-05-13,active
3881,1782,6,pay_in_3,3,375.03,375.03,0,2026-03-09,paid_off
3882,1782,32,pay_in_4,4,293.38,293.38,0,2026-01-02,paid_off
3883,1782,56,pay_in_4,4,71.06,71.06,0,2026-02-16,paid_off
3884,1783,15,pay_monthly_12,12,589.99,733.60,2468,2025-10-11,active
3885,1783,30,pay_in_4,4,311.70,311.70,0,2025-12-18,paid_off
3886,1784,15,pay_in_4,4,713.97,713.97,0,2026-03-12,paid_off
3887,1784,5,pay_in_4,4,230.39,230.39,0,2025-12-16,paid_off
3888,1785,13,pay_in_4,4,1872.16,1872.16,0,2025-07-15,paid_off
3889,1785,52,pay_in_4,4,60.27,60.27,0,2026-04-01,paid_off
3890,1786,3,pay_in_3,3,438.58,438.58,0,2025-09-22,paid_off
3891,1786,37,pay_in_4,4,70.30,70.30,0,2026-04-17,paid_off
3892,1786,20,pay_in_4,4,897.07,897.07,0,2025-04-15,paid_off
3893,1788,41,pay_in_4,4,104.24,104.24,0,2025-12-17,paid_off
3894,1788,18,pay_in_4,4,1081.50,1081.50,0,2025-07-10,paid_off
3895,1788,31,pay_monthly_12,12,638.90,801.92,2587,2025-07-10,active
3896,1788,28,pay_monthly_12,12,660.83,862.36,3092,2025-10-06,defaulted
3897,1788,23,pay_in_3,3,254.44,254.44,0,2026-05-12,active
3898,1791,37,pay_monthly_6,6,68.40,75.06,1974,2025-05-04,paid_off
3899,1791,49,pay_in_4,4,330.65,330.65,0,2026-03-12,paid_off
3900,1791,5,pay_monthly_12,12,230.63,302.28,3150,2026-03-17,active
3901,1791,43,pay_in_4,4,207.41,207.41,0,2026-04-13,delinquent
3902,1791,2,pay_in_4,4,284.72,284.72,0,2025-11-21,defaulted
3903,1792,10,pay_monthly_6,6,791.89,879.80,2251,2026-01-18,defaulted
3904,1793,22,pay_in_4,4,888.39,888.39,0,2025-09-29,defaulted
3905,1794,30,pay_in_4,4,348.33,348.33,0,2026-05-31,active
3906,1794,10,pay_monthly_6,6,683.98,769.79,2544,2026-05-31,active
3907,1795,44,pay_in_4,4,198.88,198.88,0,2025-07-22,paid_off
3908,1795,23,pay_in_4,4,643.61,643.61,0,2026-03-09,paid_off
3909,1795,40,pay_monthly_12,12,137.46,168.81,2312,2026-03-16,active
3910,1795,38,pay_in_4,4,58.49,58.49,0,2026-03-25,paid_off
3911,1796,47,pay_in_4,4,332.28,332.28,0,2026-02-05,paid_off
3912,1797,52,pay_in_3,3,102.69,102.69,0,2026-01-03,paid_off
3913,1797,18,pay_in_4,4,554.06,554.06,0,2025-07-28,paid_off
3914,1797,17,pay_in_4,4,778.76,778.76,0,2025-07-28,paid_off
3915,1797,7,pay_monthly_12,12,249.23,330.47,3305,2025-12-02,active
3916,1797,21,pay_in_4,4,1136.45,1136.45,0,2026-03-26,paid_off
3917,1798,10,pay_in_4,4,700.00,700.00,0,2025-12-29,paid_off
3918,1798,50,pay_in_3,3,66.17,66.17,0,2026-05-27,active
3919,1798,1,pay_in_4,4,289.77,289.77,0,2026-05-07,defaulted
3920,1799,42,pay_monthly_12,12,67.82,89.65,3263,2025-05-28,paid_off
3921,1799,26,pay_in_4,4,375.58,375.58,0,2026-05-06,active
3922,1799,56,pay_in_3,3,90.98,90.98,0,2025-10-16,paid_off
3923,1800,29,pay_monthly_12,12,371.59,473.62,2784,2026-04-22,active
3924,1804,27,pay_in_4,4,346.97,346.97,0,2026-02-27,paid_off
3925,1804,56,pay_in_3,3,56.51,56.51,0,2025-08-16,paid_off
3926,1804,12,pay_in_3,3,511.13,511.13,0,2026-01-06,paid_off
3927,1804,5,pay_in_3,3,149.46,149.46,0,2025-08-02,paid_off
3928,1804,47,pay_monthly_12,12,445.87,546.31,2284,2025-03-31,paid_off
3929,1806,47,pay_in_3,3,262.78,262.78,0,2025-03-12,delinquent
3930,1806,4,pay_in_4,4,235.35,235.35,0,2026-03-08,paid_off
3931,1806,38,pay_monthly_6,6,206.48,226.75,1991,2026-02-15,active
3932,1806,40,pay_monthly_12,12,121.55,161.29,3315,2026-05-02,active
3933,1806,29,pay_in_4,4,425.64,425.64,0,2025-03-05,paid_off
3934,1806,31,pay_monthly_12,12,321.43,387.63,2088,2025-04-06,paid_off
3935,1807,27,pay_in_4,4,1121.35,1121.35,0,2026-02-22,paid_off
3936,1807,11,pay_in_4,4,386.25,386.25,0,2025-09-05,paid_off
3937,1808,33,pay_in_4,4,910.15,910.15,0,2026-04-19,paid_off
3938,1808,31,pay_monthly_12,12,639.44,790.61,2397,2026-02-22,active
3939,1808,36,pay_monthly_12,12,393.14,519.51,3259,2025-12-14,active
3940,1808,47,pay_monthly_6,6,337.03,375.36,2306,2025-09-09,paid_off
3941,1810,36,pay_in_4,4,64.96,64.96,0,2026-04-01,paid_off
3942,1810,35,pay_in_4,4,114.03,114.03,0,2026-02-27,paid_off
3943,1810,8,pay_in_4,4,262.33,262.33,0,2026-04-23,paid_off
3944,1810,37,pay_in_3,3,156.08,156.08,0,2025-08-27,paid_off
3945,1811,54,pay_monthly_12,12,120.01,145.51,2154,2026-01-14,active
3946,1812,24,pay_in_4,4,828.78,828.78,0,2026-04-22,paid_off
3947,1812,33,pay_in_4,4,475.04,475.04,0,2026-02-21,paid_off
3948,1812,37,pay_in_4,4,167.78,167.78,0,2026-05-10,active
3949,1813,9,pay_in_3,3,510.19,510.19,0,2026-01-08,paid_off
3950,1813,34,pay_monthly_6,6,327.52,356.74,1809,2025-10-01,paid_off
3951,1814,10,pay_in_4,4,1073.03,1073.03,0,2026-05-02,active
3952,1814,44,pay_in_4,4,226.88,226.88,0,2025-05-19,paid_off
3953,1814,5,pay_monthly_6,6,240.53,266.33,2175,2025-11-19,paid_off
3954,1814,37,pay_in_4,4,346.06,346.06,0,2026-01-03,paid_off
3955,1815,17,pay_in_3,3,757.38,757.38,0,2025-05-05,delinquent
3956,1815,1,pay_in_4,4,504.97,504.97,0,2025-12-17,paid_off
3957,1816,15,pay_in_4,4,736.12,736.12,0,2026-03-02,paid_off
3958,1816,42,pay_in_4,4,448.87,448.87,0,2026-03-17,paid_off
3959,1816,40,pay_in_4,4,324.32,324.32,0,2025-04-28,paid_off
3960,1816,16,pay_monthly_6,6,382.23,418.38,1918,2025-02-22,delinquent
3961,1816,3,pay_in_4,4,263.78,263.78,0,2026-01-26,paid_off
3962,1816,37,pay_in_3,3,206.54,206.54,0,2025-10-24,paid_off
3963,1817,47,pay_in_3,3,595.15,595.15,0,2026-03-12,paid_off
3964,1817,20,pay_in_4,4,2497.61,2497.61,0,2026-02-11,paid_off
3965,1817,26,pay_monthly_6,6,959.50,1080.59,2559,2026-02-12,active
3966,1817,37,pay_in_4,4,182.94,182.94,0,2025-11-18,paid_off
3967,1818,10,pay_in_4,4,850.00,850.00,0,2026-06-01,active
3968,1818,5,pay_in_4,4,393.30,393.30,0,2025-11-23,paid_off
3969,1818,17,pay_monthly_6,6,842.01,935.77,2258,2026-02-03,active
3970,1818,52,pay_in_3,3,41.98,41.98,0,2026-04-11,defaulted
3971,1818,23,pay_in_4,4,850.00,850.00,0,2026-03-01,paid_off
3972,1819,40,pay_in_3,3,164.58,164.58,0,2026-04-07,active
3973,1820,8,pay_in_4,4,368.36,368.36,0,2026-04-19,paid_off
3974,1820,4,pay_monthly_6,6,106.55,115.56,1715,2026-03-02,active
3975,1821,49,pay_in_4,4,246.04,246.04,0,2026-04-21,paid_off
3976,1821,4,pay_monthly_6,6,449.75,483.84,1537,2026-03-12,delinquent
3977,1822,47,pay_in_4,4,182.08,182.08,0,2025-06-27,delinquent
3978,1822,16,pay_in_4,4,705.75,705.75,0,2025-12-05,paid_off
3979,1822,52,pay_monthly_12,12,25.30,30.83,2217,2026-02-10,active
3980,1822,54,pay_in_4,4,94.40,94.40,0,2026-02-25,paid_off
3981,1823,16,pay_in_3,3,550.00,550.00,0,2025-06-26,delinquent
3982,1823,34,pay_in_4,4,550.00,550.00,0,2025-06-25,paid_off
3983,1823,21,pay_monthly_6,6,550.00,597.09,1736,2025-09-09,paid_off
3984,1823,52,pay_in_3,3,99.11,99.11,0,2025-05-05,delinquent
3985,1823,20,pay_monthly_6,6,431.95,480.65,2286,2025-11-14,paid_off
3986,1823,15,pay_in_4,4,550.00,550.00,0,2025-06-17,defaulted
3987,1824,23,pay_monthly_6,6,1050.34,1171.65,2342,2026-04-18,active
3988,1824,37,pay_in_4,4,119.95,119.95,0,2026-02-14,paid_off
3989,1824,48,pay_monthly_12,12,491.10,625.08,2766,2026-04-16,active
3990,1825,50,pay_in_3,3,58.71,58.71,0,2026-02-20,paid_off
3991,1825,55,pay_in_4,4,53.37,53.37,0,2025-09-10,paid_off
3992,1826,31,pay_monthly_6,6,1058.13,1192.18,2569,2026-03-21,active
3993,1826,39,pay_monthly_6,6,125.54,135.77,1653,2026-05-24,active
3994,1827,28,pay_monthly_6,6,565.81,618.74,1897,2026-05-21,active
3995,1827,35,pay_monthly_6,6,110.80,124.84,2569,2025-12-22,defaulted
3996,1828,1,pay_monthly_12,12,316.38,383.47,2150,2025-08-01,active
3997,1828,8,pay_in_4,4,474.33,474.33,0,2026-01-07,paid_off
3998,1828,24,pay_monthly_12,12,950.26,1187.76,2534,2025-03-18,paid_off
3999,1828,24,pay_in_4,4,1274.82,1274.82,0,2025-05-03,paid_off
4000,1828,11,pay_monthly_12,12,1138.73,1369.31,2053,2026-03-04,active
4001,1828,20,pay_monthly_6,6,778.64,849.87,1855,2025-10-04,paid_off
4002,1830,50,pay_monthly_12,12,116.41,140.56,2103,2026-05-13,active
4003,1830,14,pay_in_4,4,320.37,320.37,0,2026-02-18,paid_off
4004,1830,12,pay_in_4,4,927.15,927.15,0,2026-06-01,active
4005,1830,36,pay_in_4,4,181.87,181.87,0,2026-02-07,defaulted
4006,1831,24,pay_in_4,4,1263.76,1263.76,0,2025-12-14,paid_off
4007,1831,47,pay_in_3,3,234.83,234.83,0,2026-02-03,paid_off
4008,1831,49,pay_in_4,4,136.59,136.59,0,2025-07-16,paid_off
4009,1832,22,pay_monthly_12,12,1047.07,1377.96,3204,2025-08-17,active
4010,1832,14,pay_in_4,4,814.85,814.85,0,2025-04-04,paid_off
4011,1832,43,pay_monthly_12,12,186.93,244.31,3112,2026-04-26,active
4012,1832,39,pay_in_3,3,97.19,97.19,0,2025-05-02,paid_off
4013,1834,42,pay_in_4,4,75.00,75.00,0,2026-04-09,paid_off
4014,1836,52,pay_in_4,4,74.12,74.12,0,2026-03-24,paid_off
4015,1836,4,pay_monthly_12,12,594.94,722.10,2167,2026-05-02,active
4016,1836,17,pay_in_4,4,594.39,594.39,0,2025-01-04,paid_off
4017,1837,46,pay_monthly_12,12,1093.58,1408.32,2918,2025-11-16,active
4018,1837,12,pay_in_4,4,982.15,982.15,0,2025-03-25,paid_off
4019,1837,46,pay_monthly_6,6,461.25,506.11,1972,2026-03-28,active
4020,1837,28,pay_monthly_6,6,237.42,259.61,1895,2025-06-23,paid_off
4021,1837,38,pay_in_4,4,187.47,187.47,0,2026-05-03,active
4022,1838,14,pay_in_4,4,1207.19,1207.19,0,2026-01-08,paid_off
4023,1839,16,pay_in_3,3,633.66,633.66,0,2026-01-22,paid_off
4024,1839,48,pay_in_4,4,152.37,152.37,0,2025-04-07,paid_off
4025,1839,40,pay_monthly_6,6,216.29,237.13,1954,2026-02-24,active
4026,1839,52,pay_in_4,4,94.08,94.08,0,2025-04-07,paid_off
4027,1840,56,pay_monthly_12,12,81.47,102.51,2619,2026-02-08,active
4028,1840,6,pay_in_4,4,264.00,264.00,0,2026-04-12,paid_off
4029,1842,37,pay_in_4,4,232.43,232.43,0,2026-04-28,active
4030,1842,31,pay_in_4,4,375.23,375.23,0,2025-04-12,paid_off
4031,1842,5,pay_monthly_6,6,290.16,325.29,2455,2026-06-11,active
4032,1842,44,pay_in_4,4,209.15,209.15,0,2025-01-22,paid_off
4033,1843,46,pay_monthly_12,12,641.88,779.20,2169,2025-05-17,paid_off
4034,1843,3,pay_in_3,3,186.16,186.16,0,2025-12-13,paid_off
4035,1843,6,pay_in_4,4,521.20,521.20,0,2025-11-23,paid_off
4036,1843,34,pay_in_3,3,212.24,212.24,0,2025-12-01,defaulted
4037,1845,25,pay_monthly_6,6,895.21,1009.68,2593,2026-03-21,active
4038,1845,37,pay_in_4,4,59.64,59.64,0,2026-01-01,paid_off
4039,1846,37,pay_in_4,4,128.24,128.24,0,2025-08-23,paid_off
4040,1846,47,pay_in_3,3,116.82,116.82,0,2025-10-12,paid_off
4041,1846,34,pay_in_4,4,459.50,459.50,0,2025-12-22,paid_off
4042,1846,50,pay_monthly_6,6,38.54,43.35,2533,2025-08-04,paid_off
4043,1847,53,pay_in_4,4,62.91,62.91,0,2026-05-28,active
4044,1847,17,pay_in_4,4,650.00,650.00,0,2026-05-04,active
4045,1847,35,pay_monthly_6,6,142.67,157.30,2080,2025-11-22,delinquent
4046,1848,3,pay_monthly_6,6,354.73,388.51,1931,2025-09-05,delinquent
4047,1848,47,pay_in_4,4,330.84,330.84,0,2025-06-01,paid_off
4048,1848,33,pay_in_4,4,305.71,305.71,0,2025-09-05,paid_off
4049,1848,45,pay_monthly_6,6,490.84,528.96,1575,2026-05-27,active
4050,1848,32,pay_monthly_6,6,474.17,524.07,2134,2025-10-14,paid_off
4051,1848,48,pay_in_3,3,557.23,557.23,0,2026-01-21,paid_off
4052,1850,31,pay_in_4,4,728.05,728.05,0,2026-01-18,paid_off
4053,1852,29,pay_in_4,4,219.63,219.63,0,2026-04-15,paid_off
4054,1852,8,pay_in_4,4,390.93,390.93,0,2025-12-24,delinquent
4055,1852,30,pay_monthly_12,12,387.75,466.99,2072,2025-11-25,active
4056,1852,48,pay_in_4,4,257.23,257.23,0,2025-11-27,paid_off
4057,1853,29,pay_monthly_12,12,421.57,514.33,2231,2026-01-06,active
4058,1853,7,pay_in_4,4,314.77,314.77,0,2026-04-27,paid_off
4059,1853,25,pay_in_3,3,1037.10,1037.10,0,2025-07-20,paid_off
4060,1854,43,pay_in_4,4,159.97,159.97,0,2026-05-12,active
4061,1854,21,pay_monthly_6,6,650.00,727.19,2408,2026-04-08,delinquent
4062,1856,52,pay_in_4,4,71.94,71.94,0,2026-05-28,active
4063,1856,13,pay_in_3,3,803.66,803.66,0,2025-12-06,paid_off
4064,1857,23,pay_monthly_12,12,1715.89,2166.40,2662,2026-02-14,delinquent
4065,1857,38,pay_in_4,4,61.98,61.98,0,2025-05-27,paid_off
4066,1858,24,pay_in_4,4,682.22,682.22,0,2026-05-04,active
4067,1858,40,pay_monthly_12,12,104.33,132.14,2703,2026-04-17,active
4068,1859,25,pay_monthly_6,6,550.00,613.69,2348,2025-11-08,paid_off
4069,1859,22,pay_in_4,4,550.00,550.00,0,2026-05-27,active
4070,1859,15,pay_in_4,4,550.00,550.00,0,2025-08-15,paid_off
4071,1859,55,pay_in_3,3,70.08,70.08,0,2025-11-11,paid_off
4072,1860,46,pay_in_4,4,252.96,252.96,0,2026-05-07,active
4073,1860,33,pay_in_3,3,477.57,477.57,0,2026-05-19,active
4074,1861,54,pay_in_3,3,86.77,86.77,0,2026-04-14,defaulted
4075,1861,28,pay_in_3,3,527.93,527.93,0,2026-06-01,active
4076,1863,47,pay_monthly_6,6,519.88,579.95,2343,2026-05-07,active
4077,1864,6,pay_in_4,4,168.17,168.17,0,2025-12-26,defaulted
4078,1864,36,pay_in_4,4,123.32,123.32,0,2026-01-17,paid_off
4079,1864,49,pay_in_4,4,157.40,157.40,0,2026-03-18,paid_off
4080,1865,7,pay_in_3,3,336.43,336.43,0,2026-05-14,active
4081,1865,44,pay_in_4,4,132.11,132.11,0,2025-11-09,paid_off
4082,1865,12,pay_in_4,4,846.34,846.34,0,2026-04-20,paid_off
4083,1865,53,pay_in_3,3,75.82,75.82,0,2025-10-07,delinquent
4084,1865,7,pay_in_3,3,155.49,155.49,0,2026-05-28,active
4085,1867,33,pay_in_4,4,456.85,456.85,0,2026-04-16,paid_off
4086,1867,34,pay_monthly_12,12,414.97,534.11,2911,2026-04-06,active
4087,1868,25,pay_monthly_12,12,1016.64,1250.37,2331,2026-04-18,active
4088,1868,36,pay_in_4,4,176.34,176.34,0,2026-05-18,active
4089,1868,27,pay_in_4,4,288.76,288.76,0,2025-07-27,paid_off
4090,1869,27,pay_in_3,3,410.49,410.49,0,2025-06-01,paid_off
4091,1869,51,pay_in_4,4,139.01,139.01,0,2026-03-08,paid_off
4092,1869,46,pay_in_3,3,300.76,300.76,0,2026-05-26,active
4093,1869,32,pay_in_4,4,446.95,446.95,0,2025-03-08,defaulted
4094,1870,35,pay_monthly_6,6,403.07,447.32,2226,2026-04-25,active
4095,1870,15,pay_in_4,4,488.91,488.91,0,2025-08-29,defaulted
4096,1872,25,pay_monthly_6,6,909.12,979.64,1573,2026-06-08,active
4097,1872,31,pay_monthly_6,6,428.56,469.14,1920,2025-08-21,paid_off
4098,1872,34,pay_monthly_6,6,707.97,795.18,2498,2025-08-04,delinquent
4099,1872,33,pay_in_3,3,725.85,725.85,0,2025-07-07,delinquent
4100,1873,20,pay_monthly_12,12,700.00,904.09,2956,2026-02-12,active
4101,1873,38,pay_monthly_12,12,127.30,154.19,2142,2026-01-23,active
4102,1874,25,pay_in_3,3,1290.47,1290.47,0,2026-06-01,active
4103,1879,5,pay_in_4,4,407.45,407.45,0,2026-01-09,paid_off
4104,1879,11,pay_in_4,4,519.13,519.13,0,2025-05-25,paid_off
4105,1879,39,pay_monthly_12,12,432.09,566.80,3161,2026-05-16,active
4106,1879,52,pay_in_3,3,58.34,58.34,0,2026-01-03,defaulted
4107,1882,43,pay_in_4,4,426.49,426.49,0,2026-05-22,active
4108,1882,53,pay_in_3,3,43.09,43.09,0,2025-11-28,paid_off
4109,1882,49,pay_monthly_12,12,348.63,450.20,2954,2025-10-07,active
4110,1882,35,pay_in_4,4,290.93,290.93,0,2025-06-06,paid_off
4111,1883,13,pay_in_4,4,472.39,472.39,0,2026-03-24,paid_off
4112,1883,56,pay_in_4,4,59.24,59.24,0,2026-05-13,active
4113,1883,19,pay_in_4,4,1118.29,1118.29,0,2026-02-16,paid_off
4114,1886,23,pay_in_3,3,912.03,912.03,0,2026-05-12,delinquent
4115,1887,54,pay_in_4,4,126.07,126.07,0,2025-12-25,paid_off
4116,1887,4,pay_in_3,3,287.97,287.97,0,2026-01-20,paid_off
4117,1887,18,pay_in_4,4,547.51,547.51,0,2025-11-25,paid_off
4118,1889,15,pay_monthly_6,6,463.00,511.45,2122,2025-03-25,paid_off
4119,1889,16,pay_in_4,4,1249.63,1249.63,0,2025-11-25,paid_off
4120,1889,4,pay_monthly_6,6,309.40,332.53,1516,2026-02-02,active
4121,1890,17,pay_monthly_6,6,762.95,853.06,2395,2026-03-20,active
4122,1890,40,pay_monthly_6,6,166.79,182.62,1924,2025-01-11,paid_off
4123,1890,6,pay_in_4,4,524.76,524.76,0,2026-03-12,paid_off
4124,1890,7,pay_in_4,4,419.00,419.00,0,2025-10-16,paid_off
4125,1890,52,pay_in_4,4,171.14,171.14,0,2026-05-08,delinquent
4126,1890,27,pay_in_3,3,734.76,734.76,0,2026-02-19,paid_off
4127,1891,51,pay_monthly_6,6,135.63,148.26,1889,2025-11-23,paid_off
4128,1892,33,pay_in_4,4,238.55,238.55,0,2025-06-12,paid_off
4129,1892,51,pay_in_4,4,168.38,168.38,0,2025-09-12,paid_off
4130,1892,53,pay_monthly_6,6,113.19,123.38,1826,2025-05-20,paid_off
4131,1892,12,pay_monthly_12,12,696.94,892.02,2838,2026-04-10,active
4132,1893,28,pay_in_4,4,1134.00,1134.00,0,2026-01-22,paid_off
4133,1893,34,pay_in_4,4,408.65,408.65,0,2026-01-23,paid_off
4134,1893,3,pay_in_4,4,170.75,170.75,0,2025-11-21,paid_off
4135,1894,22,pay_in_4,4,629.54,629.54,0,2025-11-24,paid_off
4136,1894,32,pay_in_3,3,1247.41,1247.41,0,2025-03-25,delinquent
4137,1895,48,pay_in_4,4,323.06,323.06,0,2026-05-16,active
4138,1896,21,pay_in_3,3,632.49,632.49,0,2026-02-11,paid_off
4139,1896,55,pay_in_4,4,43.77,43.77,0,2026-01-02,paid_off
4140,1896,26,pay_monthly_6,6,586.17,631.53,1569,2025-09-14,paid_off
4141,1898,51,pay_in_4,4,58.59,58.59,0,2026-04-07,paid_off
4142,1898,26,pay_monthly_12,12,262.74,346.21,3221,2026-03-04,active
4143,1898,18,pay_in_4,4,1341.98,1341.98,0,2026-03-24,paid_off
4144,1900,28,pay_in_4,4,655.37,655.37,0,2025-04-18,paid_off
4145,1900,26,pay_in_4,4,517.00,517.00,0,2026-04-13,paid_off
4146,1900,36,pay_in_4,4,193.93,193.93,0,2025-03-12,paid_off
4147,1900,23,pay_monthly_12,12,840.64,1066.49,2724,2025-05-14,paid_off
4148,1901,38,pay_monthly_12,12,156.56,204.38,3097,2026-03-19,active
4149,1901,1,pay_in_4,4,248.21,248.21,0,2025-04-20,paid_off
4150,1901,27,pay_in_4,4,748.90,748.90,0,2026-06-11,defaulted
4151,1901,50,pay_in_4,4,122.16,122.16,0,2025-12-13,paid_off
4152,1903,13,pay_in_4,4,1733.28,1733.28,0,2026-05-21,active
4153,1903,7,pay_in_4,4,366.18,366.18,0,2026-05-26,active
4154,1903,50,pay_in_3,3,401.93,401.93,0,2026-04-19,active
4155,1903,50,pay_in_3,3,163.90,163.90,0,2026-06-15,active
4156,1904,44,pay_monthly_6,6,147.93,164.49,2270,2025-11-08,paid_off
4157,1905,37,pay_monthly_6,6,166.05,183.11,2083,2025-09-08,paid_off
4158,1905,4,pay_in_3,3,225.01,225.01,0,2026-06-09,active
4159,1905,40,pay_in_3,3,199.75,199.75,0,2026-05-18,active
4160,1905,53,pay_in_3,3,48.12,48.12,0,2025-08-19,paid_off
4161,1905,37,pay_in_4,4,112.97,112.97,0,2026-04-01,paid_off
4162,1907,26,pay_monthly_12,12,113.35,143.39,2687,2026-02-10,defaulted
4163,1907,8,pay_monthly_6,6,170.23,191.37,2518,2026-01-24,active
4164,1910,17,pay_in_4,4,596.72,596.72,0,2026-05-26,active
4165,1911,27,pay_monthly_6,6,787.09,860.80,1899,2025-12-26,active
4166,1913,4,pay_in_3,3,568.71,568.71,0,2026-04-10,active
4167,1913,2,pay_monthly_6,6,340.01,372.94,1964,2026-03-18,active
4168,1914,48,pay_in_4,4,264.93,264.93,0,2025-04-15,paid_off
4169,1914,6,pay_monthly_12,12,357.28,432.44,2133,2026-03-05,delinquent
4170,1914,7,pay_monthly_6,6,521.53,576.39,2133,2026-04-03,active
4171,1915,50,pay_monthly_12,12,126.40,159.50,2655,2025-07-05,active
4172,1915,16,pay_in_4,4,426.42,426.42,0,2025-06-09,paid_off
4173,1915,24,pay_in_3,3,720.75,720.75,0,2026-05-22,active
4174,1916,49,pay_in_4,4,112.22,112.22,0,2026-03-18,defaulted
4175,1916,28,pay_in_4,4,410.15,410.15,0,2026-03-16,paid_off
4176,1916,51,pay_in_3,3,81.84,81.84,0,2026-02-15,paid_off
4177,1916,10,pay_in_4,4,629.46,629.46,0,2026-04-26,paid_off
4178,1917,10,pay_monthly_6,6,653.13,722.35,2149,2026-01-07,active
4179,1918,33,pay_in_4,4,576.23,576.23,0,2026-04-06,paid_off
4180,1918,12,pay_in_4,4,650.00,650.00,0,2026-05-10,active
4181,1919,41,pay_in_3,3,79.82,79.82,0,2026-01-19,paid_off
4182,1920,4,pay_monthly_12,12,97.60,121.06,2437,2026-05-24,active
4183,1921,2,pay_monthly_12,12,295.92,363.46,2314,2026-06-08,defaulted
4184,1921,10,pay_monthly_6,6,600.00,667.32,2275,2026-06-07,defaulted
4185,1921,7,pay_in_4,4,158.78,158.78,0,2026-05-16,delinquent
4186,1922,47,pay_in_3,3,525.53,525.53,0,2026-01-23,paid_off
4187,1922,52,pay_monthly_6,6,137.36,152.27,2201,2025-10-03,paid_off
4188,1924,52,pay_monthly_6,6,83.62,90.51,1671,2025-04-19,paid_off
4189,1924,46,pay_monthly_12,12,152.53,190.80,2544,2025-09-19,active
4190,1924,55,pay_in_3,3,36.05,36.05,0,2026-01-17,paid_off
4191,1924,37,pay_monthly_12,12,123.90,160.87,3025,2025-08-05,active
4192,1925,14,pay_monthly_6,6,447.42,491.97,2019,2026-04-22,active
4193,1925,46,pay_in_3,3,293.66,293.66,0,2026-05-22,active
4194,1925,44,pay_monthly_12,12,224.11,283.61,2692,2026-02-18,active
4195,1926,10,pay_in_4,4,1109.51,1109.51,0,2026-03-04,paid_off
4196,1926,24,pay_in_3,3,594.42,594.42,0,2026-04-17,active
4197,1926,40,pay_monthly_12,12,48.72,64.55,3294,2025-08-17,active
4198,1927,1,pay_in_3,3,365.13,365.13,0,2026-03-05,defaulted
4199,1927,45,pay_in_4,4,524.79,524.79,0,2026-03-27,paid_off
4200,1927,11,pay_in_4,4,539.45,539.45,0,2026-06-07,active
4201,1928,15,pay_monthly_12,12,1421.97,1711.16,2062,2026-03-13,active
4202,1928,21,pay_in_4,4,644.83,644.83,0,2025-11-25,paid_off
4203,1928,36,pay_in_4,4,101.28,101.28,0,2026-06-06,active
4204,1928,29,pay_in_4,4,200.73,200.73,0,2026-02-20,paid_off
4205,1930,29,pay_monthly_12,12,1176.16,1567.44,3373,2026-03-17,active
4206,1931,1,pay_in_4,4,265.35,265.35,0,2025-11-05,paid_off
4207,1931,29,pay_in_3,3,492.06,492.06,0,2025-11-27,paid_off
4208,1931,43,pay_monthly_12,12,128.90,166.96,2994,2025-12-28,active
4209,1931,27,pay_in_4,4,472.27,472.27,0,2025-10-13,paid_off
4210,1932,52,pay_monthly_12,12,99.98,125.69,2607,2026-06-01,active
4211,1932,40,pay_in_4,4,140.22,140.22,0,2026-04-21,paid_off
4212,1932,27,pay_in_4,4,208.71,208.71,0,2026-05-09,active
4213,1933,31,pay_in_4,4,316.48,316.48,0,2025-06-02,paid_off
4214,1933,37,pay_monthly_12,12,149.98,187.92,2565,2026-04-12,active
4215,1933,49,pay_in_4,4,186.16,186.16,0,2026-06-02,active
4216,1933,36,pay_in_4,4,123.32,123.32,0,2026-06-14,active
4217,1933,23,pay_in_3,3,779.27,779.27,0,2025-07-03,paid_off
4218,1934,54,pay_monthly_6,6,73.68,82.05,2303,2026-06-14,active
4219,1934,4,pay_monthly_6,6,317.56,352.09,2205,2025-04-11,paid_off
4220,1934,28,pay_in_3,3,836.02,836.02,0,2026-05-07,active
4221,1935,38,pay_in_4,4,113.65,113.65,0,2026-01-18,paid_off
4222,1935,33,pay_monthly_12,12,225.93,285.05,2653,2026-04-16,active
4223,1935,44,pay_monthly_12,12,303.32,388.19,2837,2025-10-19,delinquent
4224,1935,51,pay_in_4,4,41.89,41.89,0,2026-03-10,paid_off
4225,1936,19,pay_monthly_6,6,877.64,983.42,2444,2026-06-07,active
4226,1936,15,pay_monthly_12,12,435.20,545.73,2575,2026-05-19,active
4227,1937,46,pay_in_3,3,179.40,179.40,0,2025-08-26,paid_off
4228,1937,35,pay_monthly_12,12,101.53,124.87,2331,2026-02-27,active
4229,1937,24,pay_in_3,3,1399.93,1399.93,0,2026-04-21,active
4230,1937,35,pay_in_4,4,181.74,181.74,0,2025-08-14,paid_off
4231,1938,1,pay_monthly_6,6,244.79,274.35,2449,2026-01-09,active
4232,1938,9,pay_in_4,4,375.25,375.25,0,2026-03-07,paid_off
4233,1938,4,pay_monthly_12,12,167.33,204.15,2231,2026-06-12,active
4234,1938,41,pay_in_4,4,191.52,191.52,0,2026-01-28,defaulted
4235,1938,12,pay_monthly_6,6,655.61,731.14,2336,2026-02-03,active
4236,1938,22,pay_monthly_6,6,1667.18,1879.88,2587,2026-02-07,active
4237,1939,18,pay_in_3,3,1536.16,1536.16,0,2026-04-26,active
4238,1939,17,pay_in_4,4,630.58,630.58,0,2025-12-10,paid_off
4239,1939,37,pay_monthly_12,12,203.03,251.37,2414,2025-11-18,active
4240,1939,9,pay_monthly_6,6,217.31,242.17,2320,2026-05-18,active
4241,1940,18,pay_in_4,4,1153.24,1153.24,0,2025-12-10,paid_off
4242,1940,50,pay_in_4,4,139.10,139.10,0,2026-06-01,active
4243,1941,16,pay_monthly_12,12,396.18,505.28,2792,2026-06-08,active
4244,1941,9,pay_monthly_12,12,861.95,1116.91,2999,2026-02-23,active
4245,1941,32,pay_in_4,4,500.33,500.33,0,2026-06-04,active
4246,1941,48,pay_in_4,4,165.03,165.03,0,2026-02-22,defaulted
4247,1943,12,pay_monthly_6,6,327.48,358.67,1931,2025-11-20,paid_off
4248,1944,42,pay_monthly_6,6,214.68,238.53,2253,2025-11-06,paid_off
4249,1944,56,pay_in_4,4,74.80,74.80,0,2026-04-28,active
4250,1945,50,pay_in_4,4,73.27,73.27,0,2026-02-07,paid_off
4251,1945,29,pay_in_4,4,826.32,826.32,0,2026-03-25,paid_off
4252,1946,5,pay_monthly_12,12,89.75,113.60,2694,2026-06-04,delinquent
4253,1946,27,pay_monthly_6,6,1201.96,1293.07,1537,2025-09-10,paid_off
4254,1947,34,pay_monthly_12,12,216.14,270.80,2564,2026-02-27,delinquent
4255,1947,5,pay_in_4,4,310.60,310.60,0,2025-06-06,paid_off
4256,1947,37,pay_in_4,4,142.75,142.75,0,2025-10-12,paid_off
4257,1948,55,pay_monthly_12,12,37.93,46.87,2391,2025-06-17,paid_off
4258,1948,11,pay_in_4,4,584.44,584.44,0,2025-07-26,paid_off
4259,1948,32,pay_monthly_6,6,847.05,911.00,1531,2026-05-23,active
4260,1949,5,pay_in_3,3,503.86,503.86,0,2026-04-20,active
4261,1949,27,pay_monthly_6,6,652.19,726.29,2304,2025-01-16,paid_off
4262,1949,40,pay_in_4,4,138.30,138.30,0,2026-05-06,active
4263,1949,45,pay_in_4,4,347.82,347.82,0,2025-05-01,paid_off
4264,1950,54,pay_monthly_12,12,74.06,98.54,3351,2026-01-18,active
4265,1951,13,pay_in_4,4,904.73,904.73,0,2026-05-03,active
4266,1952,35,pay_monthly_12,12,163.28,204.27,2545,2026-01-20,defaulted
4267,1952,31,pay_monthly_6,6,607.59,665.63,1937,2026-03-28,active
4268,1954,19,pay_in_3,3,1020.46,1020.46,0,2026-02-01,paid_off
4269,1954,20,pay_in_4,4,1161.14,1161.14,0,2026-04-04,delinquent
4270,1954,49,pay_in_4,4,359.64,359.64,0,2026-03-10,paid_off
4271,1955,33,pay_monthly_6,6,750.57,818.42,1833,2026-05-05,active
4272,1955,40,pay_in_3,3,82.75,82.75,0,2026-06-11,active
4273,1955,29,pay_in_4,4,485.81,485.81,0,2026-05-17,active
4274,1956,45,pay_in_4,4,282.02,282.02,0,2025-12-23,paid_off
4275,1957,27,pay_in_4,4,382.99,382.99,0,2026-02-19,paid_off
4276,1957,33,pay_in_3,3,175.06,175.06,0,2026-05-03,active
4277,1957,6,pay_monthly_6,6,389.30,434.03,2330,2026-03-03,active
4278,1958,17,pay_monthly_6,6,258.83,285.39,2081,2026-05-06,active
4279,1959,54,pay_in_4,4,207.14,207.14,0,2026-06-02,active
4280,1960,28,pay_monthly_12,12,242.58,312.51,2923,2026-03-18,active
4281,1960,35,pay_in_3,3,76.40,76.40,0,2026-05-10,delinquent
4282,1962,5,pay_monthly_12,12,266.89,348.44,3098,2026-04-18,active
4283,1963,25,pay_monthly_12,12,1424.43,1819.21,2810,2026-03-12,active
4284,1963,3,pay_in_3,3,519.94,519.94,0,2026-04-23,active
4285,1964,42,pay_in_4,4,56.15,56.15,0,2026-06-15,active
4286,1965,30,pay_in_4,4,306.11,306.11,0,2026-04-16,paid_off
4287,1965,35,pay_in_4,4,252.29,252.29,0,2025-12-24,paid_off
4288,1965,51,pay_monthly_12,12,63.48,83.93,3266,2025-05-09,paid_off
4289,1966,21,pay_monthly_6,6,1183.95,1301.95,2021,2025-12-08,paid_off
4290,1967,15,pay_monthly_6,6,1777.45,1971.34,2212,2025-11-20,paid_off
4291,1967,39,pay_in_4,4,103.06,103.06,0,2025-11-15,paid_off
4292,1968,37,pay_monthly_12,12,369.57,483.15,3116,2025-12-09,active
4293,1969,21,pay_in_4,4,868.90,868.90,0,2025-12-06,paid_off
4294,1969,1,pay_in_4,4,245.88,245.88,0,2026-02-16,paid_off
4295,1970,39,pay_monthly_12,12,196.55,243.04,2398,2026-05-29,active
4296,1973,43,pay_in_3,3,481.17,481.17,0,2025-05-28,paid_off
4297,1974,44,pay_monthly_12,12,348.18,423.08,2181,2026-04-16,active
4298,1975,42,pay_in_3,3,172.67,172.67,0,2026-05-15,active
4299,1975,55,pay_in_3,3,101.58,101.58,0,2025-06-21,paid_off
4300,1975,45,pay_in_4,4,707.82,707.82,0,2025-10-05,paid_off
4301,1975,55,pay_in_4,4,145.03,145.03,0,2025-12-04,paid_off
4302,1975,29,pay_in_4,4,187.60,187.60,0,2025-07-06,paid_off
4303,1976,13,pay_in_4,4,856.77,856.77,0,2026-01-10,paid_off
4304,1977,47,pay_in_3,3,316.75,316.75,0,2025-07-16,paid_off
4305,1977,39,pay_monthly_6,6,178.80,197.85,2161,2025-08-26,paid_off
4306,1978,4,pay_monthly_6,6,412.35,458.63,2276,2026-03-11,active
4307,1979,35,pay_in_3,3,111.80,111.80,0,2026-03-15,paid_off
4308,1982,5,pay_in_4,4,227.71,227.71,0,2026-06-07,active
4309,1982,53,pay_in_4,4,217.80,217.80,0,2025-12-16,paid_off
4310,1982,54,pay_monthly_12,12,191.89,250.62,3103,2025-10-27,active
4311,1983,2,pay_monthly_12,12,287.13,369.88,2922,2025-08-13,active
4312,1983,54,pay_in_4,4,168.40,168.40,0,2025-07-15,paid_off
4313,1983,51,pay_monthly_6,6,34.14,38.11,2357,2025-11-10,paid_off
4314,1983,35,pay_in_4,4,288.24,288.24,0,2025-04-08,delinquent
4315,1984,6,pay_monthly_6,6,645.37,698.65,1674,2026-03-12,active
4316,1984,30,pay_in_4,4,567.35,567.35,0,2026-06-02,active
4317,1986,36,pay_in_4,4,179.18,179.18,0,2026-02-24,paid_off
4318,1986,54,pay_in_3,3,108.15,108.15,0,2025-08-17,paid_off
4319,1986,32,pay_in_3,3,602.99,602.99,0,2025-06-24,paid_off
4320,1986,44,pay_in_4,4,172.17,172.17,0,2026-04-12,paid_off
4321,1986,56,pay_monthly_12,12,73.00,92.48,2705,2026-04-23,active
4322,1986,40,pay_in_4,4,146.11,146.11,0,2025-12-25,paid_off
4323,1987,26,pay_in_4,4,776.41,776.41,0,2026-02-19,paid_off
4324,1987,1,pay_in_3,3,231.15,231.15,0,2026-05-14,delinquent
4325,1988,35,pay_in_4,4,154.66,154.66,0,2026-02-20,paid_off
4326,1988,18,pay_in_4,4,391.59,391.59,0,2026-03-03,paid_off
4327,1989,51,pay_in_4,4,108.18,108.18,0,2025-03-17,paid_off
4328,1989,55,pay_in_3,3,56.46,56.46,0,2025-08-25,delinquent
4329,1991,18,pay_in_4,4,3237.34,3237.34,0,2026-04-12,paid_off
4330,1991,9,pay_in_3,3,242.10,242.10,0,2026-04-21,active
4331,1992,18,pay_in_4,4,1187.85,1187.85,0,2026-03-14,paid_off
4332,1992,18,pay_monthly_12,12,464.13,618.35,3369,2025-12-11,active
4333,1992,54,pay_monthly_6,6,121.15,135.75,2443,2026-05-12,active
4334,1992,10,pay_in_3,3,813.83,813.83,0,2025-03-03,defaulted
4335,1993,51,pay_in_4,4,36.49,36.49,0,2026-01-25,paid_off
4336,1994,14,pay_monthly_12,12,636.23,838.73,3227,2026-02-01,active
4337,1995,38,pay_monthly_6,6,111.96,124.77,2320,2025-12-18,paid_off
4338,1996,56,pay_monthly_12,12,131.66,160.05,2186,2026-05-21,defaulted
4339,1997,56,pay_monthly_6,6,165.27,182.56,2121,2026-04-16,active
4340,1997,12,pay_in_3,3,197.13,197.13,0,2025-04-30,paid_off
4341,1997,3,pay_in_4,4,268.48,268.48,0,2025-11-28,paid_off
4342,1997,35,pay_monthly_6,6,63.59,70.12,2081,2025-10-24,paid_off
4343,1998,45,pay_in_4,4,287.53,287.53,0,2025-09-13,delinquent
4344,1998,41,pay_in_4,4,230.43,230.43,0,2025-09-01,paid_off
4345,1999,52,pay_monthly_12,12,82.69,103.73,2580,2025-11-08,active
4346,1999,3,pay_in_3,3,249.75,249.75,0,2025-08-23,paid_off
4347,2000,36,pay_in_4,4,142.37,142.37,0,2026-04-06,paid_off
4348,2000,17,pay_in_4,4,1500.00,1500.00,0,2025-12-05,delinquent
4349,2000,37,pay_in_4,4,91.51,91.51,0,2026-06-03,defaulted
4350,2001,35,pay_monthly_12,12,138.46,181.72,3168,2026-03-22,active
4351,2001,2,pay_monthly_6,6,258.28,288.08,2340,2026-06-06,active
4352,2001,8,pay_in_4,4,527.79,527.79,0,2026-03-18,paid_off
4353,2004,21,pay_in_4,4,681.45,681.45,0,2025-09-04,paid_off
4354,2004,8,pay_in_4,4,489.76,489.76,0,2026-01-28,paid_off
4355,2004,47,pay_in_3,3,222.12,222.12,0,2025-01-30,paid_off
4356,2004,51,pay_in_4,4,73.77,73.77,0,2025-12-19,paid_off
4357,2005,22,pay_monthly_6,6,1511.06,1666.13,2081,2026-02-18,active
4358,2005,55,pay_in_4,4,62.52,62.52,0,2026-03-16,paid_off
4359,2005,8,pay_monthly_12,12,638.43,804.29,2634,2025-04-12,paid_off
4360,2006,16,pay_in_4,4,550.00,550.00,0,2026-06-15,delinquent
4361,2006,40,pay_in_4,4,179.15,179.15,0,2025-09-01,delinquent
4362,2006,41,pay_in_4,4,206.32,206.32,0,2025-09-19,paid_off
4363,2006,36,pay_monthly_6,6,106.02,116.91,2082,2026-04-19,defaulted
4364,2007,39,pay_monthly_6,6,147.56,162.50,2053,2026-02-18,active
4365,2008,11,pay_in_4,4,742.66,742.66,0,2026-04-17,defaulted
4366,2008,32,pay_in_3,3,788.99,788.99,0,2026-01-18,paid_off
4367,2009,39,pay_in_4,4,152.71,152.71,0,2025-12-07,paid_off
4368,2009,34,pay_monthly_6,6,327.80,357.50,1837,2025-10-17,paid_off
4369,2009,3,pay_in_3,3,280.27,280.27,0,2025-11-11,paid_off
4370,2010,26,pay_in_3,3,427.68,427.68,0,2026-01-06,paid_off
4371,2010,47,pay_monthly_6,6,156.23,171.64,2000,2026-03-12,active
4372,2010,18,pay_monthly_12,12,887.44,1130.77,2780,2026-04-01,active
4373,2010,3,pay_in_4,4,232.67,232.67,0,2026-04-21,paid_off
4374,2011,35,pay_in_4,4,102.14,102.14,0,2026-05-19,delinquent
4375,2012,49,pay_in_4,4,381.65,381.65,0,2025-11-20,paid_off
4376,2012,50,pay_monthly_12,12,112.84,142.82,2694,2026-01-04,active
4377,2012,4,pay_in_4,4,145.45,145.45,0,2026-03-24,paid_off
4378,2012,34,pay_in_3,3,951.47,951.47,0,2026-01-26,paid_off
4379,2012,11,pay_in_3,3,645.51,645.51,0,2026-05-12,active
4380,2013,6,pay_monthly_6,6,180.24,199.08,2120,2026-03-10,active
4381,2013,14,pay_in_4,4,508.86,508.86,0,2025-09-17,paid_off
4382,2013,18,pay_in_4,4,1968.16,1968.16,0,2026-01-12,paid_off
4383,2014,30,pay_monthly_12,12,423.33,539.99,2794,2025-10-26,active
4384,2014,26,pay_monthly_12,12,533.12,688.81,2961,2025-08-13,active
4385,2014,36,pay_in_3,3,156.21,156.21,0,2025-09-12,paid_off
4386,2014,15,pay_in_4,4,404.31,404.31,0,2026-03-04,paid_off
4387,2015,15,pay_in_4,4,518.23,518.23,0,2025-10-03,defaulted
4388,2015,10,pay_monthly_12,12,417.14,522.63,2564,2025-10-03,active
4389,2015,45,pay_in_4,4,119.83,119.83,0,2026-01-01,delinquent
4390,2016,56,pay_in_4,4,68.43,68.43,0,2025-05-28,delinquent
4391,2016,40,pay_in_4,4,157.74,157.74,0,2026-06-13,active
4392,2016,10,pay_in_4,4,850.00,850.00,0,2025-05-03,delinquent
4393,2018,53,pay_in_4,4,148.21,148.21,0,2026-06-11,active
4394,2019,52,pay_in_4,4,76.67,76.67,0,2025-07-01,paid_off
4395,2019,47,pay_in_4,4,285.51,285.51,0,2025-05-06,paid_off
4396,2019,17,pay_in_4,4,507.49,507.49,0,2025-04-21,defaulted
4397,2019,41,pay_in_4,4,132.94,132.94,0,2025-09-01,paid_off
4398,2019,23,pay_in_3,3,805.77,805.77,0,2025-06-03,delinquent
4399,2020,51,pay_in_4,4,74.88,74.88,0,2025-10-31,paid_off
4400,2021,14,pay_in_4,4,763.17,763.17,0,2026-01-01,paid_off
4401,2022,2,pay_in_3,3,172.16,172.16,0,2026-01-06,paid_off
4402,2022,49,pay_in_4,4,85.13,85.13,0,2026-02-14,paid_off
4403,2023,12,pay_in_4,4,385.00,385.00,0,2026-05-02,active
4404,2023,42,pay_in_3,3,67.09,67.09,0,2025-06-24,paid_off
4405,2023,32,pay_in_3,3,531.83,531.83,0,2026-01-19,paid_off
4406,2023,38,pay_in_4,4,35.61,35.61,0,2026-06-10,active
4407,2023,50,pay_monthly_6,6,110.41,121.86,2102,2026-04-02,active
4408,2024,47,pay_in_4,4,582.23,582.23,0,2026-04-26,paid_off
4409,2025,47,pay_in_3,3,212.07,212.07,0,2026-04-25,active
4410,2026,3,pay_monthly_12,12,251.85,306.25,2190,2026-02-15,active
4411,2026,19,pay_monthly_6,6,1158.23,1286.92,2253,2026-01-24,active
4412,2028,36,pay_monthly_12,12,88.80,111.24,2562,2026-06-07,active
4413,2029,14,pay_in_4,4,476.13,476.13,0,2025-07-20,paid_off
4414,2029,17,pay_in_3,3,386.06,386.06,0,2026-03-25,active
4415,2029,47,pay_in_3,3,296.10,296.10,0,2026-03-21,paid_off
4416,2029,40,pay_in_3,3,270.10,270.10,0,2026-06-05,active
4417,2030,10,pay_in_3,3,1130.81,1130.81,0,2025-11-25,paid_off
4418,2031,43,pay_monthly_6,6,177.44,195.38,2050,2026-05-10,active
4419,2031,11,pay_in_4,4,578.42,578.42,0,2026-05-23,active
4420,2031,20,pay_in_4,4,1239.91,1239.91,0,2026-02-25,paid_off
4421,2031,52,pay_monthly_12,12,108.32,131.88,2205,2025-12-06,active
4422,2033,41,pay_in_4,4,220.83,220.83,0,2025-12-11,delinquent
4423,2033,18,pay_in_4,4,933.59,933.59,0,2026-03-02,paid_off
4424,2033,26,pay_in_4,4,363.57,363.57,0,2026-06-02,active
4425,2033,13,pay_in_4,4,647.85,647.85,0,2026-04-05,paid_off
4426,2034,5,pay_in_3,3,504.47,504.47,0,2025-05-04,paid_off
4427,2034,38,pay_monthly_6,6,130.10,143.28,2054,2025-12-28,active
4428,2034,5,pay_in_4,4,279.69,279.69,0,2026-03-05,paid_off
4429,2034,49,pay_in_4,4,416.85,416.85,0,2026-04-05,paid_off
4430,2034,36,pay_monthly_6,6,63.46,69.37,1888,2025-12-04,defaulted
4431,2034,22,pay_in_4,4,471.06,471.06,0,2025-08-11,paid_off
4432,2035,26,pay_monthly_12,12,237.49,298.25,2594,2026-03-25,active
4433,2036,8,pay_in_4,4,277.12,277.12,0,2026-05-02,active
4434,2036,4,pay_monthly_6,6,474.53,515.62,1756,2026-02-06,active
4435,2036,47,pay_in_4,4,267.92,267.92,0,2025-05-25,paid_off
4436,2036,23,pay_in_4,4,471.22,471.22,0,2026-01-23,paid_off
4437,2037,40,pay_in_3,3,114.97,114.97,0,2026-01-12,paid_off
4438,2037,50,pay_in_3,3,114.69,114.69,0,2026-02-28,paid_off
4439,2040,48,pay_in_3,3,461.93,461.93,0,2026-05-26,active
4440,2040,16,pay_in_4,4,479.10,479.10,0,2026-03-03,paid_off
4441,2040,22,pay_in_4,4,971.74,971.74,0,2025-07-05,paid_off
4442,2040,11,pay_in_4,4,919.76,919.76,0,2026-02-07,paid_off
4443,2040,40,pay_in_4,4,183.79,183.79,0,2025-03-21,paid_off
4444,2041,50,pay_in_4,4,147.32,147.32,0,2025-09-17,paid_off
4445,2041,51,pay_in_4,4,60.34,60.34,0,2026-05-04,defaulted
4446,2041,28,pay_in_4,4,462.57,462.57,0,2026-01-04,paid_off
4447,2041,14,pay_in_4,4,355.85,355.85,0,2026-03-15,paid_off
4448,2042,50,pay_in_4,4,108.79,108.79,0,2025-04-03,paid_off
4449,2042,7,pay_in_4,4,212.78,212.78,0,2025-10-11,paid_off
4450,2043,40,pay_in_4,4,176.24,176.24,0,2026-06-10,active
4451,2043,18,pay_in_4,4,382.50,382.50,0,2025-08-12,paid_off
4452,2043,9,pay_in_4,4,252.97,252.97,0,2026-06-04,active
4453,2044,26,pay_in_4,4,493.28,493.28,0,2025-08-24,paid_off
4454,2044,20,pay_monthly_6,6,1384.79,1527.79,2094,2026-02-17,active
4455,2044,1,pay_in_3,3,321.01,321.01,0,2025-09-02,paid_off
4456,2045,24,pay_monthly_6,6,741.78,809.13,1841,2025-10-18,paid_off
4457,2045,56,pay_in_3,3,74.38,74.38,0,2025-12-05,paid_off
4458,2045,13,pay_in_4,4,794.30,794.30,0,2025-10-05,paid_off
4459,2045,7,pay_in_4,4,236.69,236.69,0,2026-01-05,paid_off
4460,2046,34,pay_monthly_12,12,342.94,444.75,3010,2026-03-27,active
4461,2046,36,pay_monthly_12,12,352.86,466.49,3265,2026-02-28,active
4462,2046,29,pay_in_3,3,259.27,259.27,0,2026-02-25,paid_off
4463,2047,15,pay_monthly_6,6,1119.16,1239.53,2181,2025-08-02,paid_off
4464,2047,52,pay_in_3,3,75.61,75.61,0,2026-01-27,paid_off
4465,2047,36,pay_in_4,4,170.36,170.36,0,2026-05-10,active
4466,2047,41,pay_monthly_6,6,56.31,60.75,1598,2026-04-21,active
4467,2047,55,pay_in_3,3,25.00,25.00,0,2026-02-20,paid_off
4468,2048,44,pay_in_4,4,156.58,156.58,0,2025-10-11,paid_off
4469,2048,25,pay_in_4,4,560.14,560.14,0,2025-09-21,paid_off
4470,2048,30,pay_in_4,4,634.33,634.33,0,2025-10-18,paid_off
4471,2049,5,pay_monthly_6,6,483.13,519.99,1547,2026-01-27,active
4472,2049,26,pay_in_4,4,608.07,608.07,0,2026-03-19,paid_off
4473,2049,7,pay_in_4,4,257.56,257.56,0,2025-11-21,defaulted
4474,2050,9,pay_in_4,4,1201.34,1201.34,0,2026-03-15,paid_off
4475,2052,36,pay_in_4,4,156.13,156.13,0,2025-12-22,delinquent
4476,2052,50,pay_in_4,4,85.28,85.28,0,2025-05-16,paid_off
4477,2053,10,pay_in_3,3,517.05,517.05,0,2025-11-13,paid_off
4478,2053,12,pay_in_4,4,635.79,635.79,0,2026-03-19,paid_off
4479,2054,56,pay_monthly_6,6,134.45,150.99,2494,2026-01-01,active
4480,2054,2,pay_in_4,4,392.68,392.68,0,2026-01-15,paid_off
4481,2055,29,pay_in_4,4,712.68,712.68,0,2026-06-10,active
4482,2055,7,pay_in_4,4,291.59,291.59,0,2026-03-09,paid_off
4483,2055,29,pay_in_4,4,514.26,514.26,0,2025-08-21,paid_off
4484,2055,55,pay_monthly_12,12,87.99,112.33,2805,2025-11-18,delinquent
4485,2057,31,pay_monthly_12,12,149.94,191.29,2796,2025-05-10,paid_off
4486,2057,13,pay_monthly_12,12,734.52,930.92,2711,2025-10-03,active
4487,2057,41,pay_monthly_6,6,128.21,142.46,2253,2026-05-02,delinquent
4488,2058,40,pay_monthly_6,6,160.24,173.94,1734,2025-09-10,defaulted
4489,2058,28,pay_in_4,4,227.48,227.48,0,2025-09-22,paid_off
4490,2058,50,pay_in_4,4,197.74,197.74,0,2026-01-22,paid_off
4491,2059,52,pay_in_4,4,86.69,86.69,0,2025-11-02,delinquent
4492,2059,56,pay_in_4,4,110.48,110.48,0,2025-04-20,paid_off
4493,2059,9,pay_in_4,4,841.01,841.01,0,2026-03-19,delinquent
4494,2060,56,pay_in_4,4,136.80,136.80,0,2026-03-22,paid_off
4495,2060,12,pay_in_4,4,1297.46,1297.46,0,2026-03-18,paid_off
4496,2061,12,pay_in_4,4,586.26,586.26,0,2025-12-10,paid_off
4497,2061,37,pay_monthly_12,12,221.78,281.85,2746,2025-07-08,delinquent
4498,2061,1,pay_monthly_12,12,745.61,896.95,2058,2026-03-17,delinquent
4499,2061,14,pay_monthly_6,6,505.96,570.46,2585,2026-04-27,active
4500,2061,5,pay_in_4,4,289.26,289.26,0,2025-10-14,delinquent
4501,2061,22,pay_in_4,4,710.52,710.52,0,2025-11-05,paid_off
4502,2062,37,pay_in_3,3,132.41,132.41,0,2025-11-12,paid_off
4503,2063,32,pay_in_4,4,835.73,835.73,0,2026-04-10,paid_off
4504,2063,50,pay_in_4,4,54.56,54.56,0,2026-05-28,active
4505,2063,43,pay_in_3,3,469.01,469.01,0,2025-11-01,paid_off
4506,2063,55,pay_in_3,3,75.44,75.44,0,2025-10-04,paid_off
4507,2063,19,pay_in_4,4,1069.13,1069.13,0,2026-06-14,active
4508,2064,27,pay_in_4,4,1416.18,1416.18,0,2026-03-27,paid_off
4509,2064,5,pay_in_4,4,125.81,125.81,0,2026-03-18,paid_off
4510,2064,52,pay_in_3,3,105.27,105.27,0,2026-04-14,active
4511,2065,25,pay_in_3,3,1072.11,1072.11,0,2025-05-24,paid_off
4512,2065,18,pay_in_3,3,239.31,239.31,0,2025-10-22,paid_off
4513,2065,52,pay_in_4,4,132.93,132.93,0,2026-05-25,active
4514,2066,25,pay_monthly_6,6,1400.00,1550.65,2182,2026-02-12,active
4515,2066,12,pay_in_4,4,1069.20,1069.20,0,2026-03-12,paid_off
4516,2066,2,pay_in_3,3,247.39,247.39,0,2026-01-14,paid_off
4517,2067,2,pay_in_4,4,546.71,546.71,0,2025-11-11,defaulted
4518,2067,13,pay_in_4,4,700.00,700.00,0,2025-08-05,paid_off
4519,2068,25,pay_monthly_6,6,718.42,806.25,2479,2026-03-13,delinquent
4520,2069,47,pay_in_4,4,83.06,83.06,0,2025-09-27,paid_off
4521,2069,31,pay_monthly_12,12,306.13,407.79,3367,2026-05-16,defaulted
4522,2070,10,pay_in_4,4,693.93,693.93,0,2026-06-10,active
4523,2070,25,pay_in_4,4,664.67,664.67,0,2026-01-12,paid_off
4524,2070,51,pay_monthly_6,6,109.23,117.60,1554,2026-05-03,active
4525,2070,53,pay_monthly_6,6,110.02,121.85,2180,2026-01-25,active
4526,2071,3,pay_monthly_6,6,166.52,186.34,2413,2026-05-22,active
4527,2071,39,pay_monthly_6,6,100.63,112.59,2411,2026-02-23,active
4528,2072,1,pay_in_3,3,558.87,558.87,0,2026-01-24,paid_off
4529,2073,52,pay_monthly_6,6,83.47,92.38,2165,2026-03-13,active
4530,2074,16,pay_in_4,4,927.97,927.97,0,2025-08-16,paid_off
4531,2074,23,pay_monthly_6,6,401.25,447.93,2359,2026-01-11,active
4532,2074,11,pay_in_4,4,730.62,730.62,0,2025-08-16,paid_off
4533,2074,14,pay_in_3,3,354.13,354.13,0,2025-12-27,paid_off
4534,2075,31,pay_in_4,4,519.87,519.87,0,2026-01-13,paid_off
4535,2076,34,pay_monthly_12,12,690.47,844.58,2263,2025-11-21,active
4536,2076,20,pay_in_4,4,898.79,898.79,0,2025-07-20,paid_off
4537,2076,24,pay_in_4,4,900.00,900.00,0,2025-05-27,paid_off
4538,2077,23,pay_in_4,4,1521.91,1521.91,0,2026-06-07,active
4539,2077,42,pay_monthly_6,6,51.58,57.97,2512,2026-01-05,active
4540,2078,44,pay_in_4,4,376.09,376.09,0,2025-06-20,paid_off
4541,2078,27,pay_in_4,4,415.48,415.48,0,2026-02-08,paid_off
4542,2079,37,pay_in_3,3,98.90,98.90,0,2026-05-23,defaulted
4543,2081,15,pay_monthly_12,12,361.56,477.89,3262,2025-04-06,paid_off
4544,2081,1,pay_in_3,3,193.63,193.63,0,2025-07-28,paid_off
4545,2081,2,pay_in_4,4,159.91,159.91,0,2026-03-17,paid_off
4546,2081,32,pay_monthly_12,12,807.85,1007.68,2508,2025-11-21,active
4547,2082,14,pay_in_4,4,387.55,387.55,0,2026-04-08,paid_off
4548,2082,47,pay_monthly_6,6,278.93,312.78,2461,2026-05-05,active
4549,2082,9,pay_monthly_12,12,299.81,391.27,3093,2025-11-26,active
4550,2083,33,pay_in_4,4,625.03,625.03,0,2026-03-14,defaulted
4551,2083,31,pay_in_4,4,737.74,737.74,0,2026-03-09,paid_off
4552,2083,33,pay_monthly_6,6,550.95,594.91,1618,2026-05-24,active
4553,2084,21,pay_in_4,4,1159.59,1159.59,0,2026-04-05,delinquent
4554,2085,36,pay_in_4,4,95.45,95.45,0,2025-01-19,paid_off
4555,2085,16,pay_in_4,4,904.56,904.56,0,2025-09-01,delinquent
4556,2085,47,pay_in_4,4,393.02,393.02,0,2026-01-12,paid_off
4557,2085,56,pay_monthly_12,12,48.36,61.09,2668,2025-09-11,active
4558,2085,5,pay_in_4,4,347.37,347.37,0,2025-10-02,paid_off
4559,2085,6,pay_monthly_6,6,135.76,145.90,1515,2026-06-06,active
4560,2086,10,pay_in_4,4,581.96,581.96,0,2026-03-09,paid_off
4561,2086,51,pay_monthly_12,12,97.84,122.20,2524,2026-03-26,active
4562,2088,15,pay_in_4,4,3156.89,3156.89,0,2025-07-25,paid_off
4563,2088,53,pay_monthly_12,12,86.80,106.96,2355,2026-05-01,active
4564,2088,55,pay_in_4,4,141.47,141.47,0,2025-11-01,paid_off
4565,2088,9,pay_in_4,4,487.20,487.20,0,2025-12-13,paid_off
4566,2089,51,pay_in_4,4,109.22,109.22,0,2026-01-04,paid_off
4567,2090,28,pay_in_4,4,281.77,281.77,0,2026-03-22,paid_off
4568,2090,34,pay_in_4,4,333.99,333.99,0,2026-06-11,active
4569,2092,34,pay_monthly_6,6,304.87,339.16,2281,2025-11-24,paid_off
4570,2095,53,pay_monthly_12,12,85.88,106.11,2388,2026-04-07,active
4571,2095,56,pay_in_4,4,89.85,89.85,0,2026-06-04,active
4572,2095,20,pay_monthly_6,6,1295.99,1426.88,2048,2025-11-22,paid_off
4573,2096,22,pay_monthly_6,6,430.69,469.71,1837,2026-04-28,active
4574,2097,34,pay_in_3,3,831.62,831.62,0,2026-06-15,active
4575,2097,2,pay_in_4,4,363.66,363.66,0,2026-01-01,paid_off
4576,2097,13,pay_in_3,3,1058.12,1058.12,0,2026-05-08,active
4577,2099,52,pay_in_4,4,133.06,133.06,0,2026-05-28,active
4578,2099,1,pay_monthly_6,6,380.20,425.16,2398,2026-03-06,active
4579,2100,47,pay_in_3,3,184.28,184.28,0,2026-04-21,active
4580,2103,15,pay_monthly_6,6,1656.96,1799.71,1747,2026-02-25,active
4581,2103,30,pay_monthly_12,12,208.23,275.96,3298,2025-06-09,paid_off
4582,2103,13,pay_in_4,4,429.17,429.17,0,2026-04-25,paid_off
4583,2105,37,pay_monthly_6,6,127.29,140.49,2103,2026-05-22,active
4584,2105,5,pay_monthly_6,6,155.28,170.20,1948,2025-11-18,delinquent
4585,2106,48,pay_monthly_6,6,178.45,196.73,2077,2025-10-07,delinquent
4586,2106,8,pay_in_4,4,201.71,201.71,0,2026-04-09,paid_off
4587,2107,31,pay_monthly_6,6,229.97,248.23,1610,2026-01-24,active
4588,2108,2,pay_monthly_12,12,306.23,391.68,2829,2026-05-22,active
4589,2108,23,pay_monthly_6,6,531.11,584.78,2049,2026-02-15,active
4590,2108,8,pay_in_4,4,317.97,317.97,0,2026-04-03,paid_off
4591,2110,8,pay_in_4,4,165.38,165.38,0,2026-02-14,paid_off
4592,2110,18,pay_in_4,4,925.97,925.97,0,2026-05-23,delinquent
4593,2111,22,pay_in_4,4,668.53,668.53,0,2025-12-28,paid_off
4594,2111,20,pay_in_4,4,376.44,376.44,0,2026-01-27,paid_off
4595,2111,28,pay_in_3,3,305.13,305.13,0,2025-12-28,paid_off
4596,2112,56,pay_in_4,4,218.16,218.16,0,2025-10-13,paid_off
4597,2112,44,pay_in_3,3,137.46,137.46,0,2026-06-02,active
4598,2112,9,pay_in_4,4,612.33,612.33,0,2026-06-02,active
4599,2112,56,pay_monthly_6,6,78.18,86.24,2090,2025-09-26,paid_off
4600,2112,44,pay_in_4,4,511.70,511.70,0,2026-01-26,paid_off
4601,2113,46,pay_monthly_6,6,116.50,130.13,2373,2026-06-02,delinquent
4602,2114,12,pay_in_4,4,842.53,842.53,0,2026-03-14,paid_off
4603,2114,55,pay_in_4,4,87.81,87.81,0,2026-03-13,paid_off
4604,2116,7,pay_monthly_12,12,377.80,467.27,2401,2026-05-05,defaulted
4605,2118,5,pay_in_4,4,164.77,164.77,0,2026-05-10,active
4606,2118,37,pay_monthly_6,6,180.38,195.82,1736,2026-05-10,active
4607,2119,23,pay_monthly_6,6,1013.92,1100.37,1729,2025-12-29,active
4608,2120,33,pay_monthly_12,12,640.00,835.87,3103,2025-11-23,defaulted
4609,2120,5,pay_in_4,4,182.57,182.57,0,2025-12-26,delinquent
4610,2120,45,pay_in_4,4,954.96,954.96,0,2026-06-03,active
4611,2122,45,pay_monthly_6,6,410.16,456.64,2298,2026-01-16,active
4612,2122,24,pay_monthly_6,6,650.93,713.75,1957,2026-03-11,active
4613,2123,17,pay_in_3,3,1028.89,1028.89,0,2026-05-04,active
4614,2123,36,pay_in_4,4,204.62,204.62,0,2025-09-24,paid_off
4615,2128,27,pay_monthly_6,6,873.20,970.09,2250,2026-05-15,active
4616,2128,16,pay_in_4,4,995.41,995.41,0,2026-02-17,paid_off
4617,2128,2,pay_monthly_12,12,228.22,294.22,2932,2026-04-04,active
4618,2130,48,pay_in_4,4,276.30,276.30,0,2026-03-11,delinquent
4619,2130,43,pay_in_3,3,116.88,116.88,0,2026-03-11,paid_off
4620,2130,40,pay_monthly_12,12,104.05,136.38,3150,2026-05-09,active
4621,2131,21,pay_in_4,4,410.82,410.82,0,2025-12-08,defaulted
4622,2131,52,pay_in_4,4,63.89,63.89,0,2026-01-08,paid_off
4623,2132,11,pay_in_3,3,1050.07,1050.07,0,2025-12-06,paid_off
4624,2132,52,pay_in_4,4,136.66,136.66,0,2025-12-28,delinquent
4625,2133,37,pay_in_4,4,170.51,170.51,0,2025-04-25,paid_off
4626,2133,2,pay_in_4,4,456.42,456.42,0,2025-09-18,delinquent
4627,2133,38,pay_in_3,3,180.31,180.31,0,2026-02-28,paid_off
4628,2133,46,pay_in_3,3,105.53,105.53,0,2026-05-10,active
4629,2134,10,pay_monthly_6,6,1031.58,1135.51,2043,2026-01-15,defaulted
4630,2134,43,pay_in_4,4,252.23,252.23,0,2026-02-10,paid_off
4631,2134,41,pay_in_3,3,112.14,112.14,0,2025-09-24,paid_off
4632,2135,35,pay_in_4,4,126.66,126.66,0,2026-01-22,paid_off
4633,2136,18,pay_in_3,3,618.42,618.42,0,2026-06-12,active
4634,2136,31,pay_in_3,3,404.46,404.46,0,2025-11-27,paid_off
4635,2137,17,pay_in_4,4,737.44,737.44,0,2026-06-08,active
4636,2137,6,pay_monthly_6,6,275.20,310.08,2570,2025-12-24,defaulted
4637,2138,34,pay_monthly_6,6,640.12,700.79,1922,2026-03-11,active
4638,2143,43,pay_in_4,4,184.27,184.27,0,2025-08-02,paid_off
4639,2143,32,pay_in_4,4,266.73,266.73,0,2025-06-08,paid_off
4640,2143,28,pay_monthly_6,6,1082.43,1182.68,1878,2026-03-06,active
4641,2144,28,pay_in_4,4,551.69,551.69,0,2025-09-22,paid_off
4642,2144,51,pay_monthly_6,6,117.01,126.35,1618,2026-05-28,active
4643,2144,51,pay_in_3,3,30.28,30.28,0,2026-05-28,active
4644,2144,40,pay_monthly_12,12,233.73,280.00,2007,2025-12-18,delinquent
4645,2144,43,pay_in_4,4,298.48,298.48,0,2026-03-06,paid_off
4646,2145,16,pay_in_4,4,503.29,503.29,0,2025-09-20,paid_off
4647,2145,7,pay_in_4,4,125.20,125.20,0,2025-07-25,defaulted
4648,2145,21,pay_in_4,4,327.34,327.34,0,2025-05-27,paid_off
4649,2145,2,pay_in_4,4,182.11,182.11,0,2026-05-17,active
4650,2147,2,pay_monthly_12,12,519.75,689.43,3310,2026-05-25,active
4651,2147,15,pay_in_4,4,666.38,666.38,0,2026-06-12,active
4652,2147,6,pay_monthly_12,12,214.72,266.58,2449,2026-04-29,active
4653,2148,21,pay_monthly_12,12,1200.00,1561.58,3055,2026-06-01,active
4654,2148,15,pay_in_4,4,318.12,318.12,0,2025-06-19,defaulted
4655,2148,36,pay_in_3,3,151.26,151.26,0,2025-05-14,paid_off
4656,2149,34,pay_in_4,4,392.58,392.58,0,2026-06-04,active
4657,2149,41,pay_in_4,4,137.47,137.47,0,2025-11-19,paid_off
4658,2149,38,pay_monthly_6,6,195.67,218.30,2345,2026-04-26,active
4659,2150,44,pay_in_4,4,169.75,169.75,0,2026-03-09,paid_off
4660,2150,41,pay_monthly_12,12,167.89,206.41,2326,2025-12-09,active
4661,2151,53,pay_in_3,3,41.90,41.90,0,2026-04-17,active
4662,2151,10,pay_in_4,4,1006.08,1006.08,0,2025-07-07,paid_off
4663,2151,20,pay_in_4,4,873.26,873.26,0,2025-12-16,paid_off
4664,2152,4,pay_in_3,3,399.05,399.05,0,2025-08-07,paid_off
4665,2152,41,pay_in_4,4,188.42,188.42,0,2025-08-21,paid_off
4666,2152,13,pay_monthly_6,6,765.79,860.13,2498,2026-01-05,defaulted
4667,2153,12,pay_monthly_12,12,1282.18,1568.99,2268,2026-05-14,active
4668,2153,32,pay_monthly_6,6,768.76,836.66,1791,2026-05-05,defaulted
4669,2153,40,pay_in_4,4,160.38,160.38,0,2026-06-10,active
4670,2154,35,pay_in_4,4,154.98,154.98,0,2025-07-21,defaulted
4671,2154,34,pay_monthly_12,12,366.43,470.84,2889,2026-04-17,active
4672,2154,19,pay_in_4,4,900.00,900.00,0,2025-11-18,defaulted
4673,2155,45,pay_in_3,3,176.47,176.47,0,2026-06-08,active
4674,2155,32,pay_in_3,3,311.15,311.15,0,2025-08-14,paid_off
4675,2156,31,pay_in_4,4,602.42,602.42,0,2026-06-15,active
4676,2159,1,pay_in_3,3,440.77,440.77,0,2025-09-05,paid_off
4677,2160,10,pay_in_4,4,892.54,892.54,0,2025-06-19,paid_off
4678,2160,1,pay_in_3,3,352.07,352.07,0,2026-03-04,delinquent
4679,2162,51,pay_in_4,4,100.95,100.95,0,2026-05-15,active
4680,2162,37,pay_monthly_12,12,389.16,507.65,3087,2026-04-17,active
4681,2164,31,pay_in_4,4,963.89,963.89,0,2026-02-17,paid_off
4682,2164,46,pay_in_4,4,193.02,193.02,0,2025-09-01,defaulted
4683,2164,12,pay_in_4,4,1075.97,1075.97,0,2025-12-10,paid_off
4684,2164,3,pay_monthly_6,6,261.76,282.72,1624,2026-01-05,active
4685,2165,32,pay_monthly_12,12,747.70,924.03,2391,2026-05-23,active
4686,2166,20,pay_in_4,4,630.96,630.96,0,2025-12-20,paid_off
4687,2166,41,pay_in_3,3,65.75,65.75,0,2026-05-07,active
4688,2166,11,pay_in_4,4,723.60,723.60,0,2026-05-27,active
4689,2166,27,pay_in_3,3,507.22,507.22,0,2026-05-10,active
4690,2167,20,pay_in_3,3,2363.38,2363.38,0,2025-10-27,paid_off
4691,2167,48,pay_in_3,3,147.38,147.38,0,2026-06-05,active
4692,2167,56,pay_monthly_12,12,65.09,80.01,2324,2026-06-05,active
4693,2167,51,pay_monthly_12,12,75.40,95.40,2690,2026-02-26,active
4694,2168,2,pay_monthly_6,6,204.25,224.05,1966,2026-06-08,active
4695,2168,7,pay_monthly_12,12,329.31,438.77,3370,2025-12-11,active
4696,2168,29,pay_monthly_6,6,444.38,481.83,1709,2026-01-07,active
4697,2170,21,pay_monthly_12,12,670.99,838.76,2535,2026-04-06,active
4698,2171,24,pay_in_4,4,766.41,766.41,0,2026-05-24,active
4699,2172,27,pay_monthly_6,6,345.00,374.86,1755,2026-03-23,active
4700,2172,15,pay_in_4,4,1475.92,1475.92,0,2026-04-15,paid_off
4701,2173,12,pay_in_4,4,373.98,373.98,0,2026-03-06,paid_off
4702,2173,11,pay_in_4,4,1150.00,1150.00,0,2025-11-18,paid_off
4703,2173,53,pay_in_4,4,115.64,115.64,0,2026-03-26,paid_off
4704,2173,43,pay_in_3,3,184.70,184.70,0,2026-01-25,paid_off
4705,2174,2,pay_monthly_6,6,360.69,387.55,1510,2026-05-15,active
4706,2174,38,pay_in_4,4,257.78,257.78,0,2026-04-26,delinquent
4707,2174,28,pay_monthly_6,6,471.84,517.40,1958,2026-05-05,active
4708,2175,5,pay_in_4,4,400.79,400.79,0,2026-03-23,paid_off
4709,2175,31,pay_in_4,4,923.85,923.85,0,2026-05-23,active
4710,2175,44,pay_monthly_6,6,81.81,90.85,2241,2025-08-26,paid_off
4711,2175,34,pay_in_4,4,458.39,458.39,0,2025-12-21,paid_off
4712,2177,46,pay_in_4,4,304.65,304.65,0,2025-10-06,paid_off
4713,2177,40,pay_in_4,4,165.77,165.77,0,2026-03-27,paid_off
4714,2177,32,pay_monthly_6,6,479.50,535.54,2370,2025-12-07,paid_off
4715,2178,45,pay_in_4,4,198.39,198.39,0,2025-10-24,paid_off
4716,2178,15,pay_monthly_6,6,550.00,613.85,2354,2026-01-19,active
4717,2178,11,pay_in_4,4,453.56,453.56,0,2025-11-13,paid_off
4718,2179,33,pay_in_3,3,444.16,444.16,0,2026-04-16,active
4719,2179,54,pay_in_3,3,70.19,70.19,0,2026-05-01,defaulted
4720,2180,10,pay_in_3,3,806.57,806.57,0,2025-11-07,paid_off
4721,2180,23,pay_monthly_6,6,949.08,1046.43,2080,2025-12-25,active
4722,2180,6,pay_monthly_6,6,262.57,286.21,1826,2025-10-25,paid_off
4723,2180,2,pay_in_4,4,619.09,619.09,0,2026-02-08,paid_off
4724,2182,49,pay_in_3,3,379.81,379.81,0,2025-09-24,paid_off
4725,2182,47,pay_monthly_12,12,255.64,327.98,2869,2026-01-12,active
4726,2183,55,pay_in_4,4,173.79,173.79,0,2026-04-28,defaulted
4727,2183,27,pay_in_4,4,592.18,592.18,0,2025-12-22,delinquent
4728,2183,24,pay_monthly_6,6,850.00,913.67,1519,2026-03-24,active
4729,2183,45,pay_monthly_12,12,220.03,292.10,3321,2026-03-19,active
4730,2183,36,pay_in_4,4,107.86,107.86,0,2025-12-19,paid_off
4731,2185,33,pay_monthly_6,6,281.93,303.58,1557,2026-06-11,active
4732,2185,50,pay_in_4,4,252.30,252.30,0,2026-06-11,active
4733,2185,44,pay_in_3,3,252.26,252.26,0,2025-07-31,paid_off
4734,2185,3,pay_in_4,4,402.79,402.79,0,2026-01-10,paid_off
4735,2186,30,pay_monthly_12,12,136.30,164.87,2125,2026-02-06,active
4736,2186,51,pay_in_4,4,86.69,86.69,0,2026-01-27,paid_off
4737,2186,38,pay_in_3,3,292.98,292.98,0,2026-04-10,active
4738,2187,38,pay_in_3,3,124.68,124.68,0,2025-10-28,paid_off
4739,2187,40,pay_in_4,4,57.88,57.88,0,2026-01-21,paid_off
4740,2187,29,pay_in_3,3,575.43,575.43,0,2026-05-27,active
4741,2188,31,pay_in_4,4,492.47,492.47,0,2026-06-12,active
4742,2188,51,pay_in_3,3,107.74,107.74,0,2026-03-13,delinquent
4743,2189,33,pay_in_4,4,424.24,424.24,0,2025-10-16,paid_off
4744,2189,34,pay_in_4,4,800.00,800.00,0,2026-05-16,active
4745,2189,29,pay_in_4,4,568.23,568.23,0,2025-10-07,delinquent
4746,2190,56,pay_in_4,4,117.20,117.20,0,2025-05-06,paid_off
4747,2190,13,pay_in_3,3,1044.43,1044.43,0,2026-01-28,paid_off
4748,2190,6,pay_in_3,3,250.88,250.88,0,2026-02-27,delinquent
4749,2191,24,pay_in_4,4,802.86,802.86,0,2026-04-24,paid_off
4750,2192,32,pay_in_3,3,276.24,276.24,0,2026-04-16,active
4751,2192,55,pay_in_4,4,79.41,79.41,0,2025-12-27,paid_off
4752,2192,53,pay_in_4,4,198.66,198.66,0,2025-07-15,paid_off
4753,2193,17,pay_monthly_12,12,619.82,801.32,2969,2026-03-12,active
4754,2193,16,pay_in_4,4,741.45,741.45,0,2025-04-21,paid_off
4755,2193,34,pay_in_3,3,344.82,344.82,0,2025-04-24,delinquent
4756,2195,50,pay_in_4,4,60.07,60.07,0,2026-04-16,paid_off
4757,2197,35,pay_in_3,3,157.30,157.30,0,2026-04-06,active
4758,2197,29,pay_in_4,4,326.90,326.90,0,2026-06-08,defaulted
4759,2197,33,pay_monthly_6,6,669.35,722.46,1609,2025-11-04,paid_off
4760,2197,2,pay_monthly_12,12,274.54,336.71,2296,2026-01-04,active
4761,2197,13,pay_in_4,4,1642.61,1642.61,0,2025-12-24,paid_off
4762,2198,21,pay_in_3,3,1525.82,1525.82,0,2026-04-16,active
4763,2198,16,pay_in_3,3,808.61,808.61,0,2026-06-07,active
4764,2200,34,pay_in_4,4,662.84,662.84,0,2025-03-21,paid_off
4765,2200,42,pay_monthly_6,6,139.09,154.12,2191,2025-09-08,paid_off
4766,2200,12,pay_in_4,4,576.86,576.86,0,2025-11-23,paid_off
4767,2200,32,pay_in_3,3,643.05,643.05,0,2026-04-20,active
4768,2200,5,pay_in_4,4,424.24,424.24,0,2025-02-28,paid_off
4769,2201,32,pay_monthly_6,6,799.94,888.86,2254,2025-06-12,defaulted
4770,2201,5,pay_in_4,4,163.93,163.93,0,2025-10-12,paid_off
4771,2201,36,pay_in_3,3,306.25,306.25,0,2025-01-27,paid_off
4772,2201,6,pay_in_3,3,310.64,310.64,0,2026-03-10,paid_off
4773,2201,44,pay_monthly_6,6,185.03,207.61,2475,2025-12-21,paid_off
4774,2202,55,pay_monthly_12,12,148.58,197.82,3360,2025-10-27,active
4775,2202,26,pay_in_4,4,510.18,510.18,0,2025-05-21,paid_off
4776,2202,10,pay_in_3,3,323.51,323.51,0,2026-02-02,paid_off
4777,2202,38,pay_in_4,4,69.94,69.94,0,2025-04-22,paid_off
4778,2203,11,pay_in_4,4,836.31,836.31,0,2026-01-24,paid_off
4779,2203,3,pay_monthly_6,6,350.56,379.59,1679,2026-05-20,active
4780,2203,47,pay_in_4,4,122.67,122.67,0,2025-11-16,paid_off
4781,2204,32,pay_in_3,3,270.72,270.72,0,2026-04-13,active
4782,2204,19,pay_in_3,3,950.64,950.64,0,2025-08-16,paid_off
4783,2205,32,pay_in_3,3,895.10,895.10,0,2025-06-05,paid_off
4784,2207,10,pay_in_4,4,560.86,560.86,0,2026-02-07,defaulted
4785,2207,27,pay_in_4,4,225.99,225.99,0,2026-02-12,paid_off
4786,2207,25,pay_in_4,4,624.63,624.63,0,2025-10-17,paid_off
4787,2207,48,pay_in_3,3,547.19,547.19,0,2026-06-02,active
4788,2207,30,pay_in_4,4,729.66,729.66,0,2025-08-25,defaulted
4789,2210,29,pay_in_4,4,576.25,576.25,0,2026-02-21,paid_off
4790,2210,42,pay_monthly_6,6,288.07,310.91,1608,2025-12-05,paid_off
4791,2210,7,pay_in_4,4,233.04,233.04,0,2025-11-09,paid_off
4792,2212,32,pay_in_4,4,584.75,584.75,0,2025-11-20,paid_off
4793,2212,51,pay_in_4,4,104.61,104.61,0,2026-04-06,paid_off
4794,2212,22,pay_monthly_6,6,773.06,862.88,2356,2025-07-21,paid_off
4795,2214,15,pay_monthly_6,6,1147.65,1268.31,2132,2026-03-17,active
4796,2214,23,pay_monthly_6,6,1190.23,1340.02,2552,2026-04-22,active
4797,2214,49,pay_monthly_6,6,260.03,289.37,2288,2025-11-19,paid_off
4798,2214,19,pay_monthly_12,12,793.23,1043.35,3197,2026-05-13,active
4799,2218,11,pay_in_3,3,1140.85,1140.85,0,2026-05-07,active
4800,2219,9,pay_in_4,4,353.67,353.67,0,2025-09-25,paid_off
4801,2219,17,pay_in_4,4,654.44,654.44,0,2026-01-12,paid_off
4802,2219,23,pay_monthly_6,6,775.84,868.66,2426,2026-06-07,active
4803,2220,47,pay_in_3,3,393.60,393.60,0,2026-04-24,active
4804,2220,9,pay_in_4,4,1850.00,1850.00,0,2026-04-24,paid_off
4805,2221,33,pay_in_4,4,396.64,396.64,0,2026-05-01,active
4806,2222,45,pay_in_3,3,362.48,362.48,0,2025-10-21,paid_off
4807,2222,14,pay_monthly_6,6,1502.66,1632.27,1749,2026-01-03,active
4808,2222,37,pay_in_3,3,56.29,56.29,0,2026-06-15,active
4809,2222,8,pay_in_4,4,221.83,221.83,0,2025-07-24,paid_off
4810,2222,18,pay_in_4,4,1438.05,1438.05,0,2025-07-25,paid_off
4811,2223,47,pay_in_4,4,163.30,163.30,0,2025-11-27,paid_off
4812,2223,29,pay_in_4,4,332.00,332.00,0,2026-01-27,paid_off
4813,2223,42,pay_monthly_12,12,308.90,385.04,2499,2026-02-27,active
4814,2223,5,pay_monthly_6,6,142.19,155.63,1917,2025-01-20,paid_off
4815,2223,35,pay_in_3,3,360.46,360.46,0,2025-10-16,paid_off
4816,2224,1,pay_monthly_6,6,176.94,191.99,1725,2026-06-12,active
4817,2225,4,pay_in_3,3,368.26,368.26,0,2026-02-08,paid_off
4818,2225,50,pay_in_4,4,125.24,125.24,0,2026-06-05,active
4819,2225,29,pay_in_4,4,439.96,439.96,0,2026-05-25,active
4820,2226,11,pay_monthly_12,12,548.16,702.14,2848,2026-03-08,active
4821,2226,25,pay_in_4,4,734.42,734.42,0,2026-03-08,paid_off
4822,2228,4,pay_in_3,3,158.82,158.82,0,2026-01-15,paid_off
4823,2228,42,pay_in_4,4,167.72,167.72,0,2026-02-26,paid_off
4824,2228,30,pay_in_3,3,506.29,506.29,0,2025-12-04,paid_off
4825,2228,36,pay_monthly_12,12,103.42,126.39,2252,2025-03-06,paid_off
4826,2229,52,pay_monthly_12,12,62.90,80.85,2893,2026-04-26,active
4827,2230,9,pay_in_4,4,578.22,578.22,0,2026-06-12,active
4828,2230,47,pay_monthly_12,12,383.73,481.83,2592,2026-06-07,active
4829,2230,55,pay_in_4,4,63.57,63.57,0,2026-04-02,paid_off
4830,2230,35,pay_in_4,4,132.04,132.04,0,2025-04-12,paid_off
4831,2230,2,pay_in_4,4,385.78,385.78,0,2025-08-21,paid_off
4832,2231,32,pay_in_3,3,256.01,256.01,0,2025-10-05,paid_off
4833,2232,9,pay_in_4,4,561.87,561.87,0,2025-08-20,paid_off
4834,2232,21,pay_monthly_12,12,615.66,821.02,3382,2025-05-06,paid_off
4835,2232,11,pay_in_4,4,406.49,406.49,0,2026-04-09,paid_off
4836,2233,53,pay_in_4,4,97.94,97.94,0,2025-06-08,paid_off
4837,2233,40,pay_in_4,4,365.09,365.09,0,2025-04-13,paid_off
4838,2233,11,pay_in_4,4,558.39,558.39,0,2026-02-04,paid_off
4839,2234,1,pay_monthly_12,12,341.23,444.69,3074,2026-03-01,active
4840,2235,44,pay_monthly_6,6,116.13,129.63,2358,2026-06-01,active
4841,2235,16,pay_in_3,3,756.36,756.36,0,2025-12-08,delinquent
4842,2235,14,pay_in_4,4,608.58,608.58,0,2026-02-05,paid_off
4843,2235,22,pay_monthly_6,6,614.23,686.41,2383,2025-08-14,paid_off
4844,2235,40,pay_monthly_6,6,196.01,220.54,2538,2026-05-13,active
4845,2235,55,pay_in_4,4,99.26,99.26,0,2025-11-07,delinquent
4846,2236,28,pay_monthly_6,6,700.74,757.24,1635,2026-05-22,active
4847,2236,3,pay_monthly_6,6,404.55,451.21,2339,2025-11-17,delinquent
4848,2237,49,pay_in_3,3,154.85,154.85,0,2026-01-12,paid_off
4849,2237,21,pay_monthly_6,6,1007.25,1132.62,2524,2025-08-24,paid_off
4850,2237,54,pay_in_4,4,116.46,116.46,0,2026-01-28,paid_off
4851,2237,52,pay_monthly_6,6,199.42,214.66,1550,2025-09-24,paid_off
4852,2237,45,pay_in_4,4,1062.41,1062.41,0,2026-04-06,paid_off
4853,2238,7,pay_monthly_6,6,272.35,301.79,2192,2025-09-19,delinquent
4854,2240,23,pay_monthly_12,12,856.51,1032.90,2088,2026-03-08,active
4855,2240,1,pay_in_4,4,317.33,317.33,0,2025-09-10,paid_off
4856,2240,28,pay_monthly_6,6,542.33,607.27,2428,2025-12-10,paid_off
4857,2240,36,pay_in_4,4,174.23,174.23,0,2025-02-23,paid_off
4858,2240,40,pay_monthly_12,12,189.17,241.86,2824,2026-04-04,active
4859,2240,5,pay_in_3,3,293.92,293.92,0,2025-07-09,paid_off
4860,2240,37,pay_monthly_6,6,115.31,129.48,2492,2025-01-23,paid_off
4861,2242,32,pay_in_3,3,589.53,589.53,0,2025-05-25,paid_off
4862,2242,13,pay_monthly_6,6,536.58,579.87,1636,2025-07-13,delinquent
4863,2242,34,pay_in_4,4,252.60,252.60,0,2025-10-14,paid_off
4864,2243,49,pay_monthly_12,12,255.61,316.87,2430,2025-06-28,active
4865,2243,14,pay_in_3,3,943.40,943.40,0,2026-04-19,defaulted
4866,2244,11,pay_monthly_6,6,223.92,252.42,2581,2026-05-16,active
4867,2244,32,pay_monthly_6,6,403.56,439.60,1811,2025-04-21,paid_off
4868,2245,20,pay_in_4,4,806.93,806.93,0,2026-01-25,paid_off
4869,2245,28,pay_in_4,4,823.45,823.45,0,2026-04-25,delinquent
4870,2245,56,pay_in_4,4,133.76,133.76,0,2026-02-11,paid_off
4871,2245,50,pay_monthly_6,6,153.47,168.20,1946,2026-06-07,active
4872,2247,33,pay_in_3,3,1417.70,1417.70,0,2026-04-27,active
4873,2247,30,pay_monthly_6,6,414.74,453.42,1891,2026-01-04,active
4874,2247,17,pay_in_4,4,904.75,904.75,0,2026-06-02,defaulted
4875,2247,42,pay_in_3,3,162.26,162.26,0,2026-02-20,paid_off
4876,2249,36,pay_in_4,4,155.90,155.90,0,2026-02-23,paid_off
4877,2249,49,pay_in_4,4,139.29,139.29,0,2025-05-09,paid_off
4878,2249,46,pay_in_3,3,79.31,79.31,0,2026-05-27,active
4879,2249,1,pay_in_4,4,146.60,146.60,0,2025-04-27,paid_off
4880,2250,24,pay_in_4,4,392.98,392.98,0,2025-05-27,paid_off
4881,2250,34,pay_in_4,4,556.79,556.79,0,2026-03-07,paid_off
4882,2250,5,pay_in_3,3,547.23,547.23,0,2026-02-09,paid_off
4883,2250,20,pay_in_4,4,1262.59,1262.59,0,2026-05-10,active
4884,2251,56,pay_in_3,3,72.48,72.48,0,2025-10-28,paid_off
4885,2251,34,pay_in_4,4,624.35,624.35,0,2026-02-23,paid_off
4886,2252,19,pay_in_3,3,958.80,958.80,0,2026-03-14,paid_off
4887,2253,32,pay_in_4,4,398.53,398.53,0,2026-02-23,paid_off
4888,2254,51,pay_monthly_6,6,68.06,74.21,1833,2026-02-02,active
4889,2255,16,pay_monthly_6,6,304.33,332.92,1905,2026-04-11,active
4890,2256,3,pay_in_4,4,291.19,291.19,0,2026-03-28,delinquent
4891,2256,29,pay_monthly_6,6,642.51,724.61,2591,2025-09-11,paid_off
4892,2256,49,pay_monthly_6,6,238.26,263.50,2148,2026-05-12,defaulted
4893,2258,35,pay_in_4,4,264.24,264.24,0,2026-02-01,paid_off
4894,2259,25,pay_monthly_12,12,684.22,843.69,2363,2025-06-02,paid_off
4895,2259,54,pay_in_3,3,51.34,51.34,0,2025-06-12,paid_off
4896,2259,14,pay_in_4,4,899.89,899.89,0,2026-05-22,active
4897,2261,13,pay_in_4,4,344.87,344.87,0,2026-04-07,paid_off
4898,2261,2,pay_in_4,4,110.01,110.01,0,2025-02-13,paid_off
4899,2261,39,pay_in_4,4,311.95,311.95,0,2025-06-17,paid_off
4900,2261,31,pay_in_4,4,214.92,214.92,0,2025-02-13,paid_off
4901,2262,53,pay_monthly_6,6,70.68,76.93,1794,2026-03-07,active
4902,2262,38,pay_in_3,3,130.12,130.12,0,2026-05-17,active
4903,2264,14,pay_monthly_12,12,1073.04,1337.52,2499,2026-03-06,active
4904,2264,39,pay_monthly_12,12,137.80,172.38,2544,2026-01-07,active
4905,2264,33,pay_in_4,4,484.79,484.79,0,2025-08-06,paid_off
4906,2264,42,pay_in_4,4,153.31,153.31,0,2025-03-04,paid_off
4907,2264,42,pay_in_4,4,120.75,120.75,0,2025-10-10,paid_off
4908,2266,12,pay_in_4,4,402.28,402.28,0,2026-05-28,active
4909,2266,30,pay_monthly_6,6,237.11,255.36,1561,2026-05-08,active
4910,2266,14,pay_monthly_12,12,1314.46,1672.93,2765,2026-01-04,active
4911,2266,34,pay_in_3,3,858.05,858.05,0,2025-08-25,paid_off
4912,2266,24,pay_monthly_6,6,1551.82,1716.74,2155,2025-04-01,paid_off
4913,2267,53,pay_in_4,4,57.49,57.49,0,2026-01-09,paid_off
4914,2267,31,pay_in_4,4,677.54,677.54,0,2026-03-09,paid_off
4915,2268,15,pay_in_4,4,908.83,908.83,0,2025-12-18,paid_off
4916,2268,48,pay_monthly_6,6,622.27,695.70,2393,2026-04-19,active
4917,2268,28,pay_in_3,3,330.92,330.92,0,2026-04-03,delinquent
4918,2268,16,pay_monthly_6,6,734.97,811.05,2099,2025-07-11,delinquent
4919,2269,47,pay_in_3,3,232.64,232.64,0,2026-05-02,active
4920,2269,6,pay_monthly_12,12,304.26,368.75,2149,2026-01-19,active
4921,2271,34,pay_in_4,4,451.26,451.26,0,2026-03-16,delinquent
4922,2271,39,pay_monthly_12,12,133.71,160.90,2062,2026-01-17,active
4923,2271,27,pay_monthly_6,6,735.85,798.27,1720,2026-02-24,active
4924,2272,27,pay_in_3,3,913.42,913.42,0,2026-02-19,delinquent
4925,2272,3,pay_in_4,4,540.29,540.29,0,2025-03-06,paid_off
4926,2272,41,pay_in_4,4,146.25,146.25,0,2026-03-06,paid_off
4927,2272,9,pay_in_4,4,295.38,295.38,0,2026-05-06,active
4928,2272,16,pay_monthly_12,12,1133.74,1456.46,2886,2025-10-25,delinquent
4929,2274,3,pay_monthly_12,12,425.82,546.15,2865,2026-06-04,active
4930,2274,45,pay_in_3,3,426.97,426.97,0,2026-01-09,paid_off
4931,2274,41,pay_monthly_12,12,174.87,228.99,3138,2026-06-04,active
4932,2274,51,pay_monthly_12,12,117.37,152.67,3049,2025-04-14,paid_off
4933,2274,25,pay_in_3,3,1374.84,1374.84,0,2025-11-20,paid_off
4934,2275,48,pay_monthly_12,12,304.29,368.25,2131,2026-05-10,active
4935,2277,38,pay_in_4,4,263.17,263.17,0,2026-02-24,paid_off
4936,2277,44,pay_in_4,4,345.21,345.21,0,2026-02-16,paid_off
4937,2278,24,pay_in_4,4,467.95,467.95,0,2026-06-14,active
4938,2278,27,pay_in_3,3,380.28,380.28,0,2026-01-21,paid_off
4939,2279,33,pay_in_4,4,469.07,469.07,0,2025-03-19,paid_off
4940,2279,13,pay_in_3,3,1094.83,1094.83,0,2025-04-03,paid_off
4941,2279,9,pay_monthly_6,6,402.46,440.98,1941,2025-07-02,paid_off
4942,2279,30,pay_monthly_6,6,320.48,358.44,2402,2026-05-12,active
4943,2279,19,pay_monthly_6,6,2100.00,2357.87,2490,2025-01-27,paid_off
4944,2279,55,pay_monthly_6,6,58.29,63.56,1832,2025-05-03,paid_off
4945,2280,40,pay_in_4,4,87.08,87.08,0,2025-07-28,paid_off
4946,2280,25,pay_monthly_12,12,1281.34,1588.06,2427,2025-02-28,paid_off
4947,2280,10,pay_in_4,4,709.84,709.84,0,2026-02-15,paid_off
4948,2280,33,pay_in_4,4,448.26,448.26,0,2025-10-05,paid_off
4949,2281,50,pay_in_4,4,36.40,36.40,0,2026-05-11,active
4950,2281,16,pay_in_4,4,636.67,636.67,0,2026-01-12,paid_off
4951,2283,37,pay_in_4,4,104.90,104.90,0,2026-04-11,paid_off
4952,2285,2,pay_in_4,4,220.22,220.22,0,2026-02-10,paid_off
4953,2285,4,pay_in_3,3,244.18,244.18,0,2026-06-11,active
4954,2287,7,pay_monthly_12,12,436.79,548.89,2602,2026-02-22,active
4955,2288,21,pay_in_4,4,451.43,451.43,0,2026-01-05,delinquent
4956,2288,47,pay_in_4,4,497.42,497.42,0,2026-03-19,paid_off
4957,2290,38,pay_monthly_6,6,103.50,116.38,2523,2026-06-11,active
4958,2290,14,pay_in_4,4,741.36,741.36,0,2026-05-17,active
4959,2290,14,pay_in_4,4,204.59,204.59,0,2025-07-19,paid_off
4960,2291,40,pay_in_4,4,212.99,212.99,0,2026-02-07,paid_off
4961,2292,52,pay_in_4,4,163.54,163.54,0,2026-06-02,active
4962,2293,50,pay_in_3,3,84.99,84.99,0,2026-06-03,active
4963,2293,20,pay_monthly_6,6,1791.21,1980.69,2145,2026-02-18,active
4964,2293,43,pay_in_4,4,145.68,145.68,0,2025-09-12,paid_off
4965,2294,5,pay_in_4,4,269.40,269.40,0,2026-04-11,paid_off
4966,2294,14,pay_monthly_6,6,267.22,299.55,2453,2026-03-03,active
4967,2294,17,pay_in_4,4,494.64,494.64,0,2025-12-18,paid_off
4968,2294,22,pay_monthly_6,6,800.00,885.41,2165,2025-12-07,paid_off
4969,2295,16,pay_in_3,3,300.37,300.37,0,2025-11-22,paid_off
4970,2295,26,pay_in_4,4,596.80,596.80,0,2025-11-03,delinquent
4971,2295,2,pay_in_4,4,113.82,113.82,0,2026-06-06,active
4972,2296,5,pay_in_4,4,390.70,390.70,0,2025-12-22,paid_off
4973,2297,46,pay_monthly_12,12,472.64,606.20,2865,2025-12-27,active
4974,2297,5,pay_monthly_12,12,266.89,322.27,2104,2026-05-07,active
4975,2297,55,pay_in_4,4,89.75,89.75,0,2026-02-25,paid_off
4976,2297,43,pay_in_3,3,298.49,298.49,0,2026-01-08,paid_off
4977,2297,13,pay_monthly_6,6,1046.39,1151.04,2028,2026-02-01,active
4978,2297,39,pay_in_3,3,178.98,178.98,0,2026-03-04,paid_off
4979,2298,56,pay_in_4,4,151.81,151.81,0,2025-08-04,delinquent
4980,2298,33,pay_monthly_6,6,261.80,282.37,1593,2025-08-18,paid_off
4981,2298,32,pay_monthly_6,6,247.58,278.84,2560,2026-01-02,active
4982,2298,44,pay_in_3,3,498.67,498.67,0,2025-10-09,paid_off
4983,2299,30,pay_in_4,4,954.24,954.24,0,2025-08-01,delinquent
4984,2299,13,pay_in_4,4,605.99,605.99,0,2026-01-17,paid_off
4985,2299,29,pay_monthly_12,12,665.01,846.30,2764,2025-08-08,active
4986,2299,31,pay_in_4,4,426.06,426.06,0,2025-11-02,paid_off
4987,2299,37,pay_in_4,4,133.49,133.49,0,2025-09-25,paid_off
4988,2301,15,pay_in_4,4,362.38,362.38,0,2026-03-24,paid_off
4989,2301,30,pay_monthly_12,12,369.75,474.89,2883,2026-04-16,active
4990,2301,6,pay_monthly_6,6,119.91,129.10,1554,2025-08-07,paid_off
4991,2302,34,pay_in_4,4,471.16,471.16,0,2026-03-19,paid_off
4992,2303,50,pay_in_4,4,246.68,246.68,0,2026-02-03,paid_off
4993,2303,38,pay_monthly_6,6,176.98,197.97,2405,2025-12-24,paid_off
4994,2304,22,pay_monthly_6,6,2500.00,2813.03,2539,2025-11-05,paid_off
4995,2304,50,pay_in_4,4,46.46,46.46,0,2025-06-10,paid_off
4996,2304,31,pay_in_3,3,278.28,278.28,0,2026-04-27,active
4997,2305,20,pay_in_3,3,1055.14,1055.14,0,2026-03-08,paid_off
4998,2305,48,pay_in_4,4,70.83,70.83,0,2026-05-08,active
4999,2305,33,pay_in_3,3,1007.61,1007.61,0,2026-03-20,paid_off
5000,2306,50,pay_in_4,4,82.03,82.03,0,2026-02-11,paid_off
5001,2307,46,pay_in_3,3,154.71,154.71,0,2025-06-18,paid_off
5002,2307,26,pay_in_4,4,754.81,754.81,0,2025-05-24,paid_off
5003,2307,19,pay_monthly_6,6,337.03,369.17,1934,2025-05-21,paid_off
5004,2308,10,pay_monthly_12,12,635.73,808.79,2760,2025-07-24,active
5005,2308,7,pay_monthly_6,6,282.23,315.80,2412,2025-12-03,paid_off
5006,2308,33,pay_in_4,4,461.07,461.07,0,2025-08-05,paid_off
5007,2308,47,pay_in_4,4,656.71,656.71,0,2026-06-02,delinquent
5008,2309,34,pay_monthly_12,12,403.83,492.65,2230,2026-04-07,active
5009,2309,32,pay_in_4,4,892.98,892.98,0,2026-06-04,active
5010,2309,52,pay_in_3,3,102.13,102.13,0,2026-05-06,active
5011,2310,29,pay_in_3,3,963.52,963.52,0,2025-11-23,paid_off
5012,2310,55,pay_in_4,4,200.23,200.23,0,2025-06-07,paid_off
5013,2310,29,pay_in_3,3,473.85,473.85,0,2025-08-04,paid_off
5014,2310,8,pay_monthly_6,6,543.71,593.21,1846,2026-01-11,active
5015,2310,36,pay_in_4,4,77.29,77.29,0,2026-01-14,paid_off
5016,2311,12,pay_in_3,3,585.26,585.26,0,2026-04-15,active
5017,2311,26,pay_in_4,4,204.80,204.80,0,2026-02-04,paid_off
5018,2311,18,pay_monthly_6,6,1082.19,1170.83,1661,2025-10-19,paid_off
5019,2311,2,pay_monthly_6,6,138.90,156.63,2589,2026-04-23,active
5020,2311,19,pay_in_3,3,565.65,565.65,0,2026-02-07,paid_off
5021,2311,41,pay_in_4,4,80.14,80.14,0,2026-03-01,paid_off
5022,2312,14,pay_in_4,4,1578.15,1578.15,0,2026-06-13,active
5023,2312,22,pay_in_4,4,261.21,261.21,0,2026-01-05,paid_off
5024,2312,27,pay_monthly_12,12,1406.47,1786.98,2743,2025-10-28,active
5025,2312,43,pay_in_4,4,625.64,625.64,0,2026-03-07,paid_off
5026,2314,15,pay_in_4,4,1135.43,1135.43,0,2026-01-16,paid_off
5027,2314,10,pay_monthly_12,12,398.92,512.04,2875,2026-02-20,active
5028,2314,28,pay_monthly_12,12,149.97,189.66,2683,2026-01-15,active
5029,2315,44,pay_in_3,3,422.73,422.73,0,2025-08-14,paid_off
5030,2315,32,pay_monthly_6,6,395.04,434.16,2008,2026-04-22,active
5031,2316,11,pay_in_4,4,839.99,839.99,0,2026-03-14,delinquent
5032,2316,52,pay_monthly_6,6,60.73,66.04,1773,2025-05-09,paid_off
5033,2316,56,pay_in_4,4,80.25,80.25,0,2025-11-03,paid_off
5034,2316,14,pay_monthly_6,6,559.49,619.45,2173,2025-07-05,delinquent
5035,2317,1,pay_in_4,4,300.55,300.55,0,2025-10-24,paid_off
5036,2317,52,pay_in_3,3,234.90,234.90,0,2025-07-27,paid_off
5037,2317,31,pay_monthly_6,6,515.39,567.95,2068,2025-03-22,paid_off
5038,2318,52,pay_in_3,3,64.51,64.51,0,2026-01-27,paid_off
5039,2318,42,pay_in_4,4,98.97,98.97,0,2025-09-12,defaulted
5040,2318,35,pay_monthly_6,6,222.65,241.97,1760,2026-06-08,active
5041,2318,33,pay_in_4,4,725.42,725.42,0,2025-06-20,paid_off
5042,2318,53,pay_in_4,4,25.00,25.00,0,2026-02-23,paid_off
5043,2319,30,pay_monthly_12,12,1125.39,1446.73,2895,2025-04-23,paid_off
5044,2319,56,pay_in_4,4,116.75,116.75,0,2026-05-14,active
5045,2319,54,pay_in_4,4,105.94,105.94,0,2025-08-26,paid_off
5046,2320,29,pay_in_4,4,809.83,809.83,0,2025-11-16,paid_off
5047,2320,37,pay_monthly_12,12,145.67,191.73,3206,2025-10-31,active
5048,2321,17,pay_in_4,4,782.82,782.82,0,2026-02-09,paid_off
5049,2321,54,pay_in_4,4,55.28,55.28,0,2025-12-09,paid_off
5050,2321,48,pay_in_3,3,369.94,369.94,0,2026-05-03,active
5051,2321,13,pay_monthly_6,6,535.81,596.08,2281,2026-04-26,active
5052,2322,39,pay_in_4,4,110.41,110.41,0,2025-12-12,paid_off
5053,2322,27,pay_monthly_12,12,1335.57,1672.79,2560,2026-02-16,active
5054,2323,49,pay_in_4,4,379.04,379.04,0,2026-01-15,paid_off
5055,2324,25,pay_in_3,3,1391.87,1391.87,0,2026-05-14,defaulted
5056,2324,4,pay_in_3,3,537.31,537.31,0,2025-06-26,defaulted
5057,2325,52,pay_monthly_6,6,63.68,71.48,2483,2026-06-12,defaulted
5058,2326,30,pay_in_3,3,279.03,279.03,0,2026-05-24,active
5059,2327,26,pay_in_3,3,413.69,413.69,0,2025-12-24,paid_off
5060,2328,2,pay_in_3,3,393.15,393.15,0,2025-11-23,paid_off
5061,2328,29,pay_monthly_6,6,427.37,462.71,1677,2026-02-09,active
5062,2328,45,pay_in_4,4,151.66,151.66,0,2026-02-26,paid_off
5063,2328,3,pay_in_4,4,392.91,392.91,0,2026-03-21,defaulted
5064,2329,35,pay_monthly_6,6,82.87,92.47,2348,2026-04-09,active
5065,2329,9,pay_monthly_6,6,458.43,493.40,1547,2026-04-05,active
5066,2330,21,pay_in_4,4,1005.98,1005.98,0,2026-04-27,paid_off
5067,2330,25,pay_monthly_6,6,677.54,758.13,2412,2025-12-19,paid_off
5068,2332,56,pay_monthly_6,6,82.00,91.28,2294,2026-01-24,active
5069,2334,14,pay_in_4,4,883.84,883.84,0,2026-04-26,paid_off
5070,2334,18,pay_in_4,4,941.42,941.42,0,2026-04-26,paid_off
5071,2334,19,pay_monthly_6,6,808.95,912.27,2590,2026-04-26,active
5072,2336,7,pay_in_4,4,669.15,669.15,0,2025-08-03,paid_off
5073,2336,7,pay_monthly_12,12,434.87,533.56,2301,2025-09-27,active
5074,2336,7,pay_monthly_6,6,657.48,718.89,1894,2025-03-06,delinquent
5075,2336,13,pay_in_4,4,201.41,201.41,0,2025-09-19,paid_off
5076,2337,9,pay_in_4,4,1093.67,1093.67,0,2025-06-23,paid_off
5077,2337,9,pay_in_4,4,377.51,377.51,0,2026-01-26,paid_off
5078,2337,14,pay_in_4,4,318.34,318.34,0,2025-11-18,paid_off
5079,2338,9,pay_monthly_6,6,473.98,525.80,2217,2026-01-09,active
5080,2339,3,pay_in_4,4,298.21,298.21,0,2026-06-11,active
5081,2339,19,pay_in_4,4,396.98,396.98,0,2026-04-25,defaulted
5082,2339,22,pay_in_4,4,760.13,760.13,0,2026-02-13,paid_off
5083,2339,25,pay_in_4,4,850.32,850.32,0,2026-04-04,paid_off
5084,2341,34,pay_monthly_12,12,554.90,664.96,2011,2025-09-19,active
5085,2341,28,pay_in_4,4,616.77,616.77,0,2025-09-19,paid_off
5086,2341,5,pay_in_4,4,134.81,134.81,0,2026-06-05,active
5087,2343,1,pay_in_3,3,358.95,358.95,0,2026-04-13,active
5088,2343,10,pay_in_4,4,235.35,235.35,0,2025-09-22,paid_off
5089,2343,40,pay_in_4,4,104.14,104.14,0,2026-05-28,active
5090,2343,16,pay_in_3,3,687.87,687.87,0,2026-02-04,paid_off
5091,2343,37,pay_in_4,4,170.25,170.25,0,2025-05-01,paid_off
5092,2343,47,pay_in_4,4,397.40,397.40,0,2025-08-27,paid_off
5093,2344,27,pay_in_4,4,445.65,445.65,0,2025-09-19,paid_off
5094,2344,44,pay_in_3,3,205.04,205.04,0,2026-02-05,paid_off
5095,2344,36,pay_in_4,4,186.95,186.95,0,2025-10-04,paid_off
5096,2344,32,pay_in_4,4,231.48,231.48,0,2026-05-20,active
5097,2346,46,pay_in_3,3,143.20,143.20,0,2026-01-23,paid_off
5098,2346,40,pay_in_4,4,163.18,163.18,0,2025-08-19,paid_off
5099,2346,21,pay_in_4,4,1600.00,1600.00,0,2025-05-27,paid_off
5100,2349,13,pay_monthly_12,12,139.98,173.02,2393,2025-04-09,paid_off
5101,2349,7,pay_monthly_6,6,322.01,350.94,1822,2025-11-07,paid_off
5102,2351,14,pay_in_4,4,456.76,456.76,0,2026-05-15,active
5103,2352,43,pay_monthly_12,12,235.61,298.07,2688,2026-04-09,active
5104,2352,17,pay_in_4,4,1100.00,1100.00,0,2025-12-21,paid_off
5105,2354,47,pay_in_4,4,222.68,222.68,0,2025-11-23,delinquent
5106,2354,34,pay_in_3,3,558.34,558.34,0,2026-02-09,paid_off
5107,2354,56,pay_in_4,4,81.78,81.78,0,2025-02-21,paid_off
5108,2354,45,pay_in_4,4,229.54,229.54,0,2025-05-07,paid_off
5109,2354,28,pay_in_4,4,302.79,302.79,0,2026-03-08,paid_off
5110,2356,17,pay_in_4,4,562.24,562.24,0,2026-04-25,paid_off
5111,2356,16,pay_in_4,4,424.03,424.03,0,2025-11-02,paid_off
5112,2356,9,pay_in_4,4,1097.06,1097.06,0,2025-12-02,paid_off
5113,2358,13,pay_monthly_12,12,657.06,864.50,3201,2026-06-14,active
5114,2359,46,pay_in_3,3,700.00,700.00,0,2025-12-23,delinquent
5115,2359,10,pay_monthly_6,6,648.30,717.01,2149,2026-02-02,delinquent
5116,2360,55,pay_monthly_12,12,65.20,84.90,3063,2026-03-03,active
5117,2360,18,pay_in_4,4,1682.15,1682.15,0,2026-04-16,delinquent
5118,2360,37,pay_in_4,4,123.83,123.83,0,2026-03-02,paid_off
5119,2362,2,pay_monthly_6,6,168.83,184.24,1851,2026-03-07,active
5120,2362,4,pay_in_3,3,297.25,297.25,0,2026-02-04,paid_off
5121,2363,1,pay_in_4,4,237.50,237.50,0,2025-10-02,paid_off
5122,2363,45,pay_in_4,4,705.27,705.27,0,2026-05-14,active
5123,2363,14,pay_in_3,3,387.00,387.00,0,2025-09-22,paid_off
5124,2363,3,pay_monthly_6,6,397.17,434.91,1927,2025-09-08,paid_off
5125,2363,12,pay_in_4,4,578.94,578.94,0,2026-04-26,paid_off
5126,2363,44,pay_in_4,4,280.14,280.14,0,2026-02-13,paid_off
5127,2364,49,pay_in_3,3,360.27,360.27,0,2025-12-28,paid_off
5128,2364,5,pay_in_4,4,348.01,348.01,0,2026-01-05,paid_off
5129,2364,39,pay_in_3,3,168.54,168.54,0,2026-05-28,active
5130,2365,20,pay_in_4,4,1573.41,1573.41,0,2026-03-15,paid_off
5131,2365,20,pay_monthly_6,6,1056.35,1179.50,2364,2025-11-04,paid_off
5132,2366,48,pay_monthly_6,6,345.48,383.78,2248,2026-02-25,active
5133,2366,51,pay_monthly_6,6,58.64,64.76,2117,2025-10-24,paid_off
5134,2368,5,pay_in_4,4,421.02,421.02,0,2026-04-08,paid_off
5135,2370,29,pay_in_4,4,212.52,212.52,0,2026-01-09,paid_off
5136,2371,36,pay_in_4,4,192.19,192.19,0,2025-09-08,paid_off
5137,2372,53,pay_monthly_6,6,128.09,139.57,1818,2026-06-04,active
5138,2372,34,pay_monthly_12,12,397.78,516.15,3017,2026-01-13,active
5139,2373,36,pay_in_4,4,203.33,203.33,0,2025-10-13,paid_off
5140,2373,16,pay_in_4,4,393.71,393.71,0,2026-01-19,paid_off
5141,2374,8,pay_monthly_6,6,346.11,388.54,2486,2026-03-19,active
5142,2374,9,pay_monthly_12,12,501.26,653.48,3079,2025-09-25,active
5143,2374,49,pay_in_4,4,254.56,254.56,0,2026-02-14,paid_off
5144,2374,6,pay_monthly_12,12,245.34,298.89,2213,2026-01-27,defaulted
5145,2374,1,pay_monthly_12,12,159.53,204.96,2887,2026-03-17,active
5146,2376,21,pay_in_4,4,582.10,582.10,0,2026-01-22,paid_off
5147,2376,7,pay_in_4,4,363.52,363.52,0,2026-03-05,paid_off
5148,2376,20,pay_in_4,4,853.15,853.15,0,2026-05-19,active
5149,2376,41,pay_in_4,4,175.48,175.48,0,2026-04-28,active
5150,2377,55,pay_in_4,4,69.48,69.48,0,2026-05-04,active
5151,2377,55,pay_monthly_6,6,87.33,94.41,1644,2026-02-27,active
5152,2377,54,pay_in_3,3,128.90,128.90,0,2026-04-26,active
5153,2378,28,pay_in_4,4,717.07,717.07,0,2026-06-15,active
5154,2378,55,pay_monthly_12,12,166.23,211.83,2781,2026-04-30,active
5155,2378,27,pay_in_4,4,312.71,312.71,0,2026-04-30,active
5156,2378,45,pay_monthly_6,6,177.25,196.00,2145,2026-06-15,active
5157,2379,40,pay_in_4,4,114.93,114.93,0,2026-06-08,active
5158,2380,38,pay_monthly_12,12,93.68,113.27,2120,2026-03-28,active
5159,2380,18,pay_in_4,4,577.31,577.31,0,2025-12-10,paid_off
5160,2380,27,pay_monthly_12,12,433.47,561.13,2986,2026-04-24,active
5161,2380,23,pay_in_4,4,1723.85,1723.85,0,2026-04-21,paid_off
5162,2380,38,pay_monthly_6,6,76.00,84.44,2252,2026-03-28,active
5163,2380,51,pay_in_4,4,91.93,91.93,0,2026-04-23,paid_off
5164,2382,54,pay_in_3,3,183.30,183.30,0,2026-03-05,paid_off
5165,2382,15,pay_in_4,4,355.75,355.75,0,2026-01-22,delinquent
5166,2384,21,pay_in_4,4,380.90,380.90,0,2026-05-23,active
5167,2385,41,pay_monthly_6,6,116.61,126.17,1663,2026-06-13,active
5168,2387,31,pay_in_4,4,443.73,443.73,0,2026-02-22,delinquent
5169,2387,43,pay_monthly_12,12,103.31,135.30,3140,2026-01-22,active
5170,2387,35,pay_monthly_12,12,84.32,110.42,3138,2026-03-15,delinquent
5171,2388,3,pay_in_4,4,308.47,308.47,0,2026-01-15,paid_off
5172,2388,38,pay_in_4,4,147.59,147.59,0,2026-04-07,paid_off
5173,2388,38,pay_in_3,3,104.52,104.52,0,2025-08-08,paid_off
5174,2388,18,pay_in_4,4,1805.55,1805.55,0,2026-04-16,paid_off
5175,2389,28,pay_monthly_6,6,636.68,687.01,1603,2025-11-24,paid_off
5176,2389,17,pay_in_4,4,537.07,537.07,0,2025-11-04,paid_off
5177,2392,13,pay_monthly_12,12,634.70,794.71,2556,2026-02-24,active
5178,2392,55,pay_monthly_6,6,108.55,121.89,2492,2026-02-18,defaulted
5179,2393,30,pay_in_4,4,1600.00,1600.00,0,2026-04-08,paid_off
5180,2395,47,pay_in_4,4,214.57,214.57,0,2025-11-21,paid_off
5181,2395,30,pay_in_3,3,368.52,368.52,0,2026-01-03,paid_off
5182,2395,34,pay_in_3,3,395.75,395.75,0,2025-08-03,defaulted
5183,2395,21,pay_in_4,4,1191.91,1191.91,0,2025-02-21,paid_off
5184,2395,23,pay_in_4,4,1162.01,1162.01,0,2025-07-13,paid_off
5185,2396,44,pay_monthly_12,12,205.61,270.67,3208,2026-05-23,delinquent
5186,2396,47,pay_monthly_12,12,392.42,474.13,2111,2026-04-19,active
5187,2397,12,pay_monthly_6,6,1096.83,1214.26,2171,2026-03-19,active
5188,2397,36,pay_in_4,4,187.75,187.75,0,2026-02-28,defaulted
5189,2398,32,pay_monthly_12,12,317.11,412.38,3046,2025-11-27,active
5190,2398,1,pay_in_4,4,274.67,274.67,0,2026-03-04,paid_off
5191,2398,47,pay_in_4,4,550.69,550.69,0,2025-11-05,paid_off
5192,2399,2,pay_monthly_6,6,325.23,358.49,2074,2026-03-04,active
5193,2399,30,pay_in_4,4,298.95,298.95,0,2026-05-23,active
5194,2400,42,pay_in_4,4,118.92,118.92,0,2026-06-12,active
5195,2400,32,pay_monthly_6,6,477.72,516.33,1639,2025-10-17,paid_off
5196,2400,46,pay_in_3,3,503.26,503.26,0,2025-10-25,paid_off
5197,2400,46,pay_in_4,4,251.61,251.61,0,2025-12-17,paid_off
5198,2401,40,pay_in_4,4,61.32,61.32,0,2026-02-22,paid_off
5199,2401,51,pay_in_3,3,34.94,34.94,0,2025-10-22,paid_off
5200,2401,43,pay_in_4,4,487.42,487.42,0,2025-12-11,paid_off
5201,2403,42,pay_in_4,4,134.59,134.59,0,2026-01-12,paid_off
5202,2405,37,pay_in_4,4,117.40,117.40,0,2026-04-10,paid_off
5203,2405,21,pay_in_4,4,670.22,670.22,0,2026-04-21,paid_off
5204,2406,44,pay_in_4,4,381.23,381.23,0,2025-05-10,paid_off
5205,2406,16,pay_monthly_12,12,491.20,634.56,2959,2025-05-19,paid_off
5206,2407,41,pay_in_4,4,123.80,123.80,0,2026-04-25,paid_off
5207,2407,31,pay_in_3,3,637.63,637.63,0,2026-02-14,paid_off
5208,2407,38,pay_monthly_6,6,141.99,159.70,2529,2026-04-24,active
5209,2407,32,pay_in_4,4,624.00,624.00,0,2025-10-19,paid_off
5210,2407,35,pay_monthly_12,12,145.90,183.10,2585,2026-04-16,active
5211,2407,43,pay_in_3,3,188.17,188.17,0,2025-11-11,paid_off
5212,2408,39,pay_in_3,3,113.21,113.21,0,2025-09-10,paid_off
5213,2408,8,pay_in_4,4,208.83,208.83,0,2026-05-22,active
5214,2408,33,pay_monthly_6,6,379.08,420.96,2240,2026-02-22,active
5215,2408,34,pay_in_3,3,370.45,370.45,0,2026-03-19,paid_off
5216,2408,32,pay_monthly_6,6,442.64,478.66,1650,2025-11-18,paid_off
5217,2409,24,pay_in_3,3,782.54,782.54,0,2025-07-22,paid_off
5218,2409,16,pay_in_3,3,637.25,637.25,0,2025-08-26,paid_off
5219,2409,39,pay_in_3,3,43.88,43.88,0,2026-02-12,paid_off
5220,2409,46,pay_in_3,3,260.61,260.61,0,2026-01-18,paid_off
5221,2409,11,pay_monthly_12,12,755.46,995.16,3217,2025-07-22,active
5222,2410,15,pay_in_4,4,364.55,364.55,0,2025-12-27,paid_off
5223,2410,26,pay_monthly_12,12,481.07,636.27,3271,2025-05-18,paid_off
5224,2410,35,pay_in_4,4,113.16,113.16,0,2025-11-15,paid_off
5225,2410,14,pay_in_4,4,749.60,749.60,0,2025-05-18,paid_off
5226,2411,22,pay_in_4,4,800.00,800.00,0,2026-05-18,active
5227,2413,15,pay_in_3,3,1679.60,1679.60,0,2026-01-06,paid_off
5228,2413,28,pay_in_3,3,236.64,236.64,0,2025-09-22,paid_off
5229,2413,10,pay_monthly_6,6,262.39,295.52,2560,2025-09-07,paid_off
5230,2413,50,pay_in_3,3,84.63,84.63,0,2025-10-05,paid_off
5231,2413,16,pay_in_4,4,1226.71,1226.71,0,2025-05-11,paid_off
5232,2413,50,pay_in_4,4,84.22,84.22,0,2026-01-10,paid_off
5233,2414,2,pay_in_3,3,221.30,221.30,0,2026-03-14,paid_off
5234,2415,12,pay_in_4,4,637.03,637.03,0,2026-04-29,active
5235,2416,31,pay_monthly_6,6,295.86,319.85,1644,2025-09-08,paid_off
5236,2416,35,pay_monthly_6,6,165.51,181.56,1966,2025-07-05,paid_off
5237,2417,4,pay_in_3,3,318.75,318.75,0,2026-04-17,active
5238,2417,12,pay_in_4,4,735.25,735.25,0,2026-05-16,active
5239,2421,34,pay_in_3,3,402.25,402.25,0,2025-07-05,paid_off
5240,2421,2,pay_in_4,4,434.96,434.96,0,2026-05-15,active
5241,2424,34,pay_in_4,4,411.39,411.39,0,2026-04-24,paid_off
5242,2424,50,pay_in_3,3,50.18,50.18,0,2025-11-18,paid_off
5243,2424,39,pay_monthly_12,12,137.85,165.14,2007,2025-07-25,delinquent
5244,2424,36,pay_in_4,4,142.91,142.91,0,2026-05-05,defaulted
5245,2424,48,pay_in_4,4,316.35,316.35,0,2025-07-13,defaulted
5246,2425,4,pay_in_4,4,104.40,104.40,0,2025-04-23,paid_off
5247,2425,8,pay_in_4,4,236.10,236.10,0,2025-10-13,paid_off
5248,2426,4,pay_in_4,4,250.00,250.00,0,2026-02-23,paid_off
5249,2426,17,pay_in_4,4,1352.95,1352.95,0,2026-05-09,active
5250,2426,37,pay_monthly_12,12,70.97,90.50,2790,2025-11-26,active
5251,2427,42,pay_monthly_6,6,59.88,64.60,1597,2025-11-03,paid_off
5252,2428,40,pay_in_4,4,169.76,169.76,0,2026-04-16,paid_off
5253,2428,31,pay_in_4,4,956.77,956.77,0,2026-01-19,paid_off
5254,2429,44,pay_in_4,4,421.28,421.28,0,2026-06-13,active
5255,2430,14,pay_in_4,4,334.12,334.12,0,2026-02-15,paid_off
5256,2430,2,pay_in_4,4,114.64,114.64,0,2025-12-10,paid_off
5257,2430,51,pay_in_4,4,50.79,50.79,0,2025-09-06,paid_off
5258,2430,4,pay_in_4,4,502.71,502.71,0,2026-05-19,active
5259,2431,15,pay_in_3,3,400.99,400.99,0,2026-04-05,active
5260,2431,38,pay_monthly_12,12,189.42,235.75,2480,2026-02-01,active
5261,2431,50,pay_in_4,4,75.82,75.82,0,2026-04-12,paid_off
5262,2432,7,pay_monthly_12,12,194.64,251.08,2940,2026-03-26,active
5263,2433,30,pay_monthly_12,12,418.62,502.56,2033,2026-04-14,active
5264,2433,23,pay_in_4,4,865.60,865.60,0,2026-03-20,paid_off
5265,2434,11,pay_in_4,4,477.14,477.14,0,2025-06-11,paid_off
5266,2434,41,pay_in_4,4,84.42,84.42,0,2025-12-02,paid_off
5267,2435,46,pay_in_3,3,558.31,558.31,0,2025-08-10,delinquent
5268,2435,35,pay_in_3,3,128.47,128.47,0,2026-04-05,delinquent
5269,2435,45,pay_in_3,3,227.29,227.29,0,2026-03-01,paid_off
5270,2436,2,pay_monthly_6,6,750.00,837.14,2356,2025-12-23,delinquent
5271,2436,21,pay_in_4,4,750.00,750.00,0,2026-03-26,paid_off
5272,2436,29,pay_in_3,3,412.14,412.14,0,2025-12-05,paid_off
5273,2436,52,pay_in_4,4,76.35,76.35,0,2026-01-16,delinquent
5274,2436,22,pay_monthly_12,12,617.71,794.64,2904,2025-11-28,active
5275,2437,1,pay_monthly_6,6,214.01,237.64,2239,2026-06-03,active
5276,2437,15,pay_in_4,4,1036.30,1036.30,0,2026-05-16,active
5277,2438,13,pay_monthly_6,6,900.61,999.47,2226,2025-12-03,paid_off
5278,2438,27,pay_in_3,3,505.30,505.30,0,2026-03-24,paid_off
5279,2440,56,pay_in_3,3,60.68,60.68,0,2025-09-21,paid_off
5280,2440,30,pay_in_4,4,940.61,940.61,0,2025-09-07,paid_off
5281,2440,29,pay_monthly_6,6,668.74,741.69,2212,2025-10-15,paid_off
5282,2440,18,pay_in_4,4,786.62,786.62,0,2026-05-17,active
5283,2441,42,pay_in_4,4,121.28,121.28,0,2025-12-03,paid_off
5284,2441,18,pay_in_4,4,746.75,746.75,0,2025-08-22,paid_off
5285,2443,33,pay_in_3,3,308.19,308.19,0,2026-05-10,active
5286,2443,2,pay_monthly_12,12,747.10,992.84,3335,2026-01-03,active
5287,2445,31,pay_monthly_6,6,406.43,441.83,1766,2025-07-20,defaulted
5288,2446,44,pay_in_3,3,138.31,138.31,0,2025-11-27,paid_off
5289,2446,56,pay_monthly_6,6,48.71,54.09,2239,2026-04-11,active
5290,2447,3,pay_in_4,4,297.34,297.34,0,2026-01-27,paid_off
5291,2447,44,pay_in_4,4,230.56,230.56,0,2026-06-05,active
5292,2448,21,pay_monthly_6,6,995.35,1122.48,2590,2026-03-17,active
5293,2449,55,pay_in_4,4,59.32,59.32,0,2025-11-26,paid_off
5294,2449,11,pay_in_4,4,1217.10,1217.10,0,2025-08-06,paid_off
5295,2450,35,pay_in_3,3,41.82,41.82,0,2025-09-06,paid_off
5296,2450,6,pay_in_4,4,317.50,317.50,0,2026-03-02,paid_off
5297,2450,16,pay_in_4,4,722.84,722.84,0,2026-02-07,paid_off
5298,2450,48,pay_in_4,4,207.64,207.64,0,2025-08-22,paid_off
5299,2450,24,pay_in_4,4,704.62,704.62,0,2026-03-01,paid_off
5300,2451,44,pay_in_4,4,229.47,229.47,0,2025-12-08,paid_off
5301,2452,2,pay_monthly_6,6,475.34,533.99,2502,2026-05-24,delinquent
5302,2452,21,pay_monthly_6,6,1412.58,1583.39,2452,2025-11-28,paid_off
5303,2453,51,pay_monthly_6,6,58.62,63.52,1695,2026-02-15,active
5304,2453,9,pay_in_4,4,285.26,285.26,0,2026-01-15,delinquent
5305,2453,32,pay_monthly_12,12,580.21,759.21,3128,2026-03-03,active
5306,2454,25,pay_in_3,3,1331.56,1331.56,0,2025-06-13,paid_off
5307,2454,9,pay_monthly_12,12,873.73,1098.56,2609,2025-10-18,active
5308,2454,12,pay_monthly_6,6,967.63,1073.18,2212,2026-02-15,active
5309,2455,7,pay_in_3,3,339.30,339.30,0,2026-01-24,paid_off
5310,2455,21,pay_in_3,3,415.47,415.47,0,2025-09-23,paid_off
5311,2455,56,pay_in_3,3,79.61,79.61,0,2026-05-14,active
5312,2456,11,pay_in_3,3,764.98,764.98,0,2026-06-15,active
5313,2457,4,pay_in_4,4,222.06,222.06,0,2025-11-10,paid_off
5314,2457,22,pay_in_4,4,622.61,622.61,0,2025-10-03,paid_off
5315,2457,50,pay_in_4,4,117.38,117.38,0,2025-10-17,paid_off
5316,2457,18,pay_in_4,4,1018.10,1018.10,0,2025-09-26,paid_off
5317,2457,12,pay_monthly_12,12,557.36,727.66,3098,2026-05-24,active
5318,2458,46,pay_monthly_6,6,199.96,221.13,2147,2025-10-09,paid_off
5319,2458,45,pay_monthly_12,12,300.84,374.49,2482,2026-01-18,active
5320,2458,34,pay_monthly_12,12,502.04,668.37,3359,2025-09-20,active
5321,2459,39,pay_monthly_6,6,190.91,215.03,2562,2025-11-21,paid_off
5322,2459,50,pay_in_3,3,88.72,88.72,0,2026-05-06,active
5323,2462,27,pay_monthly_6,6,462.50,510.90,2122,2026-03-25,defaulted
5324,2462,27,pay_in_4,4,359.49,359.49,0,2026-02-25,paid_off
5325,2464,14,pay_in_4,4,423.90,423.90,0,2025-04-21,paid_off
5326,2464,4,pay_monthly_12,12,210.82,269.19,2807,2025-09-13,defaulted
5327,2465,46,pay_in_4,4,173.11,173.11,0,2026-01-19,paid_off
5328,2465,42,pay_in_4,4,80.72,80.72,0,2025-08-16,paid_off
5329,2465,38,pay_in_4,4,139.78,139.78,0,2026-05-23,active
5330,2465,30,pay_monthly_6,6,494.16,537.66,1785,2025-07-16,paid_off
5331,2466,1,pay_in_3,3,336.00,336.00,0,2026-04-09,defaulted
5332,2466,29,pay_in_4,4,522.39,522.39,0,2026-03-14,paid_off
5333,2466,38,pay_in_4,4,221.63,221.63,0,2025-04-01,paid_off
5334,2466,36,pay_in_4,4,103.20,103.20,0,2026-01-08,delinquent
5335,2467,35,pay_monthly_6,6,79.20,87.17,2041,2025-09-14,paid_off
5336,2467,37,pay_in_3,3,192.79,192.79,0,2025-08-08,paid_off
5337,2467,19,pay_in_3,3,986.75,986.75,0,2025-09-09,paid_off
5338,2467,30,pay_in_3,3,758.17,758.17,0,2025-01-26,paid_off
5339,2468,10,pay_in_4,4,655.59,655.59,0,2025-11-12,paid_off
5340,2468,35,pay_in_4,4,245.74,245.74,0,2025-11-03,paid_off
5341,2470,13,pay_in_4,4,675.24,675.24,0,2026-05-23,active
5342,2470,23,pay_in_4,4,989.29,989.29,0,2026-01-28,defaulted
5343,2471,49,pay_monthly_6,6,406.52,456.68,2502,2026-05-20,active
5344,2471,16,pay_in_4,4,515.00,515.00,0,2025-08-14,paid_off
5345,2471,32,pay_monthly_6,6,295.15,326.66,2165,2026-06-14,active
5346,2471,21,pay_in_3,3,995.33,995.33,0,2026-04-21,active
5347,2472,29,pay_monthly_12,12,309.16,378.32,2268,2026-06-08,active
5348,2472,55,pay_in_3,3,76.74,76.74,0,2026-06-14,active
5349,2472,19,pay_monthly_6,6,892.99,983.18,2048,2026-03-21,active
5350,2474,24,pay_in_4,4,236.50,236.50,0,2026-05-27,active
5351,2474,12,pay_monthly_6,6,211.45,234.37,2198,2026-01-18,active
5352,2474,10,pay_in_4,4,1411.09,1411.09,0,2025-10-09,paid_off
5353,2474,49,pay_in_4,4,194.03,194.03,0,2026-04-05,paid_off
5354,2476,22,pay_in_3,3,579.31,579.31,0,2026-05-06,active
5355,2476,1,pay_in_4,4,258.49,258.49,0,2026-04-10,paid_off
5356,2477,33,pay_monthly_12,12,286.42,355.46,2444,2026-03-02,active
5357,2478,11,pay_in_3,3,1262.10,1262.10,0,2026-04-09,active
5358,2478,55,pay_in_4,4,80.22,80.22,0,2026-05-12,active
5359,2478,45,pay_in_3,3,142.50,142.50,0,2026-04-21,active
5360,2479,16,pay_in_4,4,774.64,774.64,0,2026-02-22,paid_off
5361,2479,29,pay_in_4,4,412.43,412.43,0,2025-08-05,paid_off
5362,2479,17,pay_in_4,4,242.71,242.71,0,2026-04-02,paid_off
5363,2480,26,pay_in_4,4,551.10,551.10,0,2026-03-18,paid_off
5364,2480,3,pay_in_3,3,375.10,375.10,0,2026-01-15,paid_off
5365,2480,47,pay_in_4,4,246.27,246.27,0,2026-02-21,paid_off
5366,2481,16,pay_in_3,3,1190.88,1190.88,0,2026-04-23,active
5367,2481,55,pay_in_4,4,46.61,46.61,0,2025-07-09,paid_off
5368,2481,41,pay_monthly_12,12,246.39,323.38,3168,2026-01-15,active
5369,2481,42,pay_monthly_12,12,146.79,194.93,3325,2025-10-18,active
5370,2482,2,pay_monthly_6,6,315.29,355.33,2575,2026-01-26,active
5371,2483,46,pay_monthly_6,6,156.51,169.27,1653,2025-08-01,paid_off
5372,2483,31,pay_monthly_6,6,662.33,727.56,1997,2025-08-24,paid_off
5373,2483,6,pay_in_3,3,311.82,311.82,0,2026-04-16,active
5374,2485,37,pay_in_4,4,299.42,299.42,0,2026-03-15,paid_off
5375,2485,43,pay_monthly_6,6,126.56,136.93,1661,2025-02-01,paid_off
5376,2485,38,pay_monthly_6,6,115.83,125.01,1607,2026-06-12,active
5377,2485,7,pay_in_4,4,287.31,287.31,0,2025-11-13,paid_off
5378,2486,10,pay_monthly_6,6,1183.73,1321.44,2359,2026-04-06,active
5379,2486,18,pay_in_4,4,1065.72,1065.72,0,2025-11-21,delinquent
5380,2486,45,pay_in_4,4,566.91,566.91,0,2026-04-10,paid_off
5381,2488,17,pay_monthly_12,12,669.91,847.98,2695,2026-01-18,active
5382,2488,23,pay_monthly_6,6,524.80,582.67,2236,2026-04-07,active
5383,2488,21,pay_in_4,4,671.30,671.30,0,2025-11-08,delinquent
5384,2490,6,pay_in_3,3,139.09,139.09,0,2026-02-14,paid_off
5385,2490,18,pay_in_4,4,1087.86,1087.86,0,2026-04-10,paid_off
5386,2490,28,pay_in_4,4,316.40,316.40,0,2026-01-31,paid_off
5387,2491,21,pay_in_4,4,569.28,569.28,0,2025-05-03,paid_off
5388,2491,52,pay_in_4,4,48.90,48.90,0,2025-05-24,defaulted
5389,2492,36,pay_in_3,3,153.65,153.65,0,2025-11-10,defaulted
5390,2492,37,pay_monthly_6,6,143.47,154.80,1601,2026-06-13,delinquent
5391,2492,34,pay_in_4,4,452.86,452.86,0,2025-12-27,paid_off
5392,2492,7,pay_monthly_12,12,500.00,634.98,2737,2025-12-05,active
5393,2492,31,pay_in_4,4,343.98,343.98,0,2026-02-05,delinquent
5394,2492,19,pay_in_4,4,500.00,500.00,0,2025-11-19,paid_off
5395,2494,12,pay_monthly_12,12,625.80,798.19,2793,2026-03-07,active
5396,2495,43,pay_monthly_12,12,128.98,160.19,2453,2025-04-12,paid_off
5397,2495,7,pay_in_4,4,286.10,286.10,0,2025-09-26,delinquent
5398,2495,13,pay_in_4,4,510.67,510.67,0,2026-06-04,active
5399,2495,30,pay_in_4,4,470.29,470.29,0,2025-07-17,delinquent
5400,2498,44,pay_monthly_6,6,113.37,125.81,2225,2026-06-01,active
5401,2498,18,pay_in_3,3,1079.13,1079.13,0,2026-06-01,active
5402,2498,26,pay_in_3,3,353.26,353.26,0,2025-07-08,paid_off
5403,2498,39,pay_in_3,3,95.67,95.67,0,2025-03-17,paid_off
5404,2498,7,pay_in_4,4,139.60,139.60,0,2025-06-20,paid_off
5405,2499,22,pay_in_4,4,1008.46,1008.46,0,2026-01-24,paid_off
5406,2499,43,pay_in_4,4,338.09,338.09,0,2026-01-22,paid_off
5407,2499,30,pay_in_4,4,724.80,724.80,0,2026-02-08,paid_off
5408,2500,43,pay_in_4,4,214.01,214.01,0,2026-01-27,paid_off
5409,2501,26,pay_monthly_6,6,697.15,769.86,2115,2026-04-03,active
5410,2501,54,pay_monthly_12,12,48.30,62.52,2984,2026-02-19,active
5411,2501,3,pay_monthly_6,6,501.16,563.02,2503,2026-04-22,active
5412,2501,31,pay_in_4,4,587.28,587.28,0,2025-12-13,paid_off
5413,2502,40,pay_in_3,3,121.68,121.68,0,2025-07-11,paid_off
5414,2502,4,pay_in_4,4,926.86,926.86,0,2026-02-15,paid_off
5415,2502,7,pay_in_3,3,154.55,154.55,0,2026-03-17,paid_off
5416,2502,29,pay_in_3,3,1139.12,1139.12,0,2025-05-17,paid_off
5417,2504,26,pay_in_4,4,203.49,203.49,0,2025-09-18,paid_off
5418,2504,33,pay_in_4,4,337.05,337.05,0,2026-05-19,delinquent
5419,2505,1,pay_in_4,4,223.48,223.48,0,2026-05-16,delinquent
5420,2505,19,pay_in_4,4,507.75,507.75,0,2025-07-11,paid_off
5421,2505,16,pay_monthly_12,12,741.51,910.23,2307,2026-05-24,active
5422,2506,50,pay_in_3,3,90.31,90.31,0,2026-05-09,active
5423,2506,16,pay_in_4,4,483.36,483.36,0,2026-05-08,active
5424,2514,37,pay_in_3,3,115.61,115.61,0,2025-03-30,paid_off
5425,2514,56,pay_in_3,3,44.76,44.76,0,2025-12-18,paid_off
5426,2514,32,pay_monthly_6,6,382.62,419.66,1963,2025-03-30,paid_off
5427,2516,1,pay_monthly_6,6,251.42,276.08,1989,2026-05-13,active
5428,2516,37,pay_monthly_12,12,351.89,432.27,2316,2025-12-11,active
5429,2517,13,pay_in_4,4,262.09,262.09,0,2026-03-07,paid_off
5430,2517,34,pay_monthly_12,12,547.18,721.28,3226,2025-08-23,active
5431,2517,47,pay_in_4,4,256.84,256.84,0,2025-11-24,paid_off
5432,2518,38,pay_in_3,3,172.47,172.47,0,2025-05-10,delinquent
5433,2518,41,pay_in_3,3,144.20,144.20,0,2026-02-11,paid_off
5434,2518,11,pay_in_4,4,392.12,392.12,0,2026-01-10,paid_off
5435,2518,52,pay_in_4,4,150.16,150.16,0,2025-09-16,paid_off
5436,2519,11,pay_in_4,4,795.64,795.64,0,2026-01-01,paid_off
5437,2519,22,pay_in_3,3,514.97,514.97,0,2025-11-16,paid_off
5438,2519,32,pay_monthly_6,6,329.00,359.94,1907,2026-02-01,active
5439,2519,42,pay_in_4,4,288.46,288.46,0,2025-11-28,paid_off
5440,2521,23,pay_monthly_12,12,219.70,267.81,2220,2025-12-23,active
5441,2521,13,pay_monthly_6,6,1231.83,1325.56,1543,2025-09-01,paid_off
5442,2521,11,pay_monthly_12,12,468.56,582.39,2463,2026-02-10,active
5443,2521,48,pay_in_4,4,181.28,181.28,0,2025-11-23,paid_off
5444,2521,34,pay_in_3,3,408.53,408.53,0,2025-06-20,paid_off
5445,2522,55,pay_in_4,4,84.89,84.89,0,2025-11-20,paid_off
5446,2523,43,pay_monthly_12,12,333.08,409.00,2311,2026-01-22,active
5447,2523,14,pay_in_3,3,1050.00,1050.00,0,2026-01-17,delinquent
5448,2523,12,pay_monthly_6,6,147.04,163.42,2259,2026-02-07,active
5449,2523,1,pay_in_4,4,239.68,239.68,0,2026-03-14,paid_off
5450,2523,13,pay_monthly_12,12,846.43,1083.19,2836,2025-07-08,active
5451,2524,42,pay_in_3,3,209.74,209.74,0,2025-10-13,paid_off
5452,2524,5,pay_in_4,4,96.93,96.93,0,2026-05-11,active
5453,2524,47,pay_in_4,4,260.62,260.62,0,2025-07-27,paid_off
5454,2524,15,pay_in_4,4,1041.05,1041.05,0,2026-06-14,active
5455,2524,23,pay_in_3,3,1012.37,1012.37,0,2025-07-09,paid_off
5456,2525,10,pay_monthly_12,12,749.32,943.54,2628,2025-12-09,active
5457,2525,23,pay_in_4,4,977.92,977.92,0,2025-10-07,paid_off
5458,2525,51,pay_in_3,3,54.47,54.47,0,2025-10-06,paid_off
5459,2525,27,pay_monthly_12,12,498.38,649.63,3077,2025-07-16,active
5460,2525,19,pay_in_3,3,1373.64,1373.64,0,2025-06-28,paid_off
5461,2525,33,pay_in_4,4,347.14,347.14,0,2026-03-13,paid_off
5462,2525,53,pay_monthly_12,12,82.55,100.37,2189,2026-04-04,defaulted
5463,2526,16,pay_in_4,4,309.65,309.65,0,2026-02-24,paid_off
5464,2526,46,pay_in_3,3,192.58,192.58,0,2026-03-15,paid_off
5465,2530,48,pay_in_3,3,134.72,134.72,0,2025-07-07,paid_off
5466,2530,25,pay_monthly_6,6,852.69,941.04,2101,2025-06-21,defaulted
5467,2530,9,pay_in_3,3,1537.03,1537.03,0,2025-08-26,paid_off
5468,2530,24,pay_monthly_6,6,1007.92,1086.41,1579,2025-09-15,paid_off
5469,2531,30,pay_in_4,4,811.20,811.20,0,2025-06-20,paid_off
5470,2531,44,pay_in_4,4,159.42,159.42,0,2026-05-13,active
5471,2532,55,pay_in_4,4,94.52,94.52,0,2025-08-11,paid_off
5472,2534,17,pay_monthly_6,6,1123.30,1244.56,2189,2025-12-26,active
5473,2534,34,pay_in_4,4,558.77,558.77,0,2026-01-17,paid_off
5474,2534,24,pay_in_4,4,375.07,375.07,0,2025-07-09,paid_off
5475,2535,8,pay_in_4,4,748.44,748.44,0,2025-12-02,paid_off
5476,2535,33,pay_in_4,4,633.64,633.64,0,2026-03-22,paid_off
5477,2535,19,pay_in_4,4,1519.86,1519.86,0,2026-02-10,paid_off
5478,2535,53,pay_in_4,4,101.20,101.20,0,2025-04-15,paid_off
5479,2535,53,pay_monthly_12,12,73.44,95.76,3081,2025-08-07,active
5480,2536,4,pay_monthly_6,6,290.55,316.04,1779,2025-12-15,paid_off
5481,2537,35,pay_in_4,4,350.10,350.10,0,2026-05-23,active
5482,2537,28,pay_in_4,4,456.84,456.84,0,2026-02-22,paid_off
5483,2537,38,pay_in_3,3,167.67,167.67,0,2025-08-06,paid_off
5484,2538,50,pay_in_4,4,87.59,87.59,0,2025-10-18,paid_off
5485,2538,42,pay_in_3,3,205.87,205.87,0,2026-03-03,delinquent
5486,2538,8,pay_monthly_12,12,229.12,301.16,3188,2025-12-24,delinquent
5487,2538,44,pay_monthly_12,12,515.87,618.29,2013,2026-02-23,active
5488,2539,14,pay_in_4,4,700.00,700.00,0,2026-05-21,delinquent
5489,2539,3,pay_in_3,3,149.24,149.24,0,2026-03-04,paid_off
5490,2539,40,pay_in_4,4,328.52,328.52,0,2026-05-05,active
5491,2540,17,pay_monthly_6,6,377.45,414.81,2007,2026-02-24,active
5492,2540,29,pay_in_4,4,666.55,666.55,0,2025-11-11,paid_off
5493,2540,20,pay_in_3,3,1216.26,1216.26,0,2026-05-06,delinquent
5494,2540,32,pay_monthly_12,12,813.94,1001.63,2338,2026-04-17,active
5495,2540,56,pay_monthly_12,12,61.41,76.72,2528,2026-01-14,active
5496,2541,39,pay_monthly_6,6,246.52,272.28,2119,2026-01-21,delinquent
5497,2543,29,pay_in_4,4,997.33,997.33,0,2026-05-06,active
5498,2544,14,pay_in_3,3,604.15,604.15,0,2026-04-15,active
5499,2544,20,pay_in_3,3,803.58,803.58,0,2025-09-12,paid_off
5500,2544,56,pay_monthly_12,12,127.64,160.43,2605,2025-07-23,active
5501,2544,21,pay_in_3,3,1900.00,1900.00,0,2025-05-23,paid_off
5502,2544,48,pay_in_4,4,222.91,222.91,0,2026-01-02,paid_off
5503,2544,14,pay_monthly_6,6,692.73,750.22,1683,2025-02-06,paid_off
5504,2547,46,pay_monthly_6,6,277.25,300.14,1674,2026-05-02,active
5505,2547,31,pay_monthly_12,12,519.28,665.86,2862,2026-03-07,active
5506,2548,4,pay_in_3,3,296.43,296.43,0,2026-06-10,active
5507,2548,46,pay_in_4,4,307.95,307.95,0,2025-11-21,paid_off
5508,2548,30,pay_monthly_12,12,517.58,660.57,2801,2025-07-14,active
5509,2548,28,pay_in_4,4,615.27,615.27,0,2026-03-04,paid_off
5510,2549,13,pay_in_4,4,304.87,304.87,0,2026-02-21,paid_off
5511,2549,52,pay_monthly_6,6,63.74,71.91,2599,2026-02-21,active
5512,2550,24,pay_in_4,4,436.23,436.23,0,2025-11-04,defaulted
5513,2551,31,pay_in_4,4,186.07,186.07,0,2026-05-16,active
5514,2551,49,pay_monthly_12,12,279.85,364.04,3050,2026-05-15,defaulted
5515,2551,49,pay_monthly_12,12,176.28,227.07,2921,2026-03-11,active
5516,2552,36,pay_in_4,4,231.15,231.15,0,2026-01-13,paid_off
5517,2552,7,pay_in_4,4,329.01,329.01,0,2026-03-07,paid_off
5518,2552,5,pay_in_3,3,134.18,134.18,0,2026-04-21,active
5519,2552,15,pay_in_4,4,844.93,844.93,0,2026-05-21,active
5520,2552,23,pay_in_4,4,1390.53,1390.53,0,2026-03-22,paid_off
5521,2553,25,pay_in_4,4,781.09,781.09,0,2026-05-08,active
5522,2553,29,pay_in_3,3,308.58,308.58,0,2026-02-13,paid_off
5523,2554,43,pay_in_4,4,390.68,390.68,0,2026-04-04,paid_off
5524,2554,5,pay_monthly_6,6,672.37,725.72,1609,2026-06-05,active
5525,2555,13,pay_monthly_12,12,854.71,1045.06,2258,2025-12-02,active
5526,2555,51,pay_in_4,4,94.37,94.37,0,2025-05-03,paid_off
5527,2556,33,pay_in_3,3,240.00,240.00,0,2025-09-02,paid_off
5528,2556,45,pay_in_4,4,279.84,279.84,0,2025-06-08,paid_off
5529,2557,10,pay_in_4,4,675.75,675.75,0,2025-09-03,paid_off
5530,2557,56,pay_in_4,4,25.00,25.00,0,2026-04-14,paid_off
5531,2557,33,pay_monthly_6,6,648.10,703.33,1728,2025-07-12,paid_off
5532,2557,56,pay_monthly_12,12,192.17,249.49,3024,2026-03-03,delinquent
5533,2557,21,pay_in_4,4,713.19,713.19,0,2026-06-15,active
5534,2558,28,pay_in_3,3,574.69,574.69,0,2025-11-14,paid_off
5535,2558,38,pay_in_4,4,140.59,140.59,0,2026-02-21,paid_off
5536,2559,30,pay_in_4,4,807.23,807.23,0,2026-05-20,active
5537,2560,44,pay_in_4,4,346.76,346.76,0,2026-03-27,paid_off
5538,2566,45,pay_in_4,4,352.30,352.30,0,2025-10-17,paid_off
5539,2566,31,pay_in_3,3,687.97,687.97,0,2025-10-17,paid_off
5540,2566,12,pay_in_3,3,599.65,599.65,0,2026-05-25,active
5541,2567,48,pay_in_4,4,168.90,168.90,0,2026-06-15,active
5542,2568,5,pay_in_4,4,143.77,143.77,0,2025-11-12,paid_off
5543,2568,19,pay_in_4,4,1260.29,1260.29,0,2025-11-07,paid_off
5544,2569,13,pay_monthly_6,6,500.00,542.26,1714,2026-01-10,defaulted
5545,2569,50,pay_in_3,3,133.05,133.05,0,2026-02-25,delinquent
5546,2569,15,pay_in_4,4,500.00,500.00,0,2026-05-11,defaulted
5547,2570,50,pay_in_3,3,117.77,117.77,0,2026-02-23,defaulted
5548,2570,17,pay_monthly_12,12,900.00,1093.87,2184,2026-06-01,active
5549,2570,7,pay_monthly_12,12,99.53,131.74,3281,2026-01-05,active
5550,2572,23,pay_in_4,4,673.98,673.98,0,2026-04-27,paid_off
5551,2574,51,pay_in_3,3,53.78,53.78,0,2026-06-10,defaulted
5552,2575,48,pay_monthly_6,6,740.27,798.61,1598,2026-02-17,active
5553,2575,54,pay_in_4,4,94.39,94.39,0,2026-02-15,paid_off
5554,2575,14,pay_monthly_6,6,650.42,727.02,2388,2025-09-08,paid_off
5555,2575,47,pay_monthly_6,6,189.99,212.06,2356,2025-07-28,paid_off
5556,2577,11,pay_monthly_6,6,427.81,463.19,1677,2026-02-04,active
5557,2577,9,pay_in_4,4,531.61,531.61,0,2025-10-13,paid_off
5558,2578,26,pay_monthly_12,12,221.84,277.48,2543,2025-11-03,active
5559,2578,17,pay_monthly_6,6,1818.85,2027.22,2323,2025-10-26,delinquent
5560,2578,4,pay_in_4,4,159.70,159.70,0,2026-05-23,active
5561,2578,3,pay_in_4,4,859.30,859.30,0,2026-06-05,active
5562,2578,12,pay_in_4,4,444.16,444.16,0,2025-07-08,paid_off
5563,2578,5,pay_monthly_6,6,468.56,513.16,1930,2025-10-01,paid_off
5564,2579,4,pay_monthly_6,6,286.90,310.33,1656,2026-05-11,active
5565,2581,50,pay_monthly_6,6,84.02,91.48,1800,2026-04-16,active
5566,2581,49,pay_monthly_6,6,182.30,199.07,1865,2026-03-07,active
5567,2582,26,pay_in_3,3,613.01,613.01,0,2026-06-08,active
5568,2582,39,pay_in_4,4,63.73,63.73,0,2026-05-10,delinquent
5569,2582,52,pay_in_4,4,101.67,101.67,0,2025-12-10,paid_off
5570,2582,56,pay_in_4,4,95.53,95.53,0,2026-02-14,paid_off
5571,2582,2,pay_in_4,4,218.19,218.19,0,2026-05-06,active
5572,2582,40,pay_monthly_6,6,157.28,170.22,1668,2026-04-22,defaulted
5573,2583,3,pay_in_4,4,203.07,203.07,0,2026-03-27,paid_off
5574,2583,32,pay_monthly_6,6,210.86,234.02,2227,2026-02-18,active
5575,2584,12,pay_in_4,4,479.12,479.12,0,2026-02-11,paid_off
5576,2585,50,pay_in_3,3,187.48,187.48,0,2026-05-25,active
5577,2585,55,pay_in_4,4,86.35,86.35,0,2026-04-02,paid_off
5578,2586,20,pay_in_4,4,1422.46,1422.46,0,2025-08-23,paid_off
5579,2586,50,pay_in_4,4,130.91,130.91,0,2025-12-12,paid_off
5580,2586,56,pay_in_4,4,218.52,218.52,0,2026-05-17,active
5581,2586,38,pay_in_4,4,290.50,290.50,0,2025-07-26,paid_off
5582,2587,43,pay_in_4,4,413.28,413.28,0,2026-05-19,active
5583,2588,47,pay_monthly_6,6,206.83,225.11,1792,2026-04-13,active
5584,2588,24,pay_in_4,4,419.37,419.37,0,2026-02-13,paid_off
5585,2589,30,pay_in_4,4,1412.64,1412.64,0,2025-12-28,paid_off
5586,2589,55,pay_monthly_12,12,83.13,100.77,2151,2026-04-18,active
5587,2589,28,pay_in_4,4,556.06,556.06,0,2026-03-11,paid_off
5588,2589,26,pay_in_4,4,422.47,422.47,0,2025-07-13,delinquent
5589,2590,30,pay_in_4,4,376.63,376.63,0,2026-02-13,paid_off
5590,2590,14,pay_in_3,3,604.33,604.33,0,2026-05-20,delinquent
5591,2590,13,pay_monthly_6,6,541.71,604.25,2341,2025-10-15,paid_off
5592,2591,19,pay_in_4,4,471.96,471.96,0,2026-01-21,paid_off
5593,2591,18,pay_in_4,4,1100.00,1100.00,0,2025-11-18,paid_off
5594,2591,31,pay_monthly_6,6,595.88,661.88,2246,2025-10-28,paid_off
5595,2592,38,pay_monthly_12,12,108.00,131.45,2201,2025-01-26,paid_off
5596,2592,36,pay_in_4,4,72.50,72.50,0,2026-02-18,paid_off
5597,2592,52,pay_in_4,4,50.32,50.32,0,2026-02-18,paid_off
5598,2592,44,pay_in_4,4,157.86,157.86,0,2025-09-20,paid_off
5599,2592,56,pay_in_3,3,178.65,178.65,0,2025-04-25,paid_off
5600,2592,28,pay_in_3,3,679.01,679.01,0,2026-03-19,delinquent
5601,2592,43,pay_in_4,4,308.02,308.02,0,2026-06-09,active
5602,2594,25,pay_monthly_6,6,1759.92,1981.41,2552,2025-03-04,paid_off
5603,2594,44,pay_in_4,4,267.77,267.77,0,2025-11-25,paid_off
5604,2594,7,pay_in_3,3,335.12,335.12,0,2025-10-10,paid_off
5605,2594,28,pay_monthly_6,6,370.54,406.74,1981,2026-01-23,active
5606,2594,44,pay_in_4,4,708.45,708.45,0,2026-02-11,paid_off
5607,2594,36,pay_monthly_6,6,107.68,116.41,1644,2025-05-23,delinquent
5608,2594,31,pay_in_4,4,459.39,459.39,0,2026-03-24,paid_off
5609,2596,33,pay_in_3,3,187.38,187.38,0,2025-12-15,delinquent
5610,2596,1,pay_in_4,4,267.04,267.04,0,2025-12-01,paid_off
5611,2596,20,pay_in_4,4,569.71,569.71,0,2025-12-03,delinquent
5612,2596,31,pay_in_4,4,482.16,482.16,0,2026-02-24,defaulted
5613,2597,10,pay_in_4,4,1069.11,1069.11,0,2025-04-10,paid_off
5614,2597,18,pay_in_3,3,1356.04,1356.04,0,2026-01-01,paid_off
5615,2597,36,pay_monthly_6,6,67.66,74.33,1999,2025-11-22,delinquent
5616,2597,26,pay_in_4,4,745.07,745.07,0,2025-10-13,paid_off
5617,2598,43,pay_monthly_12,12,272.19,333.83,2296,2026-04-10,active
5618,2598,29,pay_in_4,4,500.69,500.69,0,2025-11-02,paid_off
5619,2600,8,pay_in_4,4,643.30,643.30,0,2026-05-21,active
5620,2601,22,pay_in_4,4,1022.88,1022.88,0,2026-05-17,active
5621,2601,51,pay_in_4,4,98.38,98.38,0,2026-06-11,active
5622,2602,25,pay_in_3,3,861.40,861.40,0,2026-03-24,paid_off
5623,2602,56,pay_monthly_6,6,26.30,29.63,2566,2026-06-14,active
5624,2604,26,pay_in_4,4,551.83,551.83,0,2025-12-12,paid_off
5625,2604,44,pay_in_3,3,134.10,134.10,0,2025-07-11,paid_off
5626,2604,32,pay_in_4,4,357.26,357.26,0,2025-10-15,paid_off
5627,2604,51,pay_monthly_12,12,39.93,52.26,3131,2026-02-09,active
5628,2605,1,pay_monthly_6,6,225.69,244.80,1717,2026-03-14,active
5629,2605,13,pay_in_4,4,510.89,510.89,0,2026-05-25,active
5630,2606,45,pay_in_4,4,199.60,199.60,0,2025-06-22,delinquent
5631,2606,42,pay_in_4,4,78.72,78.72,0,2025-08-16,defaulted
5632,2607,21,pay_in_4,4,582.51,582.51,0,2025-01-28,paid_off
5633,2607,31,pay_monthly_6,6,738.31,804.83,1827,2026-01-04,active
5634,2607,42,pay_in_4,4,222.99,222.99,0,2026-04-02,paid_off
5635,2607,34,pay_in_4,4,643.81,643.81,0,2026-03-16,paid_off
5636,2607,12,pay_in_3,3,609.21,609.21,0,2025-04-27,paid_off
5637,2609,34,pay_in_4,4,281.33,281.33,0,2025-08-18,defaulted
5638,2609,15,pay_in_3,3,1662.02,1662.02,0,2025-12-27,paid_off
5639,2610,1,pay_in_4,4,312.15,312.15,0,2026-01-04,paid_off
5640,2611,14,pay_in_4,4,916.13,916.13,0,2025-11-07,paid_off
5641,2611,49,pay_in_4,4,342.44,342.44,0,2025-09-13,paid_off
5642,2612,21,pay_in_3,3,434.67,434.67,0,2025-08-24,defaulted
5643,2612,3,pay_monthly_12,12,385.94,491.23,2766,2025-08-24,active
5644,2612,21,pay_in_4,4,1182.81,1182.81,0,2025-11-03,paid_off
5645,2612,48,pay_monthly_12,12,100.22,121.63,2166,2025-12-18,active
5646,2612,56,pay_in_4,4,148.71,148.71,0,2026-06-10,active
5647,2615,6,pay_in_4,4,205.80,205.80,0,2026-06-08,active
5648,2615,13,pay_monthly_12,12,912.99,1126.85,2375,2026-02-27,active
5649,2616,13,pay_in_3,3,869.73,869.73,0,2026-04-17,active
5650,2617,13,pay_monthly_6,6,651.08,713.88,1956,2025-06-10,paid_off
5651,2617,33,pay_in_4,4,617.48,617.48,0,2025-04-27,paid_off
5652,2618,55,pay_in_4,4,69.92,69.92,0,2025-11-20,paid_off
5653,2618,55,pay_monthly_6,6,162.37,178.90,2064,2025-11-22,paid_off
5654,2618,42,pay_monthly_6,6,138.26,155.97,2597,2025-08-12,paid_off
5655,2618,49,pay_in_3,3,513.02,513.02,0,2026-04-15,active
5656,2618,1,pay_in_4,4,251.84,251.84,0,2025-09-13,paid_off
5657,2619,19,pay_in_4,4,551.84,551.84,0,2026-04-11,paid_off
5658,2619,42,pay_in_4,4,171.11,171.11,0,2026-06-09,active
5659,2620,48,pay_monthly_6,6,271.05,294.95,1788,2025-11-06,paid_off
5660,2620,41,pay_in_4,4,229.31,229.31,0,2025-12-23,paid_off
5661,2621,23,pay_monthly_6,6,1017.29,1093.49,1519,2025-12-14,paid_off
5662,2621,30,pay_in_4,4,652.39,652.39,0,2026-02-27,paid_off
5663,2622,42,pay_in_4,4,122.08,122.08,0,2026-04-04,paid_off
5664,2622,26,pay_monthly_6,6,294.19,322.70,1965,2026-06-02,active
5665,2622,46,pay_in_4,4,154.19,154.19,0,2025-09-26,delinquent
5666,2623,41,pay_in_4,4,96.07,96.07,0,2025-11-28,paid_off
5667,2625,19,pay_in_4,4,1273.87,1273.87,0,2026-03-15,paid_off
5668,2625,8,pay_in_4,4,154.04,154.04,0,2026-01-01,paid_off
5669,2625,2,pay_in_4,4,252.52,252.52,0,2025-09-03,paid_off
5670,2625,1,pay_in_3,3,378.25,378.25,0,2025-11-23,paid_off
5671,2625,44,pay_monthly_12,12,240.83,319.69,3320,2026-04-12,active
5672,2626,47,pay_in_3,3,166.78,166.78,0,2026-05-15,active
5673,2626,14,pay_in_4,4,983.45,983.45,0,2025-07-14,paid_off
5674,2626,24,pay_in_3,3,310.18,310.18,0,2025-08-27,defaulted
5675,2626,11,pay_in_3,3,496.47,496.47,0,2026-02-27,delinquent
5676,2627,16,pay_monthly_6,6,782.25,854.50,1873,2025-11-20,paid_off
5677,2628,43,pay_monthly_6,6,339.60,369.06,1759,2025-09-20,paid_off
5678,2628,29,pay_in_4,4,908.60,908.60,0,2025-01-13,paid_off
5679,2629,56,pay_in_3,3,88.30,88.30,0,2026-04-01,active
5680,2629,52,pay_monthly_6,6,83.42,91.51,1966,2025-10-12,paid_off
5681,2629,11,pay_monthly_12,12,1050.83,1265.27,2069,2025-12-17,active
5682,2629,2,pay_monthly_6,6,267.87,297.06,2210,2025-11-14,paid_off
5683,2629,38,pay_in_4,4,132.31,132.31,0,2025-10-07,paid_off
5684,2630,8,pay_monthly_12,12,437.71,578.45,3260,2025-05-30,paid_off
5685,2630,5,pay_in_4,4,402.54,402.54,0,2026-03-20,paid_off
5686,2630,3,pay_monthly_6,6,250.07,280.37,2457,2026-01-21,active
5687,2631,24,pay_monthly_12,12,1196.50,1572.60,3187,2026-05-04,delinquent
5688,2631,2,pay_monthly_6,6,329.43,361.29,1961,2026-05-11,active
5689,2632,47,pay_monthly_12,12,60.59,78.30,2963,2026-04-14,active
5690,2632,21,pay_monthly_12,12,1037.20,1354.84,3105,2026-05-23,active
5691,2633,28,pay_in_3,3,575.17,575.17,0,2025-11-19,paid_off
5692,2633,15,pay_in_3,3,254.77,254.77,0,2025-10-03,paid_off
5693,2633,5,pay_monthly_6,6,536.46,591.78,2091,2026-03-23,active
5694,2633,41,pay_in_3,3,259.94,259.94,0,2025-11-22,paid_off
5695,2633,29,pay_in_4,4,504.43,504.43,0,2026-01-16,delinquent
5696,2635,53,pay_monthly_6,6,79.72,86.23,1655,2025-11-07,delinquent
5697,2635,32,pay_in_4,4,573.81,573.81,0,2025-05-27,paid_off
5698,2635,8,pay_in_4,4,360.43,360.43,0,2026-02-18,paid_off
5699,2635,46,pay_in_3,3,103.24,103.24,0,2026-06-10,active
5700,2635,45,pay_in_3,3,301.81,301.81,0,2025-03-08,paid_off
5701,2636,43,pay_in_3,3,500.00,500.00,0,2026-06-10,active
5702,2636,41,pay_in_4,4,63.28,63.28,0,2026-06-06,delinquent
5703,2636,53,pay_in_4,4,211.89,211.89,0,2025-08-19,paid_off
5704,2636,51,pay_monthly_6,6,141.73,152.25,1505,2026-01-18,active
5705,2637,40,pay_monthly_12,12,72.68,93.85,2953,2026-03-27,delinquent
5706,2637,40,pay_monthly_6,6,268.56,292.65,1819,2026-02-01,active
5707,2638,25,pay_in_4,4,853.19,853.19,0,2026-02-10,paid_off
5708,2639,48,pay_in_4,4,183.64,183.64,0,2025-11-05,paid_off
5709,2639,26,pay_in_4,4,666.65,666.65,0,2025-10-27,paid_off
5710,2639,5,pay_in_4,4,174.18,174.18,0,2026-06-02,active
5711,2641,11,pay_in_4,4,411.76,411.76,0,2025-07-05,paid_off
5712,2641,26,pay_monthly_12,12,644.76,791.60,2309,2025-12-17,active
5713,2641,22,pay_in_4,4,837.92,837.92,0,2026-04-25,paid_off
5714,2641,46,pay_in_4,4,143.88,143.88,0,2026-03-20,paid_off
5715,2642,31,pay_in_4,4,414.84,414.84,0,2026-06-13,active
5716,2645,19,pay_in_3,3,651.92,651.92,0,2025-10-05,paid_off
5717,2645,10,pay_monthly_6,6,1125.42,1221.66,1734,2025-03-06,paid_off
5718,2645,38,pay_monthly_12,12,78.91,98.51,2518,2025-04-24,paid_off
5719,2645,1,pay_in_3,3,157.25,157.25,0,2026-05-07,active
5720,2646,23,pay_in_3,3,377.49,377.49,0,2026-05-18,active
5721,2646,20,pay_in_4,4,872.52,872.52,0,2026-06-12,active
5722,2647,37,pay_in_4,4,94.66,94.66,0,2026-01-11,paid_off
5723,2648,36,pay_monthly_6,6,218.12,238.89,1931,2026-03-23,active
5724,2648,44,pay_in_3,3,357.85,357.85,0,2026-05-09,active
5725,2649,36,pay_in_4,4,160.09,160.09,0,2025-10-16,paid_off
5726,2649,7,pay_monthly_6,6,598.30,651.03,1787,2026-04-28,active
5727,2649,26,pay_in_4,4,285.05,285.05,0,2025-09-26,delinquent
5728,2649,46,pay_in_4,4,185.28,185.28,0,2025-10-12,paid_off
5729,2650,47,pay_in_4,4,217.20,217.20,0,2026-02-10,paid_off
5730,2650,32,pay_in_4,4,1004.63,1004.63,0,2025-08-20,defaulted
5731,2651,47,pay_monthly_6,6,116.17,128.93,2228,2026-06-06,active
5732,2651,52,pay_monthly_6,6,171.04,188.88,2115,2025-12-26,active
5733,2652,45,pay_monthly_6,6,218.67,235.62,1572,2026-06-10,active
5734,2652,36,pay_in_4,4,92.92,92.92,0,2025-04-18,paid_off
5735,2652,9,pay_in_4,4,306.61,306.61,0,2026-05-19,active
5736,2652,20,pay_in_4,4,1450.00,1450.00,0,2025-05-13,paid_off
5737,2653,42,pay_in_3,3,303.22,303.22,0,2026-05-15,active
5738,2653,43,pay_in_4,4,326.12,326.12,0,2026-05-26,active
5739,2654,29,pay_monthly_12,12,775.57,963.90,2462,2025-09-18,delinquent
5740,2654,19,pay_monthly_12,12,878.31,1144.43,3072,2025-10-26,active
5741,2654,2,pay_monthly_6,6,317.75,343.71,1657,2025-06-08,paid_off
5742,2655,46,pay_in_4,4,101.84,101.84,0,2025-07-03,paid_off
5743,2655,29,pay_monthly_6,6,317.06,355.56,2462,2025-12-09,paid_off
5744,2655,16,pay_in_3,3,1189.82,1189.82,0,2025-03-03,paid_off
5745,2655,40,pay_in_4,4,50.15,50.15,0,2025-05-14,paid_off
5746,2655,9,pay_in_4,4,692.33,692.33,0,2026-04-27,defaulted
5747,2656,13,pay_monthly_12,12,477.09,601.08,2635,2026-05-01,active
5748,2658,51,pay_in_3,3,80.02,80.02,0,2026-02-18,paid_off
5749,2658,45,pay_monthly_12,12,361.71,479.94,3314,2026-02-18,active
5750,2658,1,pay_monthly_6,6,347.58,391.32,2552,2026-06-13,active
5751,2659,13,pay_in_4,4,1041.79,1041.79,0,2025-11-23,paid_off
5752,2659,37,pay_in_4,4,92.38,92.38,0,2025-12-13,defaulted
5753,2659,32,pay_in_4,4,514.35,514.35,0,2026-06-11,active
5754,2660,29,pay_in_4,4,1080.27,1080.27,0,2025-08-16,defaulted
5755,2660,33,pay_in_4,4,525.94,525.94,0,2025-12-15,paid_off
5756,2661,12,pay_in_3,3,430.99,430.99,0,2025-10-28,paid_off
5757,2661,12,pay_in_4,4,543.15,543.15,0,2026-05-03,active
5758,2662,11,pay_monthly_6,6,393.94,425.10,1604,2025-09-13,paid_off
5759,2662,34,pay_monthly_6,6,256.18,286.10,2368,2025-09-23,paid_off
5760,2662,31,pay_monthly_12,12,475.22,587.01,2385,2026-05-06,delinquent
5761,2662,23,pay_monthly_12,12,647.68,842.07,3043,2026-05-26,active
5762,2662,3,pay_in_4,4,261.24,261.24,0,2025-07-17,paid_off
5763,2663,4,pay_in_4,4,149.79,149.79,0,2026-04-20,paid_off
5764,2663,41,pay_monthly_6,6,205.00,228.98,2372,2026-02-03,active
5765,2664,8,pay_in_3,3,319.69,319.69,0,2025-02-18,paid_off
5766,2664,20,pay_in_3,3,1039.20,1039.20,0,2026-05-03,active
5767,2665,39,pay_in_3,3,436.87,436.87,0,2025-06-26,defaulted
5768,2665,11,pay_monthly_12,12,653.53,857.54,3165,2025-07-27,active
5769,2666,33,pay_monthly_6,6,358.89,392.80,1916,2025-08-10,paid_off
5770,2666,29,pay_in_4,4,952.11,952.11,0,2025-07-12,paid_off
5771,2666,13,pay_monthly_6,6,1074.88,1199.93,2359,2025-04-16,paid_off
5772,2666,12,pay_in_4,4,1664.76,1664.76,0,2025-07-17,paid_off
5773,2667,20,pay_monthly_12,12,804.68,1037.54,2934,2026-01-26,active
5774,2668,25,pay_in_4,4,650.00,650.00,0,2025-12-13,paid_off
5775,2668,38,pay_monthly_6,6,88.89,97.48,1959,2026-03-16,active
5776,2668,32,pay_monthly_6,6,286.54,315.48,2048,2025-12-25,active
5777,2670,21,pay_in_4,4,1449.15,1449.15,0,2025-06-27,paid_off
5778,2670,33,pay_in_4,4,343.93,343.93,0,2025-12-09,paid_off
5779,2671,10,pay_monthly_12,12,633.39,803.62,2725,2026-06-14,active
5780,2671,41,pay_in_4,4,133.28,133.28,0,2026-04-17,paid_off
5781,2674,25,pay_in_4,4,356.53,356.53,0,2025-08-12,delinquent
5782,2674,31,pay_in_4,4,514.76,514.76,0,2025-04-26,paid_off
5783,2674,28,pay_monthly_6,6,341.25,373.59,1922,2025-02-23,paid_off
5784,2674,45,pay_monthly_12,12,181.28,234.35,2968,2025-08-14,active
5785,2676,45,pay_monthly_6,6,188.19,203.53,1653,2025-08-14,paid_off
5786,2676,25,pay_in_4,4,1713.45,1713.45,0,2025-12-21,paid_off
5787,2676,39,pay_monthly_6,6,144.00,160.58,2335,2026-01-12,active
5788,2676,42,pay_in_3,3,103.20,103.20,0,2026-03-16,paid_off
5789,2677,3,pay_in_4,4,206.28,206.28,0,2026-05-10,active
5790,2677,15,pay_in_3,3,971.40,971.40,0,2026-03-27,active
5791,2677,15,pay_monthly_6,6,317.61,350.58,2105,2026-03-21,active
5792,2678,20,pay_in_3,3,1607.47,1607.47,0,2026-03-16,paid_off
5793,2678,54,pay_monthly_6,6,56.18,61.43,1895,2026-02-24,active
5794,2679,47,pay_monthly_6,6,385.84,426.52,2138,2026-03-18,active
5795,2679,34,pay_monthly_6,6,569.27,613.32,1569,2026-01-23,active
5796,2680,44,pay_in_4,4,240.37,240.37,0,2026-01-05,paid_off
5797,2680,54,pay_in_4,4,115.09,115.09,0,2025-04-19,paid_off
5798,2680,38,pay_in_4,4,329.35,329.35,0,2025-03-14,paid_off
5799,2680,46,pay_in_4,4,300.92,300.92,0,2026-06-03,active
5800,2681,17,pay_in_4,4,850.00,850.00,0,2025-01-26,defaulted
5801,2681,26,pay_monthly_12,12,789.50,1025.68,3033,2026-05-02,active
5802,2681,5,pay_in_4,4,171.72,171.72,0,2025-12-28,paid_off
5803,2681,25,pay_monthly_12,12,835.71,1078.54,2946,2025-07-21,active
5804,2681,36,pay_in_3,3,77.90,77.90,0,2025-01-23,paid_off
5805,2681,22,pay_in_4,4,850.00,850.00,0,2025-11-28,delinquent
5806,2682,6,pay_monthly_6,6,472.80,508.05,1512,2026-03-08,active
5807,2682,27,pay_in_4,4,513.09,513.09,0,2025-11-28,paid_off
5808,2682,54,pay_in_4,4,81.81,81.81,0,2026-02-12,paid_off
5809,2682,42,pay_in_4,4,85.23,85.23,0,2025-08-12,delinquent
5810,2684,53,pay_in_4,4,193.12,193.12,0,2025-11-02,paid_off
5811,2684,33,pay_in_4,4,188.26,188.26,0,2026-02-20,paid_off
5812,2684,46,pay_in_3,3,258.50,258.50,0,2025-11-14,paid_off
5813,2684,9,pay_monthly_6,6,803.01,897.58,2388,2025-05-20,paid_off
5814,2685,15,pay_in_4,4,501.73,501.73,0,2026-04-18,paid_off
5815,2685,3,pay_in_4,4,128.64,128.64,0,2026-04-18,paid_off
5816,2685,1,pay_in_4,4,247.58,247.58,0,2026-04-18,paid_off
5817,2686,19,pay_monthly_6,6,608.93,680.37,2379,2025-06-24,paid_off
5818,2686,53,pay_in_4,4,89.53,89.53,0,2025-10-19,paid_off
5819,2686,46,pay_in_4,4,255.88,255.88,0,2025-12-02,paid_off
5820,2686,52,pay_monthly_6,6,87.63,98.52,2519,2025-08-11,defaulted
5821,2689,9,pay_in_4,4,477.81,477.81,0,2026-05-13,active
5822,2690,48,pay_monthly_12,12,110.81,138.17,2503,2025-08-13,active
5823,2690,22,pay_in_4,4,775.82,775.82,0,2026-05-12,active
5824,2690,26,pay_in_4,4,540.76,540.76,0,2026-01-21,paid_off
5825,2692,18,pay_in_4,4,290.23,290.23,0,2025-08-19,paid_off
5826,2692,44,pay_in_3,3,402.98,402.98,0,2025-11-08,paid_off
5827,2695,53,pay_in_4,4,89.70,89.70,0,2026-04-19,paid_off
5828,2697,49,pay_in_4,4,253.05,253.05,0,2026-06-02,active
5829,2697,39,pay_in_4,4,254.39,254.39,0,2026-02-25,defaulted
5830,2697,36,pay_in_4,4,105.84,105.84,0,2025-07-27,paid_off
5831,2697,8,pay_in_4,4,254.72,254.72,0,2025-07-14,paid_off
5832,2697,33,pay_in_4,4,376.52,376.52,0,2025-09-04,paid_off
5833,2697,9,pay_in_4,4,342.26,342.26,0,2025-12-12,paid_off
5834,2698,37,pay_in_4,4,173.93,173.93,0,2025-12-08,paid_off
5835,2698,43,pay_in_4,4,592.84,592.84,0,2025-11-11,paid_off
5836,2698,22,pay_in_4,4,765.01,765.01,0,2026-02-20,paid_off
5837,2699,33,pay_in_4,4,661.23,661.23,0,2026-02-04,paid_off
5838,2699,31,pay_in_4,4,355.96,355.96,0,2025-04-05,paid_off
5839,2699,14,pay_in_4,4,597.85,597.85,0,2026-01-17,paid_off
5840,2700,21,pay_monthly_12,12,868.02,1104.74,2765,2025-01-27,paid_off
5841,2700,17,pay_in_4,4,1532.12,1532.12,0,2026-04-27,paid_off
5842,2700,13,pay_in_4,4,912.22,912.22,0,2025-04-24,paid_off
5843,2700,29,pay_in_4,4,549.99,549.99,0,2025-03-21,defaulted
5844,2701,16,pay_in_4,4,475.28,475.28,0,2026-02-19,defaulted
5845,2701,8,pay_in_4,4,462.22,462.22,0,2026-03-24,delinquent
5846,2703,10,pay_in_4,4,404.49,404.49,0,2025-11-05,paid_off
5847,2703,25,pay_in_3,3,988.48,988.48,0,2025-06-22,paid_off
5848,2703,3,pay_in_4,4,163.62,163.62,0,2026-04-06,defaulted
5849,2705,29,pay_in_4,4,515.66,515.66,0,2026-02-02,paid_off
5850,2707,10,pay_in_4,4,613.69,613.69,0,2026-03-28,paid_off
5851,2707,21,pay_in_4,4,1924.26,1924.26,0,2026-04-14,paid_off
5852,2709,16,pay_in_4,4,1153.00,1153.00,0,2025-09-25,paid_off
5853,2709,37,pay_in_4,4,125.05,125.05,0,2025-08-22,paid_off
5854,2710,6,pay_in_4,4,167.64,167.64,0,2025-11-10,paid_off
5855,2710,27,pay_monthly_6,6,688.11,755.50,1986,2025-06-18,paid_off
5856,2711,43,pay_in_3,3,583.70,583.70,0,2025-05-13,paid_off
5857,2711,17,pay_in_4,4,451.44,451.44,0,2025-02-23,paid_off
5858,2711,15,pay_in_3,3,1213.34,1213.34,0,2025-06-05,paid_off
5859,2712,6,pay_in_4,4,164.45,164.45,0,2026-03-23,paid_off
5860,2714,51,pay_in_4,4,61.05,61.05,0,2026-04-16,paid_off
5861,2714,17,pay_monthly_12,12,1963.50,2382.77,2165,2025-09-02,active
5862,2715,6,pay_in_4,4,183.51,183.51,0,2026-04-22,paid_off
5863,2715,20,pay_in_4,4,729.86,729.86,0,2026-02-07,paid_off
5864,2717,46,pay_in_3,3,506.80,506.80,0,2026-03-20,paid_off
5865,2717,41,pay_in_4,4,150.05,150.05,0,2026-03-25,paid_off
5866,2717,21,pay_monthly_12,12,487.70,625.22,2859,2026-06-14,active
5867,2718,47,pay_in_4,4,182.19,182.19,0,2026-04-03,delinquent
5868,2719,5,pay_in_4,4,271.74,271.74,0,2026-02-16,paid_off
5869,2720,9,pay_in_4,4,1860.25,1860.25,0,2025-12-18,paid_off
5870,2721,38,pay_in_3,3,200.62,200.62,0,2025-12-03,paid_off
5871,2722,10,pay_in_4,4,527.96,527.96,0,2026-04-12,paid_off
5872,2725,26,pay_monthly_6,6,480.42,533.44,2238,2026-01-10,active
5873,2725,31,pay_monthly_6,6,898.17,1011.78,2565,2026-04-16,active
5874,2725,36,pay_monthly_12,12,60.65,80.51,3320,2025-11-10,active
5875,2725,32,pay_monthly_6,6,733.55,817.91,2332,2026-05-02,active
5876,2725,46,pay_monthly_6,6,168.00,187.25,2324,2026-06-05,active
5877,2726,11,pay_monthly_12,12,361.92,481.32,3345,2025-08-19,active
5878,2726,6,pay_in_4,4,233.71,233.71,0,2025-08-19,paid_off
5879,2727,26,pay_monthly_12,12,309.79,404.60,3103,2025-04-20,paid_off
5880,2727,38,pay_in_4,4,59.09,59.09,0,2026-02-27,paid_off
5881,2727,28,pay_monthly_6,6,705.10,777.18,2073,2026-04-04,active
5882,2727,49,pay_in_4,4,587.86,587.86,0,2026-03-28,paid_off
5883,2727,9,pay_in_4,4,510.75,510.75,0,2025-09-19,paid_off
5884,2727,37,pay_in_4,4,281.98,281.98,0,2026-04-26,paid_off
5885,2728,9,pay_monthly_12,12,304.13,384.10,2666,2026-04-28,active
5886,2729,31,pay_in_3,3,446.90,446.90,0,2026-05-20,defaulted
5887,2730,28,pay_monthly_12,12,232.02,290.37,2550,2026-01-02,active
5888,2730,55,pay_monthly_6,6,36.89,41.29,2418,2026-03-25,active
5889,2730,51,pay_in_4,4,113.18,113.18,0,2026-05-08,defaulted
5890,2732,41,pay_in_4,4,36.07,36.07,0,2025-05-15,delinquent
5891,2732,31,pay_monthly_6,6,287.27,318.34,2193,2025-12-02,paid_off
5892,2732,5,pay_monthly_6,6,366.89,398.88,1768,2025-09-14,paid_off
5893,2732,15,pay_in_3,3,828.48,828.48,0,2025-11-07,paid_off
5894,2732,6,pay_in_3,3,362.05,362.05,0,2025-02-22,paid_off
5895,2733,10,pay_in_4,4,834.13,834.13,0,2026-02-07,paid_off
5896,2734,12,pay_in_4,4,641.14,641.14,0,2026-04-17,paid_off
5897,2734,1,pay_in_3,3,520.16,520.16,0,2025-08-05,paid_off
5898,2734,50,pay_in_3,3,137.84,137.84,0,2026-06-14,active
5899,2735,45,pay_monthly_6,6,98.45,110.10,2400,2026-03-10,active
5900,2735,7,pay_in_4,4,152.95,152.95,0,2026-03-10,paid_off
5901,2736,41,pay_in_4,4,88.05,88.05,0,2025-11-01,paid_off
5902,2737,6,pay_in_4,4,225.26,225.26,0,2026-04-21,paid_off
5903,2740,15,pay_in_3,3,963.53,963.53,0,2025-10-08,paid_off
5904,2743,16,pay_in_4,4,500.00,500.00,0,2026-04-07,paid_off
5905,2744,53,pay_in_4,4,229.07,229.07,0,2026-04-18,paid_off
5906,2744,13,pay_monthly_12,12,377.18,465.50,2374,2025-11-22,delinquent
5907,2744,3,pay_in_4,4,281.50,281.50,0,2026-04-17,paid_off
5908,2744,11,pay_in_4,4,650.00,650.00,0,2026-05-13,active
5909,2744,39,pay_monthly_6,6,109.62,120.20,1957,2025-07-01,delinquent
5910,2745,11,pay_in_4,4,572.86,572.86,0,2025-06-08,defaulted
5911,2745,31,pay_monthly_6,6,546.90,616.54,2582,2025-11-16,paid_off
5912,2745,19,pay_in_3,3,378.74,378.74,0,2025-08-12,defaulted
5913,2745,9,pay_in_4,4,789.27,789.27,0,2025-09-21,defaulted
5914,2745,15,pay_in_4,4,714.37,714.37,0,2025-09-20,delinquent
5915,2748,7,pay_monthly_6,6,435.83,484.96,2286,2026-06-14,active
5916,2749,45,pay_monthly_6,6,557.41,616.02,2132,2025-04-28,paid_off
5917,2749,36,pay_in_4,4,232.43,232.43,0,2026-02-20,paid_off
5918,2749,30,pay_monthly_6,6,405.41,439.96,1728,2025-12-25,active
5919,2750,52,pay_monthly_6,6,72.15,79.49,2063,2025-12-11,delinquent
5920,2750,13,pay_monthly_6,6,511.74,558.96,1871,2026-02-21,active
5921,2750,22,pay_in_4,4,1147.75,1147.75,0,2026-04-18,paid_off
5922,2750,14,pay_monthly_6,6,697.23,778.86,2374,2026-03-12,active
5923,2751,43,pay_monthly_12,12,276.14,330.94,2012,2026-05-21,active
5924,2751,22,pay_in_4,4,695.25,695.25,0,2025-09-11,paid_off
5925,2751,51,pay_in_4,4,45.51,45.51,0,2025-11-05,paid_off
5926,2751,26,pay_monthly_12,12,467.10,579.88,2448,2026-02-05,active
5927,2751,4,pay_in_3,3,219.14,219.14,0,2026-01-05,paid_off
5928,2753,39,pay_in_3,3,278.19,278.19,0,2025-04-15,paid_off
5929,2753,34,pay_in_4,4,286.82,286.82,0,2026-02-26,paid_off
5930,2753,13,pay_in_3,3,464.35,464.35,0,2026-04-06,defaulted
5931,2753,37,pay_in_3,3,132.55,132.55,0,2026-01-26,paid_off
5932,2753,14,pay_in_4,4,347.50,347.50,0,2025-09-21,paid_off
5933,2753,13,pay_in_4,4,984.34,984.34,0,2025-08-17,paid_off
5934,2754,55,pay_in_4,4,39.21,39.21,0,2026-06-13,active
5935,2755,8,pay_in_3,3,451.51,451.51,0,2026-02-17,paid_off
5936,2755,54,pay_monthly_6,6,158.49,172.07,1737,2025-04-11,paid_off
5937,2755,11,pay_in_4,4,900.00,900.00,0,2025-02-28,paid_off
5938,2757,18,pay_in_4,4,1942.43,1942.43,0,2026-03-19,paid_off
5939,2757,37,pay_in_4,4,168.26,168.26,0,2025-12-01,paid_off
5940,2757,26,pay_in_4,4,535.99,535.99,0,2025-12-11,paid_off
5941,2758,28,pay_in_4,4,508.94,508.94,0,2026-05-08,active
5942,2758,3,pay_in_4,4,255.06,255.06,0,2026-06-03,defaulted
5943,2758,52,pay_in_4,4,86.57,86.57,0,2026-06-14,active
5944,2758,30,pay_in_4,4,1079.51,1079.51,0,2026-04-27,paid_off
5945,2759,3,pay_in_3,3,237.33,237.33,0,2026-03-22,paid_off
5946,2759,41,pay_in_3,3,308.35,308.35,0,2025-10-25,paid_off
5947,2759,10,pay_monthly_6,6,1058.73,1179.81,2319,2025-11-09,paid_off
5948,2759,9,pay_in_4,4,416.09,416.09,0,2025-11-28,paid_off
5949,2760,7,pay_monthly_6,6,344.23,387.23,2533,2026-05-19,active
5950,2760,40,pay_in_4,4,284.43,284.43,0,2025-09-23,paid_off
5951,2760,47,pay_monthly_12,12,554.69,735.56,3306,2026-03-03,active
5952,2760,30,pay_monthly_12,12,325.15,397.08,2243,2026-04-10,active
5953,2761,2,pay_in_4,4,667.09,667.09,0,2025-07-08,paid_off
5954,2761,14,pay_in_4,4,596.67,596.67,0,2025-12-03,paid_off
5955,2761,22,pay_monthly_12,12,710.17,892.28,2600,2026-03-07,active
5956,2762,53,pay_in_4,4,107.08,107.08,0,2025-09-25,delinquent
5957,2763,36,pay_monthly_12,12,53.94,70.53,3119,2026-04-19,active
5958,2763,20,pay_in_4,4,756.17,756.17,0,2026-02-10,paid_off
5959,2763,26,pay_monthly_12,12,537.86,684.38,2762,2026-02-21,active
5960,2763,23,pay_in_4,4,923.30,923.30,0,2026-02-28,paid_off
5961,2764,9,pay_monthly_12,12,581.37,755.00,3028,2026-05-28,defaulted
5962,2764,26,pay_in_4,4,620.79,620.79,0,2025-11-04,delinquent
5963,2765,50,pay_in_4,4,45.61,45.61,0,2026-04-09,defaulted
5964,2765,51,pay_in_4,4,103.02,103.02,0,2026-02-06,paid_off
5965,2765,3,pay_in_4,4,232.01,232.01,0,2026-01-28,paid_off
5966,2766,48,pay_monthly_6,6,108.20,119.60,2137,2025-09-23,paid_off
5967,2766,30,pay_in_4,4,404.48,404.48,0,2025-07-31,delinquent
5968,2766,26,pay_in_3,3,650.00,650.00,0,2025-07-31,paid_off
5969,2766,7,pay_in_4,4,167.84,167.84,0,2025-12-26,delinquent
5970,2767,4,pay_monthly_12,12,270.26,347.27,2889,2026-04-21,active
5971,2767,46,pay_in_3,3,352.03,352.03,0,2026-05-07,defaulted
5972,2767,11,pay_monthly_6,6,978.71,1077.75,2052,2025-10-11,paid_off
5973,2767,39,pay_in_4,4,60.70,60.70,0,2026-05-09,delinquent
5974,2767,33,pay_monthly_12,12,865.76,1063.69,2318,2025-08-03,delinquent
5975,2767,5,pay_in_3,3,96.58,96.58,0,2025-04-15,paid_off
5976,2769,31,pay_in_3,3,359.81,359.81,0,2025-10-19,paid_off
5977,2770,56,pay_monthly_12,12,94.55,120.61,2795,2026-04-01,defaulted
5978,2770,37,pay_in_4,4,103.41,103.41,0,2026-03-03,paid_off
5979,2771,51,pay_in_4,4,147.15,147.15,0,2025-12-23,paid_off
5980,2771,20,pay_monthly_6,6,741.68,823.21,2229,2026-06-04,active
5981,2771,49,pay_monthly_6,6,223.51,245.78,2020,2026-05-14,active
5982,2772,37,pay_monthly_6,6,190.79,214.76,2548,2026-01-13,delinquent
5983,2772,47,pay_monthly_6,6,471.74,530.16,2511,2026-05-17,active
5984,2773,6,pay_in_4,4,258.98,258.98,0,2026-06-05,active
5985,2773,41,pay_monthly_6,6,113.08,121.94,1588,2025-09-11,paid_off
5986,2773,15,pay_in_4,4,1590.96,1590.96,0,2026-04-05,paid_off
5987,2773,20,pay_in_4,4,1617.70,1617.70,0,2025-05-06,paid_off
5988,2773,12,pay_in_3,3,581.80,581.80,0,2026-03-04,paid_off
5989,2774,55,pay_monthly_6,6,136.69,150.72,2082,2025-08-17,paid_off
5990,2774,45,pay_in_4,4,181.62,181.62,0,2026-01-23,paid_off
5991,2774,45,pay_in_3,3,250.13,250.13,0,2025-12-23,paid_off
5992,2774,15,pay_in_4,4,855.00,855.00,0,2026-05-18,defaulted
5993,2775,9,pay_monthly_12,12,765.29,975.13,2780,2026-05-15,active
5994,2775,43,pay_monthly_12,12,169.90,212.06,2516,2025-10-26,defaulted
5995,2776,17,pay_in_4,4,1138.19,1138.19,0,2026-03-17,paid_off
5996,2776,20,pay_monthly_6,6,526.28,579.64,2056,2026-05-16,active
5997,2777,47,pay_in_4,4,161.02,161.02,0,2026-02-12,paid_off
5998,2777,37,pay_monthly_6,6,84.68,90.94,1500,2026-05-08,active
5999,2777,50,pay_monthly_6,6,185.63,207.76,2417,2025-04-01,paid_off
6000,2777,16,pay_in_3,3,798.95,798.95,0,2025-06-09,paid_off
6001,2778,49,pay_monthly_12,12,275.00,343.24,2516,2025-10-25,active
6002,2778,7,pay_in_4,4,799.02,799.02,0,2026-02-08,paid_off
6003,2779,54,pay_in_4,4,88.02,88.02,0,2026-05-10,active
6004,2781,23,pay_in_3,3,525.48,525.48,0,2025-05-22,paid_off
6005,2781,31,pay_in_4,4,353.11,353.11,0,2025-01-17,paid_off
6006,2781,3,pay_monthly_6,6,116.45,130.28,2409,2026-04-21,active
6007,2782,51,pay_in_3,3,137.07,137.07,0,2026-02-27,paid_off
6008,2782,3,pay_in_4,4,1194.17,1194.17,0,2026-04-13,paid_off
6009,2782,56,pay_monthly_12,12,141.48,176.38,2501,2026-03-26,active
6010,2783,49,pay_monthly_6,6,305.27,343.91,2567,2026-02-04,active
6011,2783,28,pay_in_3,3,967.23,967.23,0,2025-12-09,paid_off
6012,2786,27,pay_in_4,4,260.89,260.89,0,2026-04-22,paid_off
6013,2786,56,pay_monthly_6,6,40.71,44.64,1959,2026-05-19,active
6014,2786,53,pay_in_4,4,50.23,50.23,0,2026-04-19,paid_off
6015,2787,42,pay_in_4,4,119.22,119.22,0,2026-05-27,active
6016,2787,54,pay_in_4,4,196.77,196.77,0,2026-04-27,paid_off
6017,2787,56,pay_monthly_6,6,77.18,85.30,2133,2026-04-09,active
6018,2787,2,pay_in_4,4,199.05,199.05,0,2026-02-16,paid_off
6019,2787,10,pay_in_4,4,925.10,925.10,0,2025-12-09,paid_off
6020,2794,30,pay_in_4,4,210.52,210.52,0,2025-10-02,paid_off
6021,2794,35,pay_monthly_6,6,104.74,112.49,1500,2026-06-13,defaulted
6022,2795,12,pay_in_4,4,1000.03,1000.03,0,2026-05-03,active
6023,2796,37,pay_in_4,4,189.49,189.49,0,2025-10-18,paid_off
6024,2796,1,pay_in_4,4,344.32,344.32,0,2025-08-05,paid_off
6025,2796,17,pay_in_4,4,638.84,638.84,0,2025-12-24,paid_off
6026,2797,28,pay_in_4,4,491.01,491.01,0,2025-05-15,paid_off
6027,2797,51,pay_in_4,4,52.06,52.06,0,2025-09-10,paid_off
6028,2797,9,pay_monthly_6,6,931.62,1017.17,1862,2025-02-19,paid_off
6029,2798,55,pay_monthly_6,6,41.65,45.35,1803,2026-04-02,active
6030,2798,48,pay_monthly_12,12,353.85,454.92,2896,2025-12-24,active
6031,2799,28,pay_in_3,3,192.57,192.57,0,2025-09-06,paid_off
6032,2799,50,pay_monthly_6,6,75.68,85.19,2548,2026-01-23,active
6033,2799,52,pay_monthly_6,6,100.38,111.35,2217,2026-02-07,delinquent
6034,2799,26,pay_in_4,4,381.88,381.88,0,2025-02-12,delinquent
6035,2800,53,pay_in_4,4,223.09,223.09,0,2025-12-05,paid_off
6036,2804,46,pay_monthly_12,12,386.74,495.87,2861,2026-05-22,active
6037,2804,5,pay_in_4,4,413.00,413.00,0,2026-04-18,delinquent
6038,2804,33,pay_monthly_6,6,409.14,445.98,1826,2025-10-11,paid_off
6039,2807,41,pay_in_4,4,117.45,117.45,0,2026-04-28,active
6040,2808,19,pay_in_4,4,1063.57,1063.57,0,2026-06-01,active
6041,2808,32,pay_in_3,3,563.56,563.56,0,2026-04-19,active
6042,2810,32,pay_in_3,3,391.12,391.12,0,2026-06-15,active
6043,2811,23,pay_monthly_6,6,1773.08,1962.47,2166,2025-12-17,paid_off
6044,2813,23,pay_in_4,4,523.40,523.40,0,2025-11-28,paid_off
6045,2813,21,pay_monthly_12,12,803.71,988.01,2325,2026-05-01,active
6046,2813,18,pay_in_4,4,1107.59,1107.59,0,2025-09-19,paid_off
6047,2813,44,pay_in_4,4,465.63,465.63,0,2026-01-24,defaulted
6048,2814,50,pay_in_4,4,55.08,55.08,0,2025-11-27,paid_off
6049,2814,28,pay_in_3,3,591.61,591.61,0,2026-03-02,paid_off
6050,2815,32,pay_in_4,4,173.86,173.86,0,2026-02-18,paid_off
6051,2815,52,pay_monthly_6,6,88.93,95.83,1574,2025-12-14,paid_off
6052,2815,40,pay_in_4,4,109.49,109.49,0,2025-06-01,paid_off
6053,2815,46,pay_in_4,4,137.60,137.60,0,2025-12-10,paid_off
6054,2815,13,pay_monthly_12,12,1022.44,1310.95,2861,2025-03-17,delinquent
6055,2816,18,pay_in_4,4,1018.95,1018.95,0,2025-07-24,paid_off
6056,2816,56,pay_in_3,3,61.03,61.03,0,2025-02-05,paid_off
6057,2816,41,pay_in_4,4,60.67,60.67,0,2025-11-20,paid_off
6058,2817,1,pay_monthly_12,12,286.13,376.07,3187,2026-05-24,active
6059,2817,40,pay_in_4,4,94.73,94.73,0,2026-02-11,paid_off
6060,2817,51,pay_in_4,4,36.49,36.49,0,2026-03-08,paid_off
6061,2818,38,pay_in_4,4,152.06,152.06,0,2025-12-11,paid_off
6062,2818,32,pay_monthly_6,6,396.48,439.10,2180,2025-06-05,paid_off
6063,2818,22,pay_in_4,4,1174.54,1174.54,0,2026-05-15,active
6064,2820,47,pay_in_4,4,356.16,356.16,0,2026-06-06,active
6065,2821,9,pay_in_4,4,740.45,740.45,0,2025-10-07,paid_off
6066,2821,44,pay_monthly_6,6,322.61,349.15,1668,2025-12-18,paid_off
6067,2822,25,pay_in_3,3,1300.60,1300.60,0,2026-03-19,paid_off
6068,2822,25,pay_monthly_6,6,1374.78,1532.61,2328,2026-02-24,active
6069,2823,49,pay_monthly_6,6,489.01,529.55,1681,2026-03-22,active
6070,2823,17,pay_in_4,4,976.20,976.20,0,2026-06-02,active
6071,2824,34,pay_in_3,3,750.85,750.85,0,2026-04-16,active
6072,2825,4,pay_in_4,4,132.52,132.52,0,2026-01-20,paid_off
6073,2825,36,pay_in_3,3,171.27,171.27,0,2026-02-06,paid_off
6074,2826,31,pay_monthly_6,6,522.08,581.43,2305,2026-03-01,delinquent
6075,2826,25,pay_monthly_12,12,625.97,781.49,2519,2026-01-02,active
6076,2828,54,pay_in_4,4,97.37,97.37,0,2025-09-18,defaulted
6077,2830,27,pay_in_4,4,349.75,349.75,0,2026-06-02,active
6078,2830,25,pay_monthly_6,6,1258.13,1377.44,1923,2026-03-26,active
6079,2830,53,pay_monthly_12,12,135.35,167.02,2372,2025-11-07,active
6080,2831,23,pay_monthly_6,6,1861.39,2064.16,2209,2026-04-27,active
6081,2832,18,pay_monthly_6,6,603.25,652.75,1664,2025-04-24,paid_off
6082,2832,55,pay_in_4,4,126.45,126.45,0,2026-04-06,paid_off
6083,2832,21,pay_in_4,4,750.13,750.13,0,2025-02-28,defaulted
6084,2832,42,pay_monthly_6,6,172.36,186.69,1686,2026-03-15,active
6085,2833,29,pay_monthly_12,12,492.72,654.31,3325,2026-02-04,active
6086,2833,32,pay_in_4,4,224.20,224.20,0,2026-02-14,delinquent
6087,2835,20,pay_in_3,3,1013.31,1013.31,0,2025-12-14,paid_off
6088,2835,15,pay_in_3,3,1049.70,1049.70,0,2025-08-21,paid_off
6089,2835,50,pay_in_3,3,110.55,110.55,0,2026-04-14,active
6090,2835,36,pay_in_3,3,99.04,99.04,0,2025-08-20,paid_off
6091,2836,43,pay_in_4,4,233.61,233.61,0,2025-08-13,paid_off
6092,2836,7,pay_monthly_12,12,492.23,614.96,2528,2026-03-21,active
6093,2837,29,pay_in_4,4,557.48,557.48,0,2025-11-14,paid_off
6094,2837,41,pay_monthly_6,6,90.99,99.31,1855,2026-02-19,active
6095,2838,22,pay_in_4,4,591.59,591.59,0,2026-01-14,paid_off
6096,2840,17,pay_in_3,3,2500.00,2500.00,0,2025-11-24,paid_off
6097,2840,32,pay_in_3,3,535.40,535.40,0,2025-04-06,paid_off
6098,2840,25,pay_in_4,4,261.54,261.54,0,2025-10-27,paid_off
6099,2841,51,pay_monthly_12,12,78.87,98.38,2508,2026-05-26,defaulted
6100,2841,56,pay_in_3,3,113.40,113.40,0,2025-10-23,defaulted
6101,2841,51,pay_in_4,4,34.90,34.90,0,2025-08-15,paid_off
6102,2841,46,pay_in_3,3,142.80,142.80,0,2025-10-22,paid_off
6103,2841,55,pay_in_4,4,102.52,102.52,0,2026-02-05,defaulted
6104,2842,37,pay_monthly_6,6,175.14,190.42,1769,2026-05-07,active
6105,2842,28,pay_in_3,3,545.86,545.86,0,2025-11-09,defaulted
6106,2842,40,pay_in_4,4,58.77,58.77,0,2026-05-14,active
6107,2842,33,pay_in_4,4,372.13,372.13,0,2026-01-27,defaulted
6108,2844,11,pay_in_4,4,617.02,617.02,0,2025-12-18,paid_off
6109,2844,8,pay_in_4,4,572.61,572.61,0,2025-04-11,paid_off
6110,2844,37,pay_in_3,3,119.64,119.64,0,2026-01-21,paid_off
6111,2845,15,pay_in_4,4,524.98,524.98,0,2026-06-13,active
6112,2845,42,pay_in_4,4,167.39,167.39,0,2026-02-17,paid_off
6113,2847,35,pay_monthly_12,12,109.30,142.44,3074,2025-05-24,paid_off
6114,2847,54,pay_in_4,4,44.50,44.50,0,2026-06-06,active
6115,2847,4,pay_monthly_6,6,159.34,177.62,2326,2025-09-15,defaulted
6116,2847,40,pay_in_4,4,68.35,68.35,0,2026-05-28,defaulted
6117,2847,27,pay_in_3,3,394.74,394.74,0,2026-04-12,active
6118,2848,7,pay_monthly_6,6,423.86,464.91,1964,2026-06-14,active
6119,2848,53,pay_in_4,4,127.83,127.83,0,2026-02-15,paid_off
6120,2848,15,pay_in_3,3,368.18,368.18,0,2025-09-08,paid_off
6121,2850,52,pay_in_3,3,172.84,172.84,0,2026-05-27,active
6122,2852,32,pay_in_4,4,996.89,996.89,0,2026-06-02,active
6123,2853,1,pay_in_4,4,213.39,213.39,0,2025-05-14,paid_off
6124,2853,19,pay_monthly_6,6,470.03,516.99,2026,2025-12-06,defaulted
6125,2853,45,pay_in_4,4,416.07,416.07,0,2025-06-01,defaulted
6126,2855,52,pay_in_4,4,113.27,113.27,0,2026-04-23,paid_off
6127,2855,37,pay_monthly_6,6,321.60,357.68,2275,2026-04-11,active
6128,2855,55,pay_in_4,4,70.06,70.06,0,2025-12-20,paid_off
6129,2855,34,pay_monthly_12,12,390.25,504.76,2975,2026-01-08,active
6130,2856,42,pay_monthly_12,12,117.39,149.22,2749,2026-05-10,defaulted
6131,2856,37,pay_in_4,4,269.24,269.24,0,2026-03-26,paid_off
6132,2856,45,pay_monthly_6,6,571.47,633.08,2186,2025-09-07,paid_off
6133,2856,12,pay_in_3,3,1159.73,1159.73,0,2025-10-09,paid_off
6134,2856,43,pay_in_4,4,113.25,113.25,0,2026-04-03,paid_off
6135,2858,54,pay_monthly_12,12,55.89,71.74,2876,2026-01-27,active
6136,2859,45,pay_in_4,4,269.13,269.13,0,2026-05-13,active
6137,2860,8,pay_in_3,3,373.66,373.66,0,2026-04-21,active
6138,2860,44,pay_in_4,4,470.13,470.13,0,2025-12-23,paid_off
6139,2861,26,pay_in_4,4,1488.10,1488.10,0,2026-04-16,paid_off
6140,2862,38,pay_in_4,4,110.93,110.93,0,2026-04-23,paid_off
6141,2863,23,pay_monthly_6,6,800.00,872.51,1838,2026-05-13,delinquent
6142,2863,28,pay_in_4,4,800.00,800.00,0,2025-12-05,paid_off
6143,2863,9,pay_in_3,3,498.63,498.63,0,2025-12-15,paid_off
6144,2863,46,pay_in_4,4,625.50,625.50,0,2026-02-11,paid_off
6145,2864,22,pay_monthly_12,12,1588.85,2025.13,2784,2026-01-25,active
6146,2864,13,pay_monthly_12,12,1291.21,1703.58,3238,2026-05-21,active
6147,2864,54,pay_in_4,4,124.32,124.32,0,2026-05-10,active
6148,2864,31,pay_in_4,4,402.71,402.71,0,2026-02-12,paid_off
6149,2867,41,pay_in_3,3,182.08,182.08,0,2026-02-06,defaulted
6150,2867,41,pay_in_3,3,121.61,121.61,0,2026-03-11,delinquent
6151,2867,18,pay_in_4,4,743.23,743.23,0,2026-02-01,paid_off
6152,2867,27,pay_in_4,4,788.01,788.01,0,2025-10-15,delinquent
6153,2867,44,pay_monthly_6,6,351.19,382.52,1809,2026-03-24,active
6154,2868,12,pay_monthly_6,6,600.00,667.97,2297,2025-10-03,defaulted
6155,2868,31,pay_monthly_6,6,600.00,649.92,1687,2025-06-22,paid_off
6156,2868,11,pay_in_4,4,600.00,600.00,0,2026-04-20,paid_off
6157,2868,15,pay_in_4,4,410.13,410.13,0,2025-07-13,paid_off
6158,2868,24,pay_in_4,4,593.79,593.79,0,2025-07-11,paid_off
6159,2869,19,pay_monthly_6,6,493.77,557.08,2600,2025-11-01,paid_off
6160,2871,40,pay_in_4,4,152.36,152.36,0,2026-01-02,paid_off
6161,2871,2,pay_monthly_12,12,365.95,462.07,2663,2025-11-05,active
6162,2872,2,pay_in_3,3,243.31,243.31,0,2026-05-02,active
6163,2872,56,pay_in_4,4,77.89,77.89,0,2026-04-04,paid_off
6164,2872,25,pay_in_4,4,379.70,379.70,0,2026-05-20,active
6165,2873,52,pay_in_4,4,71.09,71.09,0,2025-09-27,paid_off
6166,2873,30,pay_in_4,4,478.10,478.10,0,2025-06-11,paid_off
6167,2873,32,pay_in_3,3,277.61,277.61,0,2026-03-08,paid_off
6168,2875,23,pay_in_3,3,989.26,989.26,0,2026-04-23,active
6169,2875,51,pay_in_4,4,41.61,41.61,0,2026-04-14,paid_off
6170,2876,38,pay_in_4,4,336.93,336.93,0,2026-01-06,paid_off
6171,2877,50,pay_in_4,4,73.37,73.37,0,2026-06-13,active
6172,2877,25,pay_in_3,3,1122.61,1122.61,0,2025-10-28,paid_off
6173,2877,36,pay_in_4,4,77.60,77.60,0,2025-11-01,paid_off
6174,2877,41,pay_in_4,4,228.59,228.59,0,2026-05-09,active
6175,2877,24,pay_monthly_12,12,929.24,1180.09,2737,2026-03-08,active
6176,2878,14,pay_in_4,4,282.84,282.84,0,2026-05-26,active
6177,2879,55,pay_in_4,4,47.96,47.96,0,2026-03-18,paid_off
6178,2879,50,pay_in_4,4,58.71,58.71,0,2026-05-12,active
6179,2880,40,pay_in_4,4,93.09,93.09,0,2025-12-14,paid_off
6180,2880,44,pay_in_4,4,344.62,344.62,0,2025-10-01,paid_off
6181,2880,40,pay_monthly_6,6,235.76,255.59,1706,2025-01-12,paid_off
6182,2880,24,pay_in_3,3,1211.06,1211.06,0,2025-02-16,paid_off
6183,2881,39,pay_in_3,3,192.57,192.57,0,2026-03-25,active
6184,2881,49,pay_monthly_6,6,877.23,985.51,2503,2026-02-05,active
6185,2882,47,pay_in_4,4,216.31,216.31,0,2026-04-07,defaulted
6186,2883,9,pay_in_4,4,552.72,552.72,0,2026-03-13,defaulted
6187,2883,40,pay_in_4,4,204.06,204.06,0,2026-03-20,delinquent
6188,2883,5,pay_monthly_12,12,350.74,450.16,2874,2025-07-04,active
6189,2883,42,pay_in_4,4,72.24,72.24,0,2026-02-25,delinquent
6190,2883,44,pay_in_4,4,342.68,342.68,0,2026-04-22,delinquent
6191,2884,11,pay_in_4,4,1021.34,1021.34,0,2026-02-14,paid_off
6192,2884,47,pay_in_4,4,391.40,391.40,0,2025-07-17,paid_off
6193,2884,29,pay_in_3,3,743.45,743.45,0,2025-12-15,paid_off
6194,2884,54,pay_monthly_6,6,109.52,121.06,2137,2026-01-04,active
6195,2884,45,pay_in_3,3,306.03,306.03,0,2026-02-11,paid_off
6196,2885,15,pay_monthly_6,6,603.22,673.81,2373,2025-09-28,paid_off
6197,2885,56,pay_in_4,4,195.20,195.20,0,2025-11-25,paid_off
6198,2885,8,pay_monthly_6,6,137.08,150.74,2021,2026-05-13,active
6199,2885,41,pay_monthly_6,6,60.97,66.26,1760,2026-02-19,active
6200,2886,18,pay_in_4,4,1097.75,1097.75,0,2026-04-22,paid_off
6201,2886,56,pay_in_4,4,80.72,80.72,0,2026-02-07,paid_off
6202,2886,14,pay_in_4,4,610.15,610.15,0,2026-03-14,paid_off
6203,2886,19,pay_in_4,4,883.27,883.27,0,2025-12-18,paid_off
6204,2886,42,pay_in_4,4,266.32,266.32,0,2026-03-11,paid_off
6205,2887,48,pay_in_3,3,182.52,182.52,0,2025-05-19,paid_off
6206,2887,20,pay_in_4,4,574.29,574.29,0,2026-04-28,active
6207,2887,55,pay_monthly_6,6,33.67,36.71,1828,2025-09-25,paid_off
6208,2888,52,pay_in_4,4,142.28,142.28,0,2026-06-10,active
6209,2888,5,pay_in_3,3,365.13,365.13,0,2025-12-13,paid_off
6210,2888,49,pay_monthly_6,6,188.61,211.04,2412,2025-10-26,paid_off
6211,2888,21,pay_monthly_12,12,963.60,1247.48,2987,2025-12-06,active
6212,2888,29,pay_monthly_6,6,285.08,317.13,2280,2025-04-08,paid_off
6213,2889,5,pay_in_4,4,362.65,362.65,0,2025-09-26,paid_off
6214,2889,13,pay_monthly_6,6,339.07,365.17,1561,2025-08-03,paid_off
6215,2889,3,pay_in_4,4,183.18,183.18,0,2025-07-10,paid_off
6216,2890,2,pay_in_4,4,439.39,439.39,0,2025-11-21,paid_off
6217,2890,54,pay_in_3,3,130.32,130.32,0,2025-07-15,delinquent
6218,2890,9,pay_in_4,4,422.14,422.14,0,2025-10-02,delinquent
6219,2891,42,pay_in_3,3,206.17,206.17,0,2026-04-21,defaulted
6220,2891,23,pay_in_3,3,779.60,779.60,0,2026-06-11,active
6221,2891,42,pay_in_4,4,159.01,159.01,0,2025-08-02,paid_off
6222,2891,13,pay_in_4,4,532.29,532.29,0,2026-06-05,active
6223,2891,15,pay_monthly_6,6,915.00,1027.22,2487,2025-02-08,paid_off
6224,2891,26,pay_in_3,3,773.10,773.10,0,2025-06-25,delinquent
6225,2891,4,pay_in_3,3,202.71,202.71,0,2026-04-24,defaulted
6226,2894,21,pay_in_4,4,1160.96,1160.96,0,2025-03-20,defaulted
6227,2894,24,pay_monthly_12,12,895.35,1174.23,3158,2026-02-15,active
6228,2894,46,pay_in_4,4,224.66,224.66,0,2025-09-01,defaulted
6229,2894,15,pay_in_4,4,334.19,334.19,0,2026-05-19,active
6230,2895,28,pay_monthly_6,6,708.25,794.73,2476,2025-11-15,paid_off
6231,2895,55,pay_monthly_12,12,97.17,125.04,2908,2025-10-21,active
6232,2895,16,pay_in_3,3,794.81,794.81,0,2025-11-18,paid_off
6233,2895,38,pay_in_4,4,107.36,107.36,0,2026-01-02,paid_off
6234,2896,17,pay_in_4,4,882.29,882.29,0,2025-12-01,paid_off
6235,2897,42,pay_in_4,4,54.95,54.95,0,2025-08-27,paid_off
6236,2897,3,pay_in_4,4,129.28,129.28,0,2025-11-19,paid_off
6237,2898,42,pay_in_4,4,112.20,112.20,0,2026-06-05,active
6238,2898,44,pay_monthly_6,6,161.25,179.89,2344,2025-03-07,paid_off
6239,2898,29,pay_in_4,4,408.36,408.36,0,2026-01-04,paid_off
6240,2899,1,pay_monthly_6,6,254.19,275.25,1680,2026-04-19,active
6241,2899,5,pay_in_4,4,239.77,239.77,0,2026-03-24,paid_off
6242,2899,28,pay_in_3,3,322.48,322.48,0,2025-12-20,paid_off
6243,2901,26,pay_monthly_6,6,1115.91,1205.67,1631,2026-06-14,active
6244,2902,46,pay_in_3,3,436.23,436.23,0,2025-12-31,paid_off
6245,2902,46,pay_in_4,4,253.29,253.29,0,2026-05-26,active
6246,2903,18,pay_monthly_12,12,2341.21,2957.52,2669,2026-01-21,active
6247,2903,22,pay_in_4,4,1083.67,1083.67,0,2026-02-26,paid_off
6248,2904,25,pay_monthly_12,12,1289.42,1668.40,2980,2025-08-04,active
6249,2905,17,pay_in_3,3,968.15,968.15,0,2025-11-27,paid_off
6250,2905,14,pay_in_4,4,1281.35,1281.35,0,2026-04-08,delinquent
6251,2906,16,pay_in_4,4,503.87,503.87,0,2026-02-12,paid_off
6252,2906,41,pay_in_4,4,75.53,75.53,0,2026-05-13,active
6253,2906,55,pay_in_4,4,69.16,69.16,0,2025-11-12,paid_off
6254,2906,31,pay_in_4,4,192.13,192.13,0,2025-10-15,paid_off
6255,2907,38,pay_in_4,4,167.84,167.84,0,2025-08-01,paid_off
6256,2911,38,pay_in_4,4,125.76,125.76,0,2026-04-05,paid_off
6257,2911,50,pay_in_4,4,97.46,97.46,0,2026-05-02,active
6258,2914,27,pay_monthly_6,6,417.87,456.59,1879,2026-06-11,active
6259,2914,30,pay_monthly_6,6,228.88,254.48,2268,2025-09-05,delinquent
6260,2915,13,pay_monthly_12,12,567.14,730.53,2921,2026-03-07,active
6261,2915,27,pay_monthly_6,6,166.29,183.68,2121,2026-02-09,active
6262,2915,54,pay_in_3,3,107.53,107.53,0,2026-05-03,active
6263,2916,38,pay_monthly_12,12,104.94,130.55,2474,2026-04-02,active
6264,2917,10,pay_in_4,4,475.10,475.10,0,2026-06-15,active
6265,2917,7,pay_in_4,4,305.62,305.62,0,2026-03-20,paid_off
6266,2918,6,pay_in_4,4,500.73,500.73,0,2026-05-18,active
6267,2918,44,pay_in_4,4,128.25,128.25,0,2025-04-25,paid_off
6268,2918,17,pay_in_3,3,900.00,900.00,0,2025-11-26,paid_off
6269,2918,21,pay_in_4,4,900.00,900.00,0,2026-02-18,paid_off
6270,2918,31,pay_in_4,4,307.00,307.00,0,2025-12-20,delinquent
6271,2920,53,pay_in_4,4,181.71,181.71,0,2025-08-11,paid_off
6272,2920,28,pay_monthly_6,6,313.02,336.42,1516,2025-04-05,paid_off
6273,2920,16,pay_monthly_6,6,789.28,877.09,2256,2025-12-24,paid_off
6274,2920,34,pay_monthly_12,12,1000.00,1240.36,2437,2025-06-10,paid_off
6275,2920,47,pay_monthly_12,12,184.68,231.51,2571,2026-02-24,active
6276,2920,47,pay_monthly_12,12,209.14,264.79,2698,2025-08-10,active
6277,2921,44,pay_monthly_6,6,454.35,489.84,1584,2026-01-01,active
6278,2921,1,pay_in_3,3,436.46,436.46,0,2026-01-17,paid_off
6279,2921,33,pay_in_4,4,425.71,425.71,0,2026-04-21,paid_off
6280,2923,37,pay_in_4,4,55.34,55.34,0,2026-06-14,active
6281,2923,32,pay_in_3,3,689.60,689.60,0,2025-08-13,paid_off
6282,2923,56,pay_monthly_6,6,119.41,128.73,1582,2026-03-06,active
6283,2923,52,pay_in_4,4,116.42,116.42,0,2026-02-20,delinquent
6284,2926,36,pay_in_4,4,183.93,183.93,0,2025-11-19,paid_off
6285,2926,42,pay_monthly_6,6,105.66,117.63,2298,2026-04-20,delinquent
6286,2926,55,pay_monthly_6,6,54.71,58.92,1562,2026-01-21,active
6287,2927,29,pay_in_4,4,377.16,377.16,0,2026-01-02,paid_off
6288,2927,42,pay_in_4,4,162.26,162.26,0,2025-11-27,paid_off
6289,2927,30,pay_monthly_6,6,163.06,176.44,1664,2025-11-02,paid_off
6290,2927,50,pay_in_3,3,128.12,128.12,0,2026-02-26,defaulted
6291,2928,55,pay_in_4,4,63.23,63.23,0,2026-05-11,active
6292,2929,53,pay_in_4,4,65.44,65.44,0,2026-02-15,defaulted
6293,2930,48,pay_in_4,4,399.73,399.73,0,2025-12-14,paid_off
6294,2930,24,pay_monthly_12,12,896.95,1181.55,3217,2026-03-03,active
6295,2930,14,pay_monthly_6,6,512.33,551.11,1535,2026-06-15,delinquent
6296,2931,21,pay_monthly_6,6,731.49,819.65,2444,2026-01-15,active
6297,2931,13,pay_in_4,4,354.48,354.48,0,2026-02-06,paid_off
6298,2932,54,pay_in_3,3,103.43,103.43,0,2025-12-18,paid_off
6299,2932,8,pay_in_4,4,375.15,375.15,0,2026-04-01,paid_off
6300,2932,45,pay_in_4,4,247.36,247.36,0,2025-12-27,paid_off
6301,2934,33,pay_in_4,4,997.52,997.52,0,2026-03-26,paid_off
6302,2934,11,pay_monthly_6,6,349.07,384.14,2037,2026-03-24,defaulted
6303,2935,37,pay_in_3,3,177.38,177.38,0,2026-05-13,active
6304,2935,40,pay_monthly_6,6,222.73,243.69,1908,2025-09-07,paid_off
6305,2935,37,pay_in_4,4,120.25,120.25,0,2026-06-05,active
6306,2937,21,pay_in_4,4,748.95,748.95,0,2025-08-31,paid_off
6307,2937,7,pay_in_3,3,135.10,135.10,0,2025-08-31,paid_off
6308,2937,2,pay_monthly_6,6,283.64,306.33,1622,2026-03-25,delinquent
6309,2938,36,pay_in_4,4,263.00,263.00,0,2025-04-14,paid_off
6310,2938,13,pay_monthly_6,6,783.12,875.11,2382,2025-10-18,paid_off
6311,2938,21,pay_in_4,4,1099.12,1099.12,0,2026-03-16,paid_off
6312,2938,41,pay_monthly_6,6,131.08,145.19,2183,2026-05-10,active
6313,2938,12,pay_monthly_6,6,492.49,551.17,2416,2025-04-04,paid_off
6314,2939,41,pay_monthly_6,6,232.61,257.08,2133,2026-02-12,active
6315,2939,23,pay_in_4,4,973.17,973.17,0,2026-05-24,active
6316,2939,46,pay_monthly_6,6,140.60,158.03,2514,2025-09-12,paid_off
6317,2939,21,pay_in_3,3,406.19,406.19,0,2025-04-06,paid_off
6318,2940,13,pay_in_4,4,500.00,500.00,0,2026-01-17,defaulted
6319,2940,7,pay_in_3,3,332.35,332.35,0,2025-07-07,paid_off
6320,2940,16,pay_in_4,4,500.00,500.00,0,2025-10-23,paid_off
6321,2940,56,pay_in_3,3,177.56,177.56,0,2025-03-27,paid_off
6322,2940,6,pay_in_3,3,139.71,139.71,0,2026-02-05,delinquent
6323,2941,39,pay_in_4,4,197.67,197.67,0,2026-06-11,delinquent
6324,2941,29,pay_in_4,4,374.48,374.48,0,2025-11-10,defaulted
6325,2942,56,pay_in_3,3,99.40,99.40,0,2026-05-22,active
6326,2942,42,pay_in_3,3,207.14,207.14,0,2026-06-13,active
6327,2942,47,pay_in_3,3,199.29,199.29,0,2026-03-27,active
6328,2942,6,pay_in_4,4,1046.01,1046.01,0,2026-01-02,paid_off
6329,2943,26,pay_in_4,4,217.46,217.46,0,2026-05-16,active
6330,2945,9,pay_in_4,4,778.71,778.71,0,2025-10-17,paid_off
6331,2945,51,pay_in_4,4,50.34,50.34,0,2026-03-26,paid_off
6332,2946,16,pay_in_3,3,305.43,305.43,0,2025-10-08,paid_off
6333,2946,50,pay_monthly_12,12,43.70,57.13,3117,2025-02-26,paid_off
6334,2946,18,pay_monthly_6,6,670.29,737.59,2036,2026-06-08,active
6335,2946,46,pay_in_4,4,327.14,327.14,0,2026-01-05,paid_off
6336,2946,5,pay_in_4,4,368.06,368.06,0,2025-12-12,paid_off
6337,2947,4,pay_in_4,4,602.48,602.48,0,2026-02-03,paid_off
6338,2947,41,pay_in_4,4,410.62,410.62,0,2026-01-20,paid_off
6339,2947,44,pay_in_4,4,111.16,111.16,0,2026-03-23,paid_off
6340,2949,19,pay_monthly_6,6,839.42,921.14,1974,2025-11-06,paid_off
6341,2949,34,pay_in_4,4,362.53,362.53,0,2025-12-02,paid_off
6342,2950,45,pay_in_4,4,429.39,429.39,0,2025-10-22,paid_off
6343,2950,54,pay_in_3,3,139.42,139.42,0,2025-08-17,paid_off
6344,2950,10,pay_monthly_6,6,311.79,345.86,2216,2025-07-24,paid_off
6345,2950,12,pay_in_3,3,231.31,231.31,0,2026-01-26,paid_off
6346,2951,20,pay_in_4,4,664.70,664.70,0,2026-04-18,delinquent
6347,2951,21,pay_monthly_6,6,1544.68,1686.75,1865,2026-04-18,active
6348,2952,10,pay_in_4,4,824.80,824.80,0,2026-05-02,active
6349,2954,56,pay_monthly_6,6,109.36,118.77,1745,2025-06-27,paid_off
6350,2954,52,pay_monthly_12,12,120.34,145.68,2135,2026-05-09,active
6351,2955,39,pay_in_4,4,36.27,36.27,0,2025-12-18,paid_off
6352,2955,51,pay_in_3,3,78.00,78.00,0,2026-01-25,paid_off
6353,2955,10,pay_monthly_6,6,889.26,966.84,1769,2025-02-22,paid_off
6354,2955,56,pay_in_4,4,38.45,38.45,0,2026-05-26,active
6355,2956,44,pay_in_4,4,218.75,218.75,0,2026-02-09,paid_off
6356,2956,27,pay_in_4,4,412.37,412.37,0,2026-03-07,defaulted
6357,2956,26,pay_monthly_6,6,850.00,941.76,2189,2026-03-24,delinquent
6358,2956,30,pay_in_3,3,850.00,850.00,0,2026-03-21,defaulted
6359,2957,53,pay_monthly_6,6,30.72,33.05,1535,2026-03-09,active
6360,2957,56,pay_monthly_6,6,175.05,188.36,1542,2025-11-08,defaulted
6361,2957,21,pay_monthly_6,6,800.00,869.40,1759,2026-02-02,defaulted
6362,2957,28,pay_in_3,3,390.34,390.34,0,2026-04-05,delinquent
6363,2957,55,pay_monthly_12,12,110.96,136.35,2320,2026-03-13,active
6364,2958,6,pay_in_3,3,650.20,650.20,0,2025-06-03,paid_off
6365,2958,19,pay_monthly_6,6,1047.24,1153.52,2058,2025-08-24,paid_off
6366,2958,55,pay_monthly_6,6,84.38,93.95,2300,2025-12-09,delinquent
6367,2960,38,pay_in_3,3,241.55,241.55,0,2026-05-27,active
6368,2960,21,pay_in_3,3,870.37,870.37,0,2026-05-03,active
6369,2960,28,pay_in_3,3,260.53,260.53,0,2025-02-01,paid_off
6370,2960,22,pay_in_3,3,631.71,631.71,0,2025-11-24,paid_off
6371,2960,18,pay_monthly_6,6,1569.97,1749.75,2322,2025-11-24,delinquent
6372,2960,41,pay_in_3,3,379.85,379.85,0,2025-08-12,paid_off
6373,2961,7,pay_monthly_12,12,409.71,534.50,3088,2025-05-23,paid_off
6374,2961,3,pay_monthly_12,12,240.67,315.16,3138,2026-03-27,active
6375,2961,49,pay_in_3,3,868.18,868.18,0,2026-03-22,paid_off
6376,2961,51,pay_in_3,3,97.05,97.05,0,2025-06-03,paid_off
6377,2964,51,pay_in_3,3,87.39,87.39,0,2026-02-23,paid_off
6378,2965,47,pay_monthly_12,12,284.67,349.81,2320,2026-05-28,active
6379,2965,56,pay_in_3,3,125.31,125.31,0,2025-12-17,paid_off
6380,2965,52,pay_monthly_6,6,106.72,117.25,2000,2025-08-12,paid_off
6381,2965,29,pay_monthly_12,12,436.92,525.74,2061,2025-09-07,active
6382,2966,9,pay_monthly_6,6,673.25,735.90,1887,2025-07-22,paid_off
6383,2966,47,pay_monthly_6,6,477.64,520.44,1817,2025-12-05,defaulted
6384,2966,43,pay_in_3,3,500.52,500.52,0,2025-04-04,defaulted
6385,2966,26,pay_in_4,4,181.92,181.92,0,2025-06-01,paid_off
6386,2966,37,pay_in_4,4,156.40,156.40,0,2025-04-23,delinquent
6387,2967,3,pay_in_4,4,222.31,222.31,0,2025-05-31,paid_off
6388,2967,41,pay_in_3,3,202.88,202.88,0,2026-03-05,paid_off
6389,2967,46,pay_in_4,4,359.65,359.65,0,2025-05-31,paid_off
6390,2968,12,pay_in_4,4,489.44,489.44,0,2025-12-13,paid_off
6391,2968,11,pay_in_4,4,1124.84,1124.84,0,2025-03-30,paid_off
6392,2968,49,pay_monthly_6,6,483.42,521.37,1592,2026-05-01,delinquent
6393,2968,44,pay_in_3,3,485.12,485.12,0,2025-10-09,paid_off
6394,2968,10,pay_in_4,4,1416.18,1416.18,0,2026-06-07,defaulted
6395,2970,47,pay_monthly_6,6,530.24,578.46,1844,2026-04-16,active
6396,2971,50,pay_monthly_12,12,107.52,138.38,2910,2026-05-12,active
6397,2971,2,pay_in_4,4,401.33,401.33,0,2026-04-23,paid_off
6398,2972,52,pay_in_3,3,94.92,94.92,0,2026-06-02,active
6399,2973,22,pay_in_3,3,1183.70,1183.70,0,2025-12-02,paid_off
6400,2974,15,pay_in_4,4,818.64,818.64,0,2026-04-06,paid_off
6401,2974,14,pay_in_3,3,580.95,580.95,0,2026-05-18,delinquent
6402,2974,20,pay_in_4,4,1087.04,1087.04,0,2025-08-16,paid_off
6403,2975,1,pay_in_4,4,126.01,126.01,0,2025-10-17,paid_off
6404,2975,8,pay_in_4,4,222.73,222.73,0,2025-09-24,paid_off
6405,2975,34,pay_in_3,3,344.79,344.79,0,2026-04-16,active
6406,2976,33,pay_in_3,3,236.63,236.63,0,2026-05-21,delinquent
6407,2976,49,pay_monthly_6,6,309.56,348.64,2560,2026-04-05,active
6408,2976,7,pay_in_4,4,239.70,239.70,0,2025-11-03,delinquent
6409,2977,4,pay_in_4,4,297.28,297.28,0,2025-09-19,paid_off
6410,2977,15,pay_monthly_6,6,950.28,1021.89,1528,2026-05-16,active
6411,2977,9,pay_in_4,4,362.80,362.80,0,2025-12-07,paid_off
6412,2977,18,pay_in_4,4,597.65,597.65,0,2026-01-14,paid_off
6413,2977,50,pay_monthly_12,12,93.47,116.40,2487,2025-11-24,active
6414,2977,26,pay_in_4,4,601.43,601.43,0,2026-04-25,paid_off
6415,2978,13,pay_in_4,4,963.83,963.83,0,2025-08-12,paid_off
6416,2978,44,pay_monthly_6,6,312.45,347.98,2306,2026-02-15,active
6417,2978,37,pay_in_4,4,167.90,167.90,0,2025-10-16,delinquent
6418,2978,38,pay_in_4,4,63.35,63.35,0,2026-04-24,paid_off
6419,2979,53,pay_in_4,4,107.14,107.14,0,2025-10-26,paid_off
6420,2979,50,pay_in_3,3,38.92,38.92,0,2025-12-06,paid_off
6421,2979,53,pay_in_3,3,63.07,63.07,0,2026-04-23,active
6422,2979,56,pay_in_4,4,97.48,97.48,0,2026-04-01,defaulted
6423,2981,36,pay_in_4,4,122.01,122.01,0,2026-06-09,active
6424,2981,16,pay_in_4,4,1604.58,1604.58,0,2026-01-31,paid_off
6425,2982,44,pay_in_4,4,179.87,179.87,0,2026-01-06,paid_off
6426,2982,21,pay_in_3,3,1000.00,1000.00,0,2025-12-06,paid_off
6427,2982,14,pay_in_4,4,640.02,640.02,0,2025-11-14,paid_off
6428,2984,35,pay_in_3,3,73.43,73.43,0,2026-06-08,active
6429,2984,25,pay_monthly_6,6,971.63,1093.10,2535,2026-05-23,active
6430,2985,22,pay_monthly_6,6,746.80,813.24,1804,2026-05-06,active
6431,2986,32,pay_monthly_12,12,582.80,754.15,2981,2025-12-11,active
6432,2988,7,pay_monthly_6,6,417.55,455.48,1842,2025-10-03,paid_off
6433,2989,52,pay_in_3,3,89.23,89.23,0,2026-01-04,paid_off
6434,2989,51,pay_in_4,4,90.80,90.80,0,2026-05-07,active
6435,2989,20,pay_in_3,3,1167.59,1167.59,0,2026-02-22,paid_off
6436,2989,22,pay_monthly_6,6,1054.34,1148.09,1803,2026-02-03,active
6437,2989,28,pay_monthly_6,6,823.45,904.50,1996,2026-04-07,active
6438,2990,14,pay_in_4,4,676.32,676.32,0,2026-02-14,paid_off
6439,2990,54,pay_in_4,4,256.75,256.75,0,2026-04-17,paid_off
6440,2991,10,pay_in_4,4,404.49,404.49,0,2026-01-19,paid_off
6441,2992,25,pay_in_4,4,1005.27,1005.27,0,2026-02-12,paid_off
6442,2992,5,pay_monthly_12,12,101.78,127.29,2541,2026-03-18,active
6443,2992,5,pay_monthly_6,6,193.35,218.06,2591,2026-04-28,active
6444,2992,52,pay_in_4,4,61.46,61.46,0,2025-09-10,paid_off
6445,2992,4,pay_monthly_6,6,237.97,257.84,1693,2025-06-12,paid_off
6446,2993,15,pay_in_3,3,714.24,714.24,0,2025-08-06,paid_off
6447,2993,42,pay_in_4,4,310.47,310.47,0,2025-10-09,paid_off
6448,2993,53,pay_in_4,4,141.91,141.91,0,2025-08-18,paid_off
6449,2994,33,pay_in_4,4,388.79,388.79,0,2025-09-13,delinquent
6450,2994,15,pay_in_4,4,983.71,983.71,0,2025-09-02,paid_off
6451,2994,15,pay_monthly_12,12,373.90,494.79,3278,2026-02-17,active
6452,2995,29,pay_monthly_6,6,266.29,290.94,1877,2026-03-14,active
6453,2996,7,pay_monthly_6,6,485.51,524.37,1623,2026-04-06,active
6454,2997,47,pay_in_4,4,138.86,138.86,0,2026-06-11,active
6455,2997,11,pay_in_3,3,1805.61,1805.61,0,2026-01-06,paid_off
6456,2997,5,pay_in_4,4,144.71,144.71,0,2026-02-08,paid_off
6457,2997,35,pay_in_3,3,67.38,67.38,0,2026-05-25,active
6458,2998,41,pay_monthly_6,6,273.98,304.72,2275,2026-01-14,defaulted
6459,2998,38,pay_in_3,3,102.91,102.91,0,2025-09-16,delinquent
6460,2998,48,pay_in_3,3,202.85,202.85,0,2026-06-03,active
6461,2999,40,pay_monthly_6,6,154.86,171.39,2164,2026-03-03,defaulted
6462,3000,47,pay_in_3,3,256.62,256.62,0,2026-01-19,paid_off
